nombre,sexo,fecha_nacimiento,fecha_medicion,edad_meses,peso_kg,talla_cm,fecha_nac_exacta,fuente_archivo
Go Dawg,H,2015-02-15,2015-06-15,4,199.0,132.0,True,PESOS POTROS 2015.xlsx
Go Dawg,H,2015-02-15,2015-08-15,6,247.0,135.0,True,PESOS POTROS 2015.xlsx
Go Dawg,H,2015-02-15,2015-09-15,7,248.0,138.0,True,PESOS POTROS 2015.xlsx
Go Dawg,H,2015-02-15,2015-10-15,8,259.0,141.0,True,PESOS POTROS 2015.xlsx
Go Dawg,H,2015-02-15,2015-11-15,9,272.0,142.0,True,PESOS POTROS 2015.xlsx
Go Dawg,H,2015-02-15,2015-12-15,10,287.0,142.0,True,PESOS POTROS 2015.xlsx
Go Dawg,H,2015-02-15,2016-01-15,11,297.0,144.0,True,PESOS POTROS 2015.xlsx
Go Dawg,H,2015-02-15,2016-02-15,12,301.0,146.0,True,PESOS POTROS 2015.xlsx
Go Dawg,H,2015-02-15,2016-03-15,13,322.0,146.0,True,PESOS POTROS 2015.xlsx
Go Dawg,H,2015-02-15,2016-04-15,14,331.0,151.0,True,PESOS POTROS 2015.xlsx
Go Dawg,H,2015-02-15,2016-05-15,15,360.0,152.0,True,PESOS POTROS 2015.xlsx
Go Dawg,H,2015-02-15,2016-06-15,16,388.0,152.0,True,PESOS POTROS 2015.xlsx
Go Dawg,H,2015-02-15,2016-07-15,17,409.0,155.0,True,PESOS POTROS 2015.xlsx
Go Dawg,H,2015-02-15,2016-08-15,18,428.0,155.0,True,PESOS POTROS 2015.xlsx
Go Dawg,H,2015-02-15,2016-09-15,19,435.0,155.0,True,PESOS POTROS 2015.xlsx
Go Dawg,H,2015-02-15,2016-10-15,20,457.0,155.0,True,PESOS POTROS 2015.xlsx
Go Dawg,H,2015-02-15,2016-11-15,21,441.0,154.0,True,PESOS POTROS 2015.xlsx
Go Dawg,H,2015-02-15,2016-12-15,22,450.0,156.0,True,PESOS POTROS 2015.xlsx
Life Again,H,2015-03-12,2015-12-15,9,240.0,140.0,True,PESOS POTROS 2015.xlsx
Life Again,H,2015-03-12,2016-01-15,10,251.0,140.0,True,PESOS POTROS 2015.xlsx
Life Again,H,2015-03-12,2016-02-15,11,258.0,143.0,True,PESOS POTROS 2015.xlsx
Life Again,H,2015-03-12,2016-03-15,12,276.0,143.0,True,PESOS POTROS 2015.xlsx
Life Again,H,2015-03-12,2016-04-15,13,295.0,147.0,True,PESOS POTROS 2015.xlsx
Life Again,H,2015-03-12,2016-05-15,14,325.0,147.0,True,PESOS POTROS 2015.xlsx
Life Again,H,2015-03-12,2016-06-15,15,345.0,148.0,True,PESOS POTROS 2015.xlsx
Life Again,H,2015-03-12,2016-07-15,16,368.0,152.0,True,PESOS POTROS 2015.xlsx
Life Again,H,2015-03-12,2016-08-15,17,384.0,153.0,True,PESOS POTROS 2015.xlsx
Life Again,H,2015-03-12,2016-09-15,18,398.0,153.0,True,PESOS POTROS 2015.xlsx
Life Again,H,2015-03-12,2016-10-15,19,403.0,154.0,True,PESOS POTROS 2015.xlsx
Life Again,H,2015-03-12,2016-11-15,20,403.0,157.0,True,PESOS POTROS 2015.xlsx
Life Again,H,2015-03-12,2016-12-15,21,410.0,157.0,True,PESOS POTROS 2015.xlsx
Mystic Whirl,H,2015-04-17,2015-06-15,2,120.0,121.0,True,PESOS POTROS 2015.xlsx
Mystic Whirl,H,2015-04-17,2015-08-15,4,165.0,128.0,True,PESOS POTROS 2015.xlsx
Mystic Whirl,H,2015-04-17,2015-09-15,5,198.0,128.0,True,PESOS POTROS 2015.xlsx
Mystic Whirl,H,2015-04-17,2015-10-15,6,220.0,134.0,True,PESOS POTROS 2015.xlsx
Mystic Whirl,H,2015-04-17,2015-11-15,7,229.0,135.0,True,PESOS POTROS 2015.xlsx
Mystic Whirl,H,2015-04-17,2015-12-15,8,239.0,136.0,True,PESOS POTROS 2015.xlsx
Mystic Whirl,H,2015-04-17,2016-01-15,9,246.0,137.0,True,PESOS POTROS 2015.xlsx
Mystic Whirl,H,2015-04-17,2016-02-15,10,260.0,142.0,True,PESOS POTROS 2015.xlsx
Mystic Whirl,H,2015-04-17,2016-03-15,11,292.0,142.0,True,PESOS POTROS 2015.xlsx
Mystic Whirl,H,2015-04-17,2016-04-15,12,302.0,145.0,True,PESOS POTROS 2015.xlsx
Mystic Whirl,H,2015-04-17,2016-05-15,13,316.0,146.0,True,PESOS POTROS 2015.xlsx
Mystic Whirl,H,2015-04-17,2016-06-15,14,344.0,147.0,True,PESOS POTROS 2015.xlsx
Mystic Whirl,H,2015-04-17,2016-07-15,15,360.0,152.0,True,PESOS POTROS 2015.xlsx
Mystic Whirl,H,2015-04-17,2016-08-15,16,378.0,152.0,True,PESOS POTROS 2015.xlsx
Mystic Whirl,H,2015-04-17,2016-09-15,17,395.0,152.0,True,PESOS POTROS 2015.xlsx
Mystic Whirl,H,2015-04-17,2016-10-15,18,405.0,153.0,True,PESOS POTROS 2015.xlsx
Mystic Whirl,H,2015-04-17,2016-11-15,19,399.0,153.0,True,PESOS POTROS 2015.xlsx
Mystic Whirl,H,2015-04-17,2016-12-15,20,404.0,153.0,True,PESOS POTROS 2015.xlsx
New Idea,H,2015-04-05,2015-06-15,2,151.0,120.0,True,PESOS POTROS 2015.xlsx
New Idea,H,2015-04-05,2015-08-15,4,211.0,128.0,True,PESOS POTROS 2015.xlsx
New Idea,H,2015-04-05,2015-09-15,5,245.0,129.0,True,PESOS POTROS 2015.xlsx
New Idea,H,2015-04-05,2015-10-15,6,245.0,134.0,True,PESOS POTROS 2015.xlsx
New Idea,H,2015-04-05,2015-11-15,7,267.0,135.0,True,PESOS POTROS 2015.xlsx
New Idea,H,2015-04-05,2015-12-15,8,278.0,135.0,True,PESOS POTROS 2015.xlsx
New Idea,H,2015-04-05,2016-01-15,9,282.0,136.0,True,PESOS POTROS 2015.xlsx
New Idea,H,2015-04-05,2016-02-15,10,294.0,141.0,True,PESOS POTROS 2015.xlsx
New Idea,H,2015-04-05,2016-03-15,11,320.0,141.0,True,PESOS POTROS 2015.xlsx
New Idea,H,2015-04-05,2016-04-15,12,345.0,143.0,True,PESOS POTROS 2015.xlsx
New Idea,H,2015-04-05,2016-05-15,13,367.0,144.0,True,PESOS POTROS 2015.xlsx
New Idea,H,2015-04-05,2016-06-15,14,398.0,146.0,True,PESOS POTROS 2015.xlsx
New Idea,H,2015-04-05,2016-07-15,15,422.0,149.0,True,PESOS POTROS 2015.xlsx
New Idea,H,2015-04-05,2016-08-15,16,451.0,151.0,True,PESOS POTROS 2015.xlsx
New Idea,H,2015-04-05,2016-09-15,17,474.0,151.0,True,PESOS POTROS 2015.xlsx
New Idea,H,2015-04-05,2016-10-15,18,482.0,152.0,True,PESOS POTROS 2015.xlsx
New Idea,H,2015-04-05,2016-11-15,19,470.0,152.0,True,PESOS POTROS 2015.xlsx
New Idea,H,2015-04-05,2016-12-15,20,481.0,152.0,True,PESOS POTROS 2015.xlsx
Quality Baby,H,2015-05-03,2015-06-15,1,109.0,119.0,True,PESOS POTROS 2015.xlsx
Quality Baby,H,2015-05-03,2015-08-15,3,166.0,126.0,True,PESOS POTROS 2015.xlsx
Quality Baby,H,2015-05-03,2015-09-15,4,205.0,130.0,True,PESOS POTROS 2015.xlsx
Quality Baby,H,2015-05-03,2015-10-15,5,236.0,135.0,True,PESOS POTROS 2015.xlsx
Quality Baby,H,2015-05-03,2015-11-15,6,242.0,136.0,True,PESOS POTROS 2015.xlsx
Quality Baby,H,2015-05-03,2015-12-15,7,257.0,137.0,True,PESOS POTROS 2015.xlsx
Quality Baby,H,2015-05-03,2016-01-15,8,263.0,139.0,True,PESOS POTROS 2015.xlsx
Quality Baby,H,2015-05-03,2016-02-15,9,271.0,143.0,True,PESOS POTROS 2015.xlsx
Quality Baby,H,2015-05-03,2016-03-15,10,303.0,143.0,True,PESOS POTROS 2015.xlsx
Quality Baby,H,2015-05-03,2016-04-15,11,317.0,144.0,True,PESOS POTROS 2015.xlsx
Quality Baby,H,2015-05-03,2016-05-15,12,328.0,146.0,True,PESOS POTROS 2015.xlsx
Quality Baby,H,2015-05-03,2016-06-15,13,368.0,147.0,True,PESOS POTROS 2015.xlsx
Quality Baby,H,2015-05-03,2016-07-15,14,392.0,153.0,True,PESOS POTROS 2015.xlsx
Quality Baby,H,2015-05-03,2016-08-15,15,421.0,153.0,True,PESOS POTROS 2015.xlsx
Quality Baby,H,2015-05-03,2016-09-15,16,428.0,153.0,True,PESOS POTROS 2015.xlsx
Quality Baby,H,2015-05-03,2016-10-15,17,434.0,154.0,True,PESOS POTROS 2015.xlsx
Quality Baby,H,2015-05-03,2016-11-15,18,424.0,155.0,True,PESOS POTROS 2015.xlsx
Quality Baby,H,2015-05-03,2016-12-15,19,434.0,155.0,True,PESOS POTROS 2015.xlsx
Up Town Lady,H,2015-01-20,2015-05-15,4,191.0,126.0,True,PESOS POTROS 2015.xlsx
Up Town Lady,H,2015-01-20,2015-06-15,5,223.0,133.0,True,PESOS POTROS 2015.xlsx
Up Town Lady,H,2015-01-20,2015-08-15,7,238.0,136.0,True,PESOS POTROS 2015.xlsx
Up Town Lady,H,2015-01-20,2015-09-15,8,259.0,136.0,True,PESOS POTROS 2015.xlsx
Up Town Lady,H,2015-01-20,2015-10-15,9,272.0,139.0,True,PESOS POTROS 2015.xlsx
Up Town Lady,H,2015-01-20,2015-11-15,10,281.0,141.0,True,PESOS POTROS 2015.xlsx
Up Town Lady,H,2015-01-20,2015-12-15,11,294.0,141.0,True,PESOS POTROS 2015.xlsx
Up Town Lady,H,2015-01-20,2016-01-15,12,296.0,143.0,True,PESOS POTROS 2015.xlsx
Up Town Lady,H,2015-01-20,2016-02-15,13,308.0,145.0,True,PESOS POTROS 2015.xlsx
Up Town Lady,H,2015-01-20,2016-03-15,14,328.0,146.0,True,PESOS POTROS 2015.xlsx
Up Town Lady,H,2015-01-20,2016-04-15,15,354.0,148.0,True,PESOS POTROS 2015.xlsx
Up Town Lady,H,2015-01-20,2016-05-15,16,361.0,150.0,True,PESOS POTROS 2015.xlsx
Up Town Lady,H,2015-01-20,2016-06-15,17,401.0,151.0,True,PESOS POTROS 2015.xlsx
Up Town Lady,H,2015-01-20,2016-07-15,18,430.0,154.0,True,PESOS POTROS 2015.xlsx
Up Town Lady,H,2015-01-20,2016-08-15,19,446.0,154.0,True,PESOS POTROS 2015.xlsx
Up Town Lady,H,2015-01-20,2016-09-15,20,460.0,155.0,True,PESOS POTROS 2015.xlsx
Up Town Lady,H,2015-01-20,2016-10-15,21,469.0,155.0,True,PESOS POTROS 2015.xlsx
Up Town Lady,H,2015-01-20,2016-11-15,22,460.0,157.0,True,PESOS POTROS 2015.xlsx
Up Town Lady,H,2015-01-20,2016-12-15,23,473.0,157.0,True,PESOS POTROS 2015.xlsx
Wendy,H,2015-02-23,2015-06-15,4,191.0,131.0,True,PESOS POTROS 2015.xlsx
Wendy,H,2015-02-23,2015-08-15,6,242.0,135.0,True,PESOS POTROS 2015.xlsx
Wendy,H,2015-02-23,2015-09-15,7,246.0,136.0,True,PESOS POTROS 2015.xlsx
Wendy,H,2015-02-23,2015-10-15,8,266.0,139.0,True,PESOS POTROS 2015.xlsx
Wendy,H,2015-02-23,2015-11-15,9,280.0,140.0,True,PESOS POTROS 2015.xlsx
Wendy,H,2015-02-23,2015-12-15,10,294.0,140.0,True,PESOS POTROS 2015.xlsx
Wendy,H,2015-02-23,2016-01-15,11,299.0,141.0,True,PESOS POTROS 2015.xlsx
Wendy,H,2015-02-23,2016-02-15,12,299.0,145.0,True,PESOS POTROS 2015.xlsx
Wendy,H,2015-02-23,2016-03-15,13,320.0,145.0,True,PESOS POTROS 2015.xlsx
Wendy,H,2015-02-23,2016-04-15,14,336.0,148.0,True,PESOS POTROS 2015.xlsx
Wendy,H,2015-02-23,2016-05-15,15,381.0,150.0,True,PESOS POTROS 2015.xlsx
Wendy,H,2015-02-23,2016-06-15,16,390.0,151.0,True,PESOS POTROS 2015.xlsx
Wendy,H,2015-02-23,2016-07-15,17,412.0,155.0,True,PESOS POTROS 2015.xlsx
Wendy,H,2015-02-23,2016-08-15,18,422.0,155.0,True,PESOS POTROS 2015.xlsx
Wendy,H,2015-02-23,2016-09-15,19,445.0,155.0,True,PESOS POTROS 2015.xlsx
Wendy,H,2015-02-23,2016-10-15,20,462.0,155.0,True,PESOS POTROS 2015.xlsx
Wendy,H,2015-02-23,2016-11-15,21,445.0,155.0,True,PESOS POTROS 2015.xlsx
Wendy,H,2015-02-23,2016-12-15,22,440.0,155.0,True,PESOS POTROS 2015.xlsx
Wonder Baby,H,2015-03-20,2015-06-15,3,144.0,120.0,True,PESOS POTROS 2015.xlsx
Wonder Baby,H,2015-03-20,2015-08-15,5,190.0,127.0,True,PESOS POTROS 2015.xlsx
Wonder Baby,H,2015-03-20,2015-09-15,6,235.0,132.0,True,PESOS POTROS 2015.xlsx
Wonder Baby,H,2015-03-20,2015-10-15,7,242.0,135.0,True,PESOS POTROS 2015.xlsx
Wonder Baby,H,2015-03-20,2015-11-15,8,271.0,136.0,True,PESOS POTROS 2015.xlsx
Wonder Baby,H,2015-03-20,2015-12-15,9,283.0,137.0,True,PESOS POTROS 2015.xlsx
Wonder Baby,H,2015-03-20,2016-01-15,10,283.0,138.0,True,PESOS POTROS 2015.xlsx
Wonder Baby,H,2015-03-20,2016-02-15,11,297.0,141.0,True,PESOS POTROS 2015.xlsx
Wonder Baby,H,2015-03-20,2016-03-15,12,325.0,143.0,True,PESOS POTROS 2015.xlsx
Wonder Baby,H,2015-03-20,2016-04-15,13,351.0,145.0,True,PESOS POTROS 2015.xlsx
Wonder Baby,H,2015-03-20,2016-05-15,14,367.0,147.0,True,PESOS POTROS 2015.xlsx
Wonder Baby,H,2015-03-20,2016-06-15,15,392.0,147.0,True,PESOS POTROS 2015.xlsx
Wonder Baby,H,2015-03-20,2016-07-15,16,411.0,151.0,True,PESOS POTROS 2015.xlsx
Wonder Baby,H,2015-03-20,2016-08-15,17,438.0,152.0,True,PESOS POTROS 2015.xlsx
Wonder Baby,H,2015-03-20,2016-09-15,18,445.0,153.0,True,PESOS POTROS 2015.xlsx
Wonder Baby,H,2015-03-20,2016-10-15,19,460.0,154.0,True,PESOS POTROS 2015.xlsx
Wonder Baby,H,2015-03-20,2016-11-15,20,459.0,154.0,True,PESOS POTROS 2015.xlsx
Wonder Baby,H,2015-03-20,2016-12-15,21,464.0,155.0,True,PESOS POTROS 2015.xlsx
Xanadu,H,2015-01-15,2015-05-15,4,165.0,119.0,True,PESOS POTROS 2015.xlsx
Xanadu,H,2015-01-15,2015-06-15,5,208.0,127.0,True,PESOS POTROS 2015.xlsx
Xanadu,H,2015-01-15,2015-08-15,7,225.0,128.0,True,PESOS POTROS 2015.xlsx
Xanadu,H,2015-01-15,2015-09-15,8,238.0,129.0,True,PESOS POTROS 2015.xlsx
Xanadu,H,2015-01-15,2015-10-15,9,246.0,133.0,True,PESOS POTROS 2015.xlsx
Xanadu,H,2015-01-15,2015-11-15,10,262.0,134.0,True,PESOS POTROS 2015.xlsx
Xanadu,H,2015-01-15,2015-12-15,11,271.0,134.0,True,PESOS POTROS 2015.xlsx
Xanadu,H,2015-01-15,2016-01-15,12,281.0,136.0,True,PESOS POTROS 2015.xlsx
Xanadu,H,2015-01-15,2016-02-15,13,290.0,139.0,True,PESOS POTROS 2015.xlsx
Xanadu,H,2015-01-15,2016-03-15,14,316.0,139.0,True,PESOS POTROS 2015.xlsx
Xanadu,H,2015-01-15,2016-04-15,15,331.0,141.0,True,PESOS POTROS 2015.xlsx
Xanadu,H,2015-01-15,2016-05-15,16,359.0,145.0,True,PESOS POTROS 2015.xlsx
Xanadu,H,2015-01-15,2016-06-15,17,375.0,145.0,True,PESOS POTROS 2015.xlsx
Xanadu,H,2015-01-15,2016-07-15,18,397.0,146.0,True,PESOS POTROS 2015.xlsx
Xanadu,H,2015-01-15,2016-08-15,19,415.0,148.0,True,PESOS POTROS 2015.xlsx
Xanadu,H,2015-01-15,2016-09-15,20,420.0,148.0,True,PESOS POTROS 2015.xlsx
Xanadu,H,2015-01-15,2016-10-15,21,432.0,147.0,True,PESOS POTROS 2015.xlsx
Xanadu,H,2015-01-15,2016-11-15,22,424.0,149.0,True,PESOS POTROS 2015.xlsx
Xanadu,H,2015-01-15,2016-12-15,23,437.0,149.0,True,PESOS POTROS 2015.xlsx
Xibelita,H,2015-04-04,2015-06-15,2,144.0,122.0,True,PESOS POTROS 2015.xlsx
Xibelita,H,2015-04-04,2015-08-15,4,219.0,131.0,True,PESOS POTROS 2015.xlsx
Xibelita,H,2015-04-04,2015-09-15,5,253.0,134.0,True,PESOS POTROS 2015.xlsx
Xibelita,H,2015-04-04,2015-10-15,6,253.0,138.0,True,PESOS POTROS 2015.xlsx
Xibelita,H,2015-04-04,2015-11-15,7,276.0,139.0,True,PESOS POTROS 2015.xlsx
Xibelita,H,2015-04-04,2015-12-15,8,289.0,140.0,True,PESOS POTROS 2015.xlsx
Xibelita,H,2015-04-04,2016-01-15,9,289.0,140.0,True,PESOS POTROS 2015.xlsx
Xibelita,H,2015-04-04,2016-02-15,10,305.0,144.0,True,PESOS POTROS 2015.xlsx
Xibelita,H,2015-04-04,2016-03-15,11,348.0,145.0,True,PESOS POTROS 2015.xlsx
Xibelita,H,2015-04-04,2016-04-15,12,359.0,148.0,True,PESOS POTROS 2015.xlsx
Xibelita,H,2015-04-04,2016-05-15,13,389.0,149.0,True,PESOS POTROS 2015.xlsx
Xibelita,H,2015-04-04,2016-06-15,14,418.0,150.0,True,PESOS POTROS 2015.xlsx
Xibelita,H,2015-04-04,2016-07-15,15,443.0,154.0,True,PESOS POTROS 2015.xlsx
Xibelita,H,2015-04-04,2016-08-15,16,458.0,154.0,True,PESOS POTROS 2015.xlsx
Xibelita,H,2015-04-04,2016-09-15,17,456.0,154.0,True,PESOS POTROS 2015.xlsx
Xibelita,H,2015-04-04,2016-10-15,18,487.0,155.0,True,PESOS POTROS 2015.xlsx
Xibelita,H,2015-04-04,2016-11-15,19,466.0,156.0,True,PESOS POTROS 2015.xlsx
Xibelita,H,2015-04-04,2016-12-15,20,477.0,157.0,True,PESOS POTROS 2015.xlsx
Xisca,H,2015-01-02,2015-05-15,4,203.0,126.0,True,PESOS POTROS 2015.xlsx
Xisca,H,2015-01-02,2015-06-15,5,240.0,134.0,True,PESOS POTROS 2015.xlsx
Xisca,H,2015-01-02,2015-08-15,7,262.0,136.0,True,PESOS POTROS 2015.xlsx
Xisca,H,2015-01-02,2015-09-15,8,276.0,137.0,True,PESOS POTROS 2015.xlsx
Xisca,H,2015-01-02,2015-10-15,9,291.0,139.0,True,PESOS POTROS 2015.xlsx
Xisca,H,2015-01-02,2015-11-15,10,311.0,140.0,True,PESOS POTROS 2015.xlsx
Xisca,H,2015-01-02,2015-12-15,11,322.0,140.0,True,PESOS POTROS 2015.xlsx
Xisca,H,2015-01-02,2016-01-15,12,325.0,143.0,True,PESOS POTROS 2015.xlsx
Xisca,H,2015-01-02,2016-02-15,13,337.0,145.0,True,PESOS POTROS 2015.xlsx
Xisca,H,2015-01-02,2016-03-15,14,357.0,145.0,True,PESOS POTROS 2015.xlsx
Xisca,H,2015-01-02,2016-04-15,15,375.0,148.0,True,PESOS POTROS 2015.xlsx
Xisca,H,2015-01-02,2016-05-15,16,400.0,148.0,True,PESOS POTROS 2015.xlsx
Xisca,H,2015-01-02,2016-06-15,17,420.0,149.0,True,PESOS POTROS 2015.xlsx
Xisca,H,2015-01-02,2016-07-15,18,445.0,153.0,True,PESOS POTROS 2015.xlsx
Xisca,H,2015-01-02,2016-08-15,19,474.0,153.0,True,PESOS POTROS 2015.xlsx
Xisca,H,2015-01-02,2016-09-15,20,475.0,153.0,True,PESOS POTROS 2015.xlsx
Xisca,H,2015-01-02,2016-10-15,21,495.0,154.0,True,PESOS POTROS 2015.xlsx
Xisca,H,2015-01-02,2016-11-15,22,490.0,156.0,True,PESOS POTROS 2015.xlsx
Xisca,H,2015-01-02,2016-12-15,23,498.0,156.0,True,PESOS POTROS 2015.xlsx
Yaba Daba Du,H,2015-02-28,2015-06-15,4,156.0,120.0,True,PESOS POTROS 2015.xlsx
Yaba Daba Du,H,2015-02-28,2015-08-15,6,206.0,128.0,True,PESOS POTROS 2015.xlsx
Yaba Daba Du,H,2015-02-28,2015-09-15,7,209.0,130.0,True,PESOS POTROS 2015.xlsx
Yaba Daba Du,H,2015-02-28,2015-10-15,8,227.0,134.0,True,PESOS POTROS 2015.xlsx
Yaba Daba Du,H,2015-02-28,2015-11-15,9,238.0,134.0,True,PESOS POTROS 2015.xlsx
Yaba Daba Du,H,2015-02-28,2015-12-15,10,261.0,134.0,True,PESOS POTROS 2015.xlsx
Yaba Daba Du,H,2015-02-28,2016-01-15,11,267.0,136.0,True,PESOS POTROS 2015.xlsx
Yaba Daba Du,H,2015-02-28,2016-02-15,12,264.0,139.0,True,PESOS POTROS 2015.xlsx
Yaba Daba Du,H,2015-02-28,2016-03-15,13,299.0,141.0,True,PESOS POTROS 2015.xlsx
Yaba Daba Du,H,2015-02-28,2016-04-15,14,316.0,142.0,True,PESOS POTROS 2015.xlsx
Yaba Daba Du,H,2015-02-28,2016-05-15,15,340.0,145.0,True,PESOS POTROS 2015.xlsx
Yaba Daba Du,H,2015-02-28,2016-06-15,16,366.0,146.0,True,PESOS POTROS 2015.xlsx
Yaba Daba Du,H,2015-02-28,2016-07-15,17,393.0,148.0,True,PESOS POTROS 2015.xlsx
Yaba Daba Du,H,2015-02-28,2016-08-15,18,408.0,150.0,True,PESOS POTROS 2015.xlsx
Yaba Daba Du,H,2015-02-28,2016-09-15,19,423.0,150.0,True,PESOS POTROS 2015.xlsx
Yaba Daba Du,H,2015-02-28,2016-10-15,20,425.0,150.0,True,PESOS POTROS 2015.xlsx
Yaba Daba Du,H,2015-02-28,2016-11-15,21,423.0,152.0,True,PESOS POTROS 2015.xlsx
Yaba Daba Du,H,2015-02-28,2016-12-15,22,428.0,152.0,True,PESOS POTROS 2015.xlsx
Laurzi,M,2015-03-29,2015-12-15,9,225.0,138.0,True,PESOS POTROS 2015.xlsx
Laurzi,M,2015-03-29,2016-01-15,10,235.0,138.0,True,PESOS POTROS 2015.xlsx
Laurzi,M,2015-03-29,2016-02-15,11,247.0,143.0,True,PESOS POTROS 2015.xlsx
Laurzi,M,2015-03-29,2016-04-15,13,298.0,147.0,True,PESOS POTROS 2015.xlsx
Laurzi,M,2015-03-29,2016-05-15,14,318.0,150.0,True,PESOS POTROS 2015.xlsx
Laurzi,M,2015-03-29,2016-06-15,15,336.0,148.0,True,PESOS POTROS 2015.xlsx
Laurzi,M,2015-03-29,2016-07-15,16,351.0,152.0,True,PESOS POTROS 2015.xlsx
Laurzi,M,2015-03-29,2016-08-15,17,368.0,154.0,True,PESOS POTROS 2015.xlsx
Laurzi,M,2015-03-29,2016-09-15,18,383.0,155.0,True,PESOS POTROS 2015.xlsx
Laurzi,M,2015-03-29,2016-10-15,19,403.0,156.0,True,PESOS POTROS 2015.xlsx
Laurzi,M,2015-03-29,2016-11-15,20,400.0,157.0,True,PESOS POTROS 2015.xlsx
Laurzi,M,2015-03-29,2016-12-15,21,419.0,158.0,True,PESOS POTROS 2015.xlsx
Urban Legend,M,2015-01-15,2015-05-15,4,214.0,128.0,True,PESOS POTROS 2015.xlsx
Urban Legend,M,2015-01-15,2015-06-15,5,263.0,137.0,True,PESOS POTROS 2015.xlsx
Urban Legend,M,2015-01-15,2015-08-15,7,276.0,138.0,True,PESOS POTROS 2015.xlsx
Urban Legend,M,2015-01-15,2015-09-15,8,295.0,140.0,True,PESOS POTROS 2015.xlsx
Urban Legend,M,2015-01-15,2015-10-15,9,305.0,142.0,True,PESOS POTROS 2015.xlsx
Urban Legend,M,2015-01-15,2015-11-15,10,322.0,144.0,True,PESOS POTROS 2015.xlsx
Urban Legend,M,2015-01-15,2015-12-15,11,327.0,144.0,True,PESOS POTROS 2015.xlsx
Urban Legend,M,2015-01-15,2016-01-15,12,346.0,145.0,True,PESOS POTROS 2015.xlsx
Urban Legend,M,2015-01-15,2016-02-15,13,358.0,148.0,True,PESOS POTROS 2015.xlsx
Urban Legend,M,2015-01-15,2016-03-15,14,380.0,150.0,True,PESOS POTROS 2015.xlsx
Urban Legend,M,2015-01-15,2016-04-15,15,411.0,152.0,True,PESOS POTROS 2015.xlsx
Urban Legend,M,2015-01-15,2016-05-15,16,411.0,153.0,True,PESOS POTROS 2015.xlsx
Urban Legend,M,2015-01-15,2016-06-15,17,452.0,154.0,True,PESOS POTROS 2015.xlsx
Urban Legend,M,2015-01-15,2016-07-15,18,477.0,155.0,True,PESOS POTROS 2015.xlsx
Urban Legend,M,2015-01-15,2016-08-15,19,500.0,156.0,True,PESOS POTROS 2015.xlsx
Urban Legend,M,2015-01-15,2016-09-15,20,513.0,157.0,True,PESOS POTROS 2015.xlsx
Urban Legend,M,2015-01-15,2016-10-15,21,538.0,158.0,True,PESOS POTROS 2015.xlsx
Urban Legend,M,2015-01-15,2016-11-15,22,530.0,158.0,True,PESOS POTROS 2015.xlsx
Urban Legend,M,2015-01-15,2016-12-15,23,541.0,160.0,True,PESOS POTROS 2015.xlsx
Wild Cherry,M,2015-02-25,2015-06-15,4,187.0,129.0,True,PESOS POTROS 2015.xlsx
Wild Cherry,M,2015-02-25,2015-08-15,6,239.0,135.0,True,PESOS POTROS 2015.xlsx
Wild Cherry,M,2015-02-25,2015-09-15,7,245.0,136.0,True,PESOS POTROS 2015.xlsx
Wild Cherry,M,2015-02-25,2015-10-15,8,258.0,139.0,True,PESOS POTROS 2015.xlsx
Wild Cherry,M,2015-02-25,2015-11-15,9,275.0,139.0,True,PESOS POTROS 2015.xlsx
Wild Cherry,M,2015-02-25,2015-12-15,10,285.0,139.0,True,PESOS POTROS 2015.xlsx
Wild Cherry,M,2015-02-25,2016-01-15,11,300.0,141.0,True,PESOS POTROS 2015.xlsx
Wild Cherry,M,2015-02-25,2016-02-15,12,312.0,145.0,True,PESOS POTROS 2015.xlsx
Wild Cherry,M,2015-02-25,2016-03-15,13,337.0,145.0,True,PESOS POTROS 2015.xlsx
Wild Cherry,M,2015-02-25,2016-04-15,14,344.0,148.0,True,PESOS POTROS 2015.xlsx
Wild Cherry,M,2015-02-25,2016-05-15,15,365.0,148.0,True,PESOS POTROS 2015.xlsx
Wild Cherry,M,2015-02-25,2016-06-15,16,391.0,149.0,True,PESOS POTROS 2015.xlsx
Wild Cherry,M,2015-02-25,2016-07-15,17,417.0,154.0,True,PESOS POTROS 2015.xlsx
Wild Cherry,M,2015-02-25,2016-08-15,18,444.0,155.0,True,PESOS POTROS 2015.xlsx
Wild Cherry,M,2015-02-25,2016-09-15,19,459.0,155.0,True,PESOS POTROS 2015.xlsx
Wild Cherry,M,2015-02-25,2016-10-15,20,466.0,155.0,True,PESOS POTROS 2015.xlsx
Wild Cherry,M,2015-02-25,2016-11-15,21,470.0,155.0,True,PESOS POTROS 2015.xlsx
Wild Cherry,M,2015-02-25,2016-12-15,22,470.0,155.0,True,PESOS POTROS 2015.xlsx
Winds,M,2015-01-21,2015-05-15,4,196.0,130.0,True,PESOS POTROS 2015.xlsx
Winds,M,2015-01-21,2015-06-15,5,238.0,141.0,True,PESOS POTROS 2015.xlsx
Winds,M,2015-01-21,2015-08-15,7,258.0,141.0,True,PESOS POTROS 2015.xlsx
Winds,M,2015-01-21,2015-09-15,8,283.0,142.0,True,PESOS POTROS 2015.xlsx
Winds,M,2015-01-21,2015-10-15,9,293.0,143.0,True,PESOS POTROS 2015.xlsx
Winds,M,2015-01-21,2015-11-15,10,313.0,144.0,True,PESOS POTROS 2015.xlsx
Winds,M,2015-01-21,2015-12-15,11,316.0,144.0,True,PESOS POTROS 2015.xlsx
Winds,M,2015-01-21,2016-01-15,12,327.0,146.0,True,PESOS POTROS 2015.xlsx
Winds,M,2015-01-21,2016-02-15,13,340.0,149.0,True,PESOS POTROS 2015.xlsx
Winds,M,2015-01-21,2016-03-15,14,367.0,151.0,True,PESOS POTROS 2015.xlsx
Winds,M,2015-01-21,2016-04-15,15,379.0,153.0,True,PESOS POTROS 2015.xlsx
Winds,M,2015-01-21,2016-05-15,16,398.0,155.0,True,PESOS POTROS 2015.xlsx
Winds,M,2015-01-21,2016-06-15,17,428.0,157.0,True,PESOS POTROS 2015.xlsx
Winds,M,2015-01-21,2016-07-15,18,444.0,160.0,True,PESOS POTROS 2015.xlsx
Winds,M,2015-01-21,2016-08-15,19,464.0,160.0,True,PESOS POTROS 2015.xlsx
Winds,M,2015-01-21,2016-09-15,20,478.0,160.0,True,PESOS POTROS 2015.xlsx
Winds,M,2015-01-21,2016-10-15,21,491.0,160.0,True,PESOS POTROS 2015.xlsx
Winds,M,2015-01-21,2016-11-15,22,491.0,161.0,True,PESOS POTROS 2015.xlsx
Winds,M,2015-01-21,2016-12-15,23,517.0,162.0,True,PESOS POTROS 2015.xlsx
Zambuka,M,2015-03-10,2015-06-15,3,165.0,123.0,True,PESOS POTROS 2015.xlsx
Zambuka,M,2015-03-10,2015-08-15,5,220.0,128.0,True,PESOS POTROS 2015.xlsx
Zambuka,M,2015-03-10,2015-09-15,6,224.0,128.0,True,PESOS POTROS 2015.xlsx
Zambuka,M,2015-03-10,2015-10-15,7,248.0,132.0,True,PESOS POTROS 2015.xlsx
Zambuka,M,2015-03-10,2015-11-15,8,268.0,133.0,True,PESOS POTROS 2015.xlsx
Zambuka,M,2015-03-10,2015-12-15,9,278.0,133.0,True,PESOS POTROS 2015.xlsx
Zambuka,M,2015-03-10,2016-01-15,10,288.0,135.0,True,PESOS POTROS 2015.xlsx
Zambuka,M,2015-03-10,2016-02-15,11,303.0,138.0,True,PESOS POTROS 2015.xlsx
Zambuka,M,2015-03-10,2016-03-15,12,319.0,139.0,True,PESOS POTROS 2015.xlsx
Zambuka,M,2015-03-10,2016-04-15,13,327.0,140.0,True,PESOS POTROS 2015.xlsx
Zambuka,M,2015-03-10,2016-05-15,14,346.0,144.0,True,PESOS POTROS 2015.xlsx
Zambuka,M,2015-03-10,2016-06-15,15,358.0,144.0,True,PESOS POTROS 2015.xlsx
Zambuka,M,2015-03-10,2016-07-15,16,374.0,146.0,True,PESOS POTROS 2015.xlsx
Zambuka,M,2015-03-10,2016-08-15,17,399.0,148.0,True,PESOS POTROS 2015.xlsx
Zambuka,M,2015-03-10,2016-09-15,18,414.0,148.0,True,PESOS POTROS 2015.xlsx
Zambuka,M,2015-03-10,2016-10-15,19,434.0,148.0,True,PESOS POTROS 2015.xlsx
Zambuka,M,2015-03-10,2016-11-15,20,429.0,148.0,True,PESOS POTROS 2015.xlsx
Zambuka,M,2015-03-10,2016-12-15,21,436.0,150.0,True,PESOS POTROS 2015.xlsx
Zonata,M,2015-03-12,2015-06-15,3,170.0,125.0,True,PESOS POTROS 2015.xlsx
Zonata,M,2015-03-12,2015-08-15,5,225.0,133.0,True,PESOS POTROS 2015.xlsx
Zonata,M,2015-03-12,2015-09-15,6,235.0,133.0,True,PESOS POTROS 2015.xlsx
Zonata,M,2015-03-12,2015-10-15,7,243.0,134.0,True,PESOS POTROS 2015.xlsx
Zonata,M,2015-03-12,2015-11-15,8,262.0,137.0,True,PESOS POTROS 2015.xlsx
Zonata,M,2015-03-12,2015-12-15,9,272.0,137.0,True,PESOS POTROS 2015.xlsx
Zonata,M,2015-03-12,2016-01-15,10,287.0,138.0,True,PESOS POTROS 2015.xlsx
Zonata,M,2015-03-12,2016-02-15,11,301.0,141.0,True,PESOS POTROS 2015.xlsx
Zonata,M,2015-03-12,2016-03-15,12,326.0,143.0,True,PESOS POTROS 2015.xlsx
Zonata,M,2015-03-12,2016-04-15,13,340.0,146.0,True,PESOS POTROS 2015.xlsx
Zonata,M,2015-03-12,2016-05-15,14,348.0,147.0,True,PESOS POTROS 2015.xlsx
Zonata,M,2015-03-12,2016-06-15,15,381.0,149.0,True,PESOS POTROS 2015.xlsx
Zonata,M,2015-03-12,2016-07-15,16,405.0,151.0,True,PESOS POTROS 2015.xlsx
Zonata,M,2015-03-12,2016-08-15,17,417.0,152.0,True,PESOS POTROS 2015.xlsx
Zonata,M,2015-03-12,2016-09-15,18,428.0,152.0,True,PESOS POTROS 2015.xlsx
Zonata,M,2015-03-12,2016-10-15,19,456.0,153.0,True,PESOS POTROS 2015.xlsx
Zonata,M,2015-03-12,2016-11-15,20,463.0,153.0,True,PESOS POTROS 2015.xlsx
Zonata,M,2015-03-12,2016-12-15,21,470.0,155.0,True,PESOS POTROS 2015.xlsx
Chimmytown,H,2016-02-01,2016-02-01,0,51.0,,True,PESOS POTROS 2016.xlsx
Chimmytown,H,2016-02-01,2016-03-15,1,116.0,115.0,True,PESOS POTROS 2016.xlsx
Chimmytown,H,2016-02-01,2016-04-15,2,145.0,121.0,True,PESOS POTROS 2016.xlsx
Chimmytown,H,2016-02-01,2016-05-15,3,156.0,122.0,True,PESOS POTROS 2016.xlsx
Chimmytown,H,2016-02-01,2016-06-15,4,197.0,129.0,True,PESOS POTROS 2016.xlsx
Chimmytown,H,2016-02-01,2016-07-15,5,234.0,130.0,True,PESOS POTROS 2016.xlsx
Chimmytown,H,2016-02-01,2016-08-15,6,234.0,130.0,True,PESOS POTROS 2016.xlsx
Chimmytown,H,2016-02-01,2016-09-15,7,246.0,131.0,True,PESOS POTROS 2016.xlsx
Chimmytown,H,2016-02-01,2016-10-15,8,268.0,133.0,True,PESOS POTROS 2016.xlsx
Chimmytown,H,2016-02-01,2016-11-15,9,285.0,136.0,True,PESOS POTROS 2016.xlsx
Chimmytown,H,2016-02-01,2016-12-15,10,289.0,136.0,True,PESOS POTROS 2016.xlsx
Chimmytown,H,2016-02-01,2017-01-15,11,297.0,140.0,True,PESOS POTROS 2016.xlsx
Chimmytown,H,2016-02-01,2017-02-15,12,309.0,141.0,True,PESOS POTROS 2016.xlsx
Chimmytown,H,2016-02-01,2017-03-15,13,326.0,142.0,True,PESOS POTROS 2016.xlsx
Chimmytown,H,2016-02-01,2017-04-15,14,341.0,143.0,True,PESOS POTROS 2016.xlsx
Chimmytown,H,2016-02-01,2017-05-15,15,341.0,144.0,True,PESOS POTROS 2016.xlsx
Chimmytown,H,2016-02-01,2017-06-15,16,380.0,146.0,True,PESOS POTROS 2016.xlsx
Chimmytown,H,2016-02-01,2017-07-15,17,389.0,146.0,True,PESOS POTROS 2016.xlsx
Chimmytown,H,2016-02-01,2017-08-15,18,419.0,148.0,True,PESOS POTROS 2016.xlsx
Chimmytown,H,2016-02-01,2017-09-15,19,431.0,148.0,True,PESOS POTROS 2016.xlsx
Chimmytown,H,2016-02-01,2017-10-15,20,423.0,149.0,True,PESOS POTROS 2016.xlsx
Chimmytown,H,2016-02-01,2017-11-15,21,429.0,150.0,True,PESOS POTROS 2016.xlsx
Chimmytown,H,2016-02-01,2017-12-15,22,444.0,150.0,True,PESOS POTROS 2016.xlsx
Peaks and Pikis,H,2016-01-26,2016-01-26,0,44.0,,True,PESOS POTROS 2016.xlsx
Peaks and Pikis,H,2016-01-26,2016-03-15,2,101.0,109.0,True,PESOS POTROS 2016.xlsx
Peaks and Pikis,H,2016-01-26,2016-04-15,3,140.0,117.0,True,PESOS POTROS 2016.xlsx
Peaks and Pikis,H,2016-01-26,2016-05-15,4,170.0,125.0,True,PESOS POTROS 2016.xlsx
Peaks and Pikis,H,2016-01-26,2016-06-15,5,211.0,131.0,True,PESOS POTROS 2016.xlsx
Peaks and Pikis,H,2016-01-26,2016-07-15,6,233.0,131.0,True,PESOS POTROS 2016.xlsx
Peaks and Pikis,H,2016-01-26,2016-08-15,7,257.0,134.0,True,PESOS POTROS 2016.xlsx
Peaks and Pikis,H,2016-01-26,2016-09-15,8,276.0,134.0,True,PESOS POTROS 2016.xlsx
Peaks and Pikis,H,2016-01-26,2016-10-15,9,301.0,137.0,True,PESOS POTROS 2016.xlsx
Peaks and Pikis,H,2016-01-26,2016-11-15,10,329.0,140.0,True,PESOS POTROS 2016.xlsx
Peaks and Pikis,H,2016-01-26,2016-12-15,11,335.0,140.0,True,PESOS POTROS 2016.xlsx
Peaks and Pikis,H,2016-01-26,2017-01-15,12,353.0,143.0,True,PESOS POTROS 2016.xlsx
Peaks and Pikis,H,2016-01-26,2017-02-15,13,371.0,145.0,True,PESOS POTROS 2016.xlsx
Peaks and Pikis,H,2016-01-26,2017-03-15,14,382.0,147.0,True,PESOS POTROS 2016.xlsx
Peaks and Pikis,H,2016-01-26,2017-04-15,15,412.0,148.0,True,PESOS POTROS 2016.xlsx
Peaks and Pikis,H,2016-01-26,2017-05-15,16,434.0,148.0,True,PESOS POTROS 2016.xlsx
Peaks and Pikis,H,2016-01-26,2017-06-15,17,466.0,152.0,True,PESOS POTROS 2016.xlsx
Peaks and Pikis,H,2016-01-26,2017-07-15,18,467.0,152.0,True,PESOS POTROS 2016.xlsx
Peaks and Pikis,H,2016-01-26,2017-08-15,19,489.0,155.0,True,PESOS POTROS 2016.xlsx
Peaks and Pikis,H,2016-01-26,2017-09-15,20,499.0,155.0,True,PESOS POTROS 2016.xlsx
Peaks and Pikis,H,2016-01-26,2017-10-15,21,486.0,155.0,True,PESOS POTROS 2016.xlsx
Peaks and Pikis,H,2016-01-26,2017-11-15,22,487.0,157.0,True,PESOS POTROS 2016.xlsx
Peaks and Pikis,H,2016-01-26,2017-12-15,23,501.0,157.0,True,PESOS POTROS 2016.xlsx
Urban Legend,H,2016-04-08,2016-04-08,0,68.0,,True,PESOS POTROS 2016.xlsx
Urban Legend,H,2016-04-08,2016-05-15,1,109.0,117.0,True,PESOS POTROS 2016.xlsx
Urban Legend,H,2016-04-08,2016-06-15,2,155.0,125.0,True,PESOS POTROS 2016.xlsx
Urban Legend,H,2016-04-08,2016-07-15,3,197.0,132.0,True,PESOS POTROS 2016.xlsx
Urban Legend,H,2016-04-08,2016-08-15,4,218.0,133.0,True,PESOS POTROS 2016.xlsx
Urban Legend,H,2016-04-08,2016-09-15,5,252.0,136.0,True,PESOS POTROS 2016.xlsx
Urban Legend,H,2016-04-08,2016-10-15,6,252.0,138.0,True,PESOS POTROS 2016.xlsx
Urban Legend,H,2016-04-08,2016-11-15,7,272.0,138.0,True,PESOS POTROS 2016.xlsx
Urban Legend,H,2016-04-08,2016-12-15,8,281.0,138.0,True,PESOS POTROS 2016.xlsx
Urban Legend,H,2016-04-08,2017-01-15,9,296.0,142.0,True,PESOS POTROS 2016.xlsx
Urban Legend,H,2016-04-08,2017-02-15,10,318.0,145.0,True,PESOS POTROS 2016.xlsx
Urban Legend,H,2016-04-08,2017-03-15,11,340.0,146.0,True,PESOS POTROS 2016.xlsx
Urban Legend,H,2016-04-08,2017-04-15,12,351.0,149.0,True,PESOS POTROS 2016.xlsx
Urban Legend,H,2016-04-08,2017-05-15,13,372.0,149.0,True,PESOS POTROS 2016.xlsx
Urban Legend,H,2016-04-08,2017-06-15,14,401.0,152.0,True,PESOS POTROS 2016.xlsx
Urban Legend,H,2016-04-08,2017-07-15,15,425.0,152.0,True,PESOS POTROS 2016.xlsx
Urban Legend,H,2016-04-08,2017-08-15,16,442.0,152.0,True,PESOS POTROS 2016.xlsx
Urban Legend,H,2016-04-08,2017-09-15,17,469.0,155.0,True,PESOS POTROS 2016.xlsx
Urban Legend,H,2016-04-08,2017-10-15,18,476.0,156.0,True,PESOS POTROS 2016.xlsx
Urban Legend,H,2016-04-08,2017-11-15,19,466.0,156.0,True,PESOS POTROS 2016.xlsx
Urban Legend,H,2016-04-08,2017-12-15,20,471.0,157.0,True,PESOS POTROS 2016.xlsx
Xanadu,H,2016-01-07,2016-01-07,0,48.0,,True,PESOS POTROS 2016.xlsx
Xanadu,H,2016-01-07,2016-02-15,1,88.0,108.0,True,PESOS POTROS 2016.xlsx
Xanadu,H,2016-01-07,2016-03-15,2,115.0,115.0,True,PESOS POTROS 2016.xlsx
Xanadu,H,2016-01-07,2016-04-15,3,152.0,121.0,True,PESOS POTROS 2016.xlsx
Xanadu,H,2016-01-07,2016-05-15,4,180.0,125.0,True,PESOS POTROS 2016.xlsx
Xanadu,H,2016-01-07,2016-06-15,5,221.0,131.0,True,PESOS POTROS 2016.xlsx
Xanadu,H,2016-01-07,2016-07-15,6,236.0,131.0,True,PESOS POTROS 2016.xlsx
Xanadu,H,2016-01-07,2016-08-15,7,267.0,134.0,True,PESOS POTROS 2016.xlsx
Xanadu,H,2016-01-07,2016-09-15,8,285.0,136.0,True,PESOS POTROS 2016.xlsx
Xanadu,H,2016-01-07,2016-10-15,9,313.0,139.0,True,PESOS POTROS 2016.xlsx
Xanadu,H,2016-01-07,2016-11-15,10,336.0,141.0,True,PESOS POTROS 2016.xlsx
Xanadu,H,2016-01-07,2016-12-15,11,344.0,141.0,True,PESOS POTROS 2016.xlsx
Xanadu,H,2016-01-07,2017-01-15,12,350.0,144.0,True,PESOS POTROS 2016.xlsx
Xanadu,H,2016-01-07,2017-02-15,13,378.0,146.0,True,PESOS POTROS 2016.xlsx
Xanadu,H,2016-01-07,2017-03-15,14,381.0,148.0,True,PESOS POTROS 2016.xlsx
Xanadu,H,2016-01-07,2017-04-15,15,404.0,149.0,True,PESOS POTROS 2016.xlsx
Xanadu,H,2016-01-07,2017-05-15,16,433.0,151.0,True,PESOS POTROS 2016.xlsx
Xanadu,H,2016-01-07,2017-06-15,17,449.0,152.0,True,PESOS POTROS 2016.xlsx
Xanadu,H,2016-01-07,2017-07-15,18,460.0,153.0,True,PESOS POTROS 2016.xlsx
Xanadu,H,2016-01-07,2017-08-15,19,460.0,154.0,True,PESOS POTROS 2016.xlsx
Xanadu,H,2016-01-07,2017-09-15,20,484.0,154.0,True,PESOS POTROS 2016.xlsx
Xanadu,H,2016-01-07,2017-10-15,21,507.0,155.0,True,PESOS POTROS 2016.xlsx
Xanadu,H,2016-01-07,2017-11-15,22,495.0,156.0,True,PESOS POTROS 2016.xlsx
Xanadu,H,2016-01-07,2017-12-15,23,506.0,157.0,True,PESOS POTROS 2016.xlsx
Xisca,H,2016-03-01,2016-03-01,0,57.0,,True,PESOS POTROS 2016.xlsx
Xisca,H,2016-03-01,2016-04-15,1,116.0,115.0,True,PESOS POTROS 2016.xlsx
Xisca,H,2016-03-01,2016-05-15,2,145.0,120.0,True,PESOS POTROS 2016.xlsx
Xisca,H,2016-03-01,2016-06-15,3,177.0,124.0,True,PESOS POTROS 2016.xlsx
Xisca,H,2016-03-01,2016-07-15,4,218.0,130.0,True,PESOS POTROS 2016.xlsx
Xisca,H,2016-03-01,2016-08-15,5,240.0,130.0,True,PESOS POTROS 2016.xlsx
Xisca,H,2016-03-01,2016-09-15,6,250.0,130.0,True,PESOS POTROS 2016.xlsx
Xisca,H,2016-03-01,2016-10-15,7,268.0,132.0,True,PESOS POTROS 2016.xlsx
Xisca,H,2016-03-01,2016-11-15,8,290.0,135.0,True,PESOS POTROS 2016.xlsx
Xisca,H,2016-03-01,2016-12-15,9,294.0,137.0,True,PESOS POTROS 2016.xlsx
Xisca,H,2016-03-01,2017-01-15,10,292.0,139.0,True,PESOS POTROS 2016.xlsx
Xisca,H,2016-03-01,2017-02-15,11,319.0,140.0,True,PESOS POTROS 2016.xlsx
Xisca,H,2016-03-01,2017-03-15,12,325.0,141.0,True,PESOS POTROS 2016.xlsx
Xisca,H,2016-03-01,2017-04-15,13,340.0,145.0,True,PESOS POTROS 2016.xlsx
Xisca,H,2016-03-01,2017-05-15,14,361.0,145.0,True,PESOS POTROS 2016.xlsx
Xisca,H,2016-03-01,2017-06-15,15,393.0,147.0,True,PESOS POTROS 2016.xlsx
Xisca,H,2016-03-01,2017-07-15,16,409.0,147.0,True,PESOS POTROS 2016.xlsx
Xisca,H,2016-03-01,2017-08-15,17,434.0,148.0,True,PESOS POTROS 2016.xlsx
Xisca,H,2016-03-01,2017-09-15,18,447.0,150.0,True,PESOS POTROS 2016.xlsx
Xisca,H,2016-03-01,2017-10-15,19,454.0,150.0,True,PESOS POTROS 2016.xlsx
Xisca,H,2016-03-01,2017-11-15,20,441.0,151.0,True,PESOS POTROS 2016.xlsx
Xisca,H,2016-03-01,2017-12-15,21,445.0,152.0,True,PESOS POTROS 2016.xlsx
Yugoslava,H,2016-02-07,2016-02-07,0,35.0,,True,PESOS POTROS 2016.xlsx
Yugoslava,H,2016-02-07,2016-03-15,1,79.0,102.0,True,PESOS POTROS 2016.xlsx
Yugoslava,H,2016-02-07,2016-04-15,2,115.0,112.0,True,PESOS POTROS 2016.xlsx
Yugoslava,H,2016-02-07,2016-05-15,3,142.0,116.0,True,PESOS POTROS 2016.xlsx
Yugoslava,H,2016-02-07,2016-06-15,4,191.0,129.0,True,PESOS POTROS 2016.xlsx
Yugoslava,H,2016-02-07,2016-07-15,5,201.0,125.0,True,PESOS POTROS 2016.xlsx
Yugoslava,H,2016-02-07,2016-08-15,6,219.0,128.0,True,PESOS POTROS 2016.xlsx
Yugoslava,H,2016-02-07,2016-09-15,7,234.0,128.0,True,PESOS POTROS 2016.xlsx
Yugoslava,H,2016-02-07,2016-10-15,8,257.0,130.0,True,PESOS POTROS 2016.xlsx
Yugoslava,H,2016-02-07,2016-11-15,9,275.0,133.0,True,PESOS POTROS 2016.xlsx
Yugoslava,H,2016-02-07,2016-12-15,10,283.0,134.0,True,PESOS POTROS 2016.xlsx
Yugoslava,H,2016-02-07,2017-01-15,11,298.0,137.0,True,PESOS POTROS 2016.xlsx
Yugoslava,H,2016-02-07,2017-02-15,12,315.0,139.0,True,PESOS POTROS 2016.xlsx
Yugoslava,H,2016-02-07,2017-03-15,13,320.0,141.0,True,PESOS POTROS 2016.xlsx
Yugoslava,H,2016-02-07,2017-04-15,14,345.0,142.0,True,PESOS POTROS 2016.xlsx
Yugoslava,H,2016-02-07,2017-05-15,15,363.0,145.0,True,PESOS POTROS 2016.xlsx
Yugoslava,H,2016-02-07,2017-06-15,16,388.0,146.0,True,PESOS POTROS 2016.xlsx
Yugoslava,H,2016-02-07,2017-07-15,17,404.0,146.0,True,PESOS POTROS 2016.xlsx
Yugoslava,H,2016-02-07,2017-08-15,18,425.0,148.0,True,PESOS POTROS 2016.xlsx
Yugoslava,H,2016-02-07,2017-09-15,19,436.0,149.0,True,PESOS POTROS 2016.xlsx
Yugoslava,H,2016-02-07,2017-10-15,20,437.0,150.0,True,PESOS POTROS 2016.xlsx
Yugoslava,H,2016-02-07,2017-11-15,21,426.0,150.0,True,PESOS POTROS 2016.xlsx
Yugoslava,H,2016-02-07,2017-12-15,22,434.0,150.0,True,PESOS POTROS 2016.xlsx
Zonata,H,2016-04-14,2016-04-14,0,58.0,,True,PESOS POTROS 2016.xlsx
Zonata,H,2016-04-14,2016-05-15,1,97.0,111.0,True,PESOS POTROS 2016.xlsx
Zonata,H,2016-04-14,2016-06-15,2,133.0,118.0,True,PESOS POTROS 2016.xlsx
Zonata,H,2016-04-14,2016-07-15,3,160.0,126.0,True,PESOS POTROS 2016.xlsx
Zonata,H,2016-04-14,2016-08-15,4,195.0,127.0,True,PESOS POTROS 2016.xlsx
Zonata,H,2016-04-14,2016-09-15,5,224.0,127.0,True,PESOS POTROS 2016.xlsx
Zonata,H,2016-04-14,2016-10-15,6,224.0,132.0,True,PESOS POTROS 2016.xlsx
Zonata,H,2016-04-14,2016-11-15,7,257.0,135.0,True,PESOS POTROS 2016.xlsx
Zonata,H,2016-04-14,2016-12-15,8,266.0,136.0,True,PESOS POTROS 2016.xlsx
Zonata,H,2016-04-14,2017-01-15,9,275.0,139.0,True,PESOS POTROS 2016.xlsx
Zonata,H,2016-04-14,2017-02-15,10,301.0,140.0,True,PESOS POTROS 2016.xlsx
Zonata,H,2016-04-14,2017-03-15,11,304.0,143.0,True,PESOS POTROS 2016.xlsx
Zonata,H,2016-04-14,2017-04-15,12,315.0,144.0,True,PESOS POTROS 2016.xlsx
Zonata,H,2016-04-14,2017-05-15,13,341.0,145.0,True,PESOS POTROS 2016.xlsx
Zonata,H,2016-04-14,2017-06-15,14,369.0,149.0,True,PESOS POTROS 2016.xlsx
Zonata,H,2016-04-14,2017-07-15,15,391.0,149.0,True,PESOS POTROS 2016.xlsx
Zonata,H,2016-04-14,2017-08-15,16,411.0,152.0,True,PESOS POTROS 2016.xlsx
Zonata,H,2016-04-14,2017-09-15,17,433.0,153.0,True,PESOS POTROS 2016.xlsx
Zonata,H,2016-04-14,2017-10-15,18,442.0,153.0,True,PESOS POTROS 2016.xlsx
Zonata,H,2016-04-14,2017-11-15,19,439.0,154.0,True,PESOS POTROS 2016.xlsx
Zonata,H,2016-04-14,2017-12-15,20,448.0,155.0,True,PESOS POTROS 2016.xlsx
Zucarita,H,2016-04-24,2016-04-24,0,38.0,,True,PESOS POTROS 2016.xlsx
Zucarita,H,2016-04-24,2016-06-15,2,110.0,113.0,True,PESOS POTROS 2016.xlsx
Zucarita,H,2016-04-24,2016-07-15,3,141.0,118.0,True,PESOS POTROS 2016.xlsx
Zucarita,H,2016-04-24,2016-08-15,4,169.0,125.0,True,PESOS POTROS 2016.xlsx
Zucarita,H,2016-04-24,2016-09-15,5,208.0,126.0,True,PESOS POTROS 2016.xlsx
Zucarita,H,2016-04-24,2016-10-15,6,201.0,128.0,True,PESOS POTROS 2016.xlsx
Zucarita,H,2016-04-24,2016-11-15,7,236.0,132.0,True,PESOS POTROS 2016.xlsx
Zucarita,H,2016-04-24,2016-12-15,8,252.0,132.0,True,PESOS POTROS 2016.xlsx
Zucarita,H,2016-04-24,2017-01-15,9,272.0,135.0,True,PESOS POTROS 2016.xlsx
Zucarita,H,2016-04-24,2017-02-15,10,282.0,138.0,True,PESOS POTROS 2016.xlsx
Zucarita,H,2016-04-24,2017-03-15,11,293.0,140.0,True,PESOS POTROS 2016.xlsx
Zucarita,H,2016-04-24,2017-04-15,12,314.0,141.0,True,PESOS POTROS 2016.xlsx
Zucarita,H,2016-04-24,2017-05-15,13,335.0,143.0,True,PESOS POTROS 2016.xlsx
Zucarita,H,2016-04-24,2017-06-15,14,368.0,145.0,True,PESOS POTROS 2016.xlsx
Zucarita,H,2016-04-24,2017-07-15,15,388.0,147.0,True,PESOS POTROS 2016.xlsx
Zucarita,H,2016-04-24,2017-08-15,16,412.0,148.0,True,PESOS POTROS 2016.xlsx
Zucarita,H,2016-04-24,2017-09-15,17,429.0,150.0,True,PESOS POTROS 2016.xlsx
Zucarita,H,2016-04-24,2017-10-15,18,444.0,150.0,True,PESOS POTROS 2016.xlsx
Zucarita,H,2016-04-24,2017-11-15,19,425.0,151.0,True,PESOS POTROS 2016.xlsx
Zucarita,H,2016-04-24,2017-12-15,20,440.0,151.0,True,PESOS POTROS 2016.xlsx
Dushevina,M,2016-02-16,2016-02-16,0,51.0,,True,PESOS POTROS 2016.xlsx
Dushevina,M,2016-02-16,2016-03-15,1,101.0,109.0,True,PESOS POTROS 2016.xlsx
Dushevina,M,2016-02-16,2016-04-15,2,130.0,116.0,True,PESOS POTROS 2016.xlsx
Dushevina,M,2016-02-16,2016-05-15,3,170.0,121.0,True,PESOS POTROS 2016.xlsx
Dushevina,M,2016-02-16,2016-06-15,4,208.0,128.0,True,PESOS POTROS 2016.xlsx
Dushevina,M,2016-02-16,2016-07-15,5,240.0,134.0,True,PESOS POTROS 2016.xlsx
Dushevina,M,2016-02-16,2016-08-15,6,256.0,135.0,True,PESOS POTROS 2016.xlsx
Dushevina,M,2016-02-16,2016-09-15,7,279.0,136.0,True,PESOS POTROS 2016.xlsx
Dushevina,M,2016-02-16,2016-10-15,8,306.0,137.0,True,PESOS POTROS 2016.xlsx
Dushevina,M,2016-02-16,2016-11-15,9,322.0,140.0,True,PESOS POTROS 2016.xlsx
Dushevina,M,2016-02-16,2016-12-15,10,345.0,141.0,True,PESOS POTROS 2016.xlsx
Dushevina,M,2016-02-16,2017-01-15,11,353.0,142.0,True,PESOS POTROS 2016.xlsx
Dushevina,M,2016-02-16,2017-02-15,12,365.0,143.0,True,PESOS POTROS 2016.xlsx
Dushevina,M,2016-02-16,2017-03-15,13,373.0,147.0,True,PESOS POTROS 2016.xlsx
Dushevina,M,2016-02-16,2017-04-15,14,396.0,147.0,True,PESOS POTROS 2016.xlsx
Dushevina,M,2016-02-16,2017-05-15,15,395.0,150.0,True,PESOS POTROS 2016.xlsx
Dushevina,M,2016-02-16,2017-06-15,16,415.0,151.0,True,PESOS POTROS 2016.xlsx
Dushevina,M,2016-02-16,2017-07-15,17,444.0,152.0,True,PESOS POTROS 2016.xlsx
Dushevina,M,2016-02-16,2017-08-15,18,462.0,153.0,True,PESOS POTROS 2016.xlsx
Dushevina,M,2016-02-16,2017-09-15,19,486.0,154.0,True,PESOS POTROS 2016.xlsx
Dushevina,M,2016-02-16,2017-10-15,20,495.0,154.0,True,PESOS POTROS 2016.xlsx
Dushevina,M,2016-02-16,2017-11-15,21,488.0,155.0,True,PESOS POTROS 2016.xlsx
Dushevina,M,2016-02-16,2017-12-15,22,499.0,156.0,True,PESOS POTROS 2016.xlsx
Fantastic Luck,M,2016-02-14,2017-01-15,11,340.0,141.0,True,PESOS POTROS 2016.xlsx
Fantastic Luck,M,2016-02-14,2017-02-15,12,354.0,142.0,True,PESOS POTROS 2016.xlsx
Fantastic Luck,M,2016-02-14,2017-03-15,13,365.0,145.0,True,PESOS POTROS 2016.xlsx
Fantastic Luck,M,2016-02-14,2017-04-15,14,388.0,145.0,True,PESOS POTROS 2016.xlsx
Fantastic Luck,M,2016-02-14,2017-05-15,15,415.0,146.0,True,PESOS POTROS 2016.xlsx
Fantastic Luck,M,2016-02-14,2017-06-15,16,433.0,147.0,True,PESOS POTROS 2016.xlsx
Fantastic Luck,M,2016-02-14,2017-07-15,17,452.0,149.0,True,PESOS POTROS 2016.xlsx
Fantastic Luck,M,2016-02-14,2017-08-15,18,470.0,150.0,True,PESOS POTROS 2016.xlsx
Fantastic Luck,M,2016-02-14,2017-09-15,19,483.0,150.0,True,PESOS POTROS 2016.xlsx
Fantastic Luck,M,2016-02-14,2017-10-15,20,482.0,151.0,True,PESOS POTROS 2016.xlsx
Fantastic Luck,M,2016-02-14,2017-11-15,21,470.0,153.0,True,PESOS POTROS 2016.xlsx
Fantastic Luck,M,2016-02-14,2017-12-15,22,487.0,153.0,True,PESOS POTROS 2016.xlsx
Fast Creed,M,2016-03-24,2017-01-15,10,322.0,142.0,True,PESOS POTROS 2016.xlsx
Fast Creed,M,2016-03-24,2017-02-15,11,347.0,143.0,True,PESOS POTROS 2016.xlsx
Fast Creed,M,2016-03-24,2017-03-15,12,359.0,147.0,True,PESOS POTROS 2016.xlsx
Fast Creed,M,2016-03-24,2017-04-15,13,376.0,147.0,True,PESOS POTROS 2016.xlsx
Fast Creed,M,2016-03-24,2017-05-15,14,400.0,149.0,True,PESOS POTROS 2016.xlsx
Fast Creed,M,2016-03-24,2017-06-15,15,410.0,149.0,True,PESOS POTROS 2016.xlsx
Fast Creed,M,2016-03-24,2017-07-15,16,435.0,152.0,True,PESOS POTROS 2016.xlsx
Fast Creed,M,2016-03-24,2017-08-15,17,470.0,153.0,True,PESOS POTROS 2016.xlsx
Fast Creed,M,2016-03-24,2017-09-15,18,494.0,154.0,True,PESOS POTROS 2016.xlsx
Fast Creed,M,2016-03-24,2017-10-15,19,509.0,154.0,True,PESOS POTROS 2016.xlsx
Fast Creed,M,2016-03-24,2017-11-15,20,491.0,156.0,True,PESOS POTROS 2016.xlsx
Fast Creed,M,2016-03-24,2017-12-15,21,512.0,156.0,True,PESOS POTROS 2016.xlsx
New Idea,M,2016-05-13,2016-05-13,0,53.0,,True,PESOS POTROS 2016.xlsx
New Idea,M,2016-05-13,2016-06-15,1,117.0,111.0,True,PESOS POTROS 2016.xlsx
New Idea,M,2016-05-13,2016-07-15,2,143.0,121.0,True,PESOS POTROS 2016.xlsx
New Idea,M,2016-05-13,2016-08-15,3,182.0,125.0,True,PESOS POTROS 2016.xlsx
New Idea,M,2016-05-13,2016-09-15,4,221.0,129.0,True,PESOS POTROS 2016.xlsx
New Idea,M,2016-05-13,2016-10-15,5,254.0,130.0,True,PESOS POTROS 2016.xlsx
New Idea,M,2016-05-13,2016-11-15,6,263.0,133.0,True,PESOS POTROS 2016.xlsx
New Idea,M,2016-05-13,2016-12-15,7,265.0,133.0,True,PESOS POTROS 2016.xlsx
New Idea,M,2016-05-13,2017-01-15,8,289.0,136.0,True,PESOS POTROS 2016.xlsx
New Idea,M,2016-05-13,2017-02-15,9,312.0,141.0,True,PESOS POTROS 2016.xlsx
New Idea,M,2016-05-13,2017-03-15,10,331.0,141.0,True,PESOS POTROS 2016.xlsx
New Idea,M,2016-05-13,2017-04-15,11,349.0,143.0,True,PESOS POTROS 2016.xlsx
New Idea,M,2016-05-13,2017-05-15,12,374.0,145.0,True,PESOS POTROS 2016.xlsx
New Idea,M,2016-05-13,2017-06-15,13,398.0,147.0,True,PESOS POTROS 2016.xlsx
New Idea,M,2016-05-13,2017-07-15,14,421.0,148.0,True,PESOS POTROS 2016.xlsx
New Idea,M,2016-05-13,2017-08-15,15,434.0,150.0,True,PESOS POTROS 2016.xlsx
New Idea,M,2016-05-13,2017-09-15,16,469.0,150.0,True,PESOS POTROS 2016.xlsx
New Idea,M,2016-05-13,2017-10-15,17,483.0,151.0,True,PESOS POTROS 2016.xlsx
New Idea,M,2016-05-13,2017-11-15,18,467.0,153.0,True,PESOS POTROS 2016.xlsx
New Idea,M,2016-05-13,2017-12-15,19,493.0,153.0,True,PESOS POTROS 2016.xlsx
Wendy,M,2016-03-19,2016-03-19,0,56.0,,True,PESOS POTROS 2016.xlsx
Wendy,M,2016-03-19,2016-04-15,1,92.0,104.0,True,PESOS POTROS 2016.xlsx
Wendy,M,2016-03-19,2016-05-15,2,126.0,113.0,True,PESOS POTROS 2016.xlsx
Wendy,M,2016-03-19,2016-06-15,3,164.0,118.0,True,PESOS POTROS 2016.xlsx
Wendy,M,2016-03-19,2016-07-15,4,193.0,125.0,True,PESOS POTROS 2016.xlsx
Wendy,M,2016-03-19,2016-08-15,5,216.0,126.0,True,PESOS POTROS 2016.xlsx
Wendy,M,2016-03-19,2016-09-15,6,221.0,127.0,True,PESOS POTROS 2016.xlsx
Wendy,M,2016-03-19,2016-10-15,7,237.0,128.0,True,PESOS POTROS 2016.xlsx
Wendy,M,2016-03-19,2016-11-15,8,254.0,131.0,True,PESOS POTROS 2016.xlsx
Wendy,M,2016-03-19,2016-12-15,9,278.0,131.0,True,PESOS POTROS 2016.xlsx
Wendy,M,2016-03-19,2017-01-15,10,283.0,132.0,True,PESOS POTROS 2016.xlsx
Wendy,M,2016-03-19,2017-02-15,11,318.0,137.0,True,PESOS POTROS 2016.xlsx
Wendy,M,2016-03-19,2017-03-15,12,335.0,137.0,True,PESOS POTROS 2016.xlsx
Wendy,M,2016-03-19,2017-04-15,13,349.0,141.0,True,PESOS POTROS 2016.xlsx
Wendy,M,2016-03-19,2017-05-15,14,373.0,142.0,True,PESOS POTROS 2016.xlsx
Wendy,M,2016-03-19,2017-06-15,15,400.0,143.0,True,PESOS POTROS 2016.xlsx
Wendy,M,2016-03-19,2017-07-15,16,409.0,146.0,True,PESOS POTROS 2016.xlsx
Wendy,M,2016-03-19,2017-08-15,17,431.0,147.0,True,PESOS POTROS 2016.xlsx
Wendy,M,2016-03-19,2017-09-15,18,453.0,149.0,True,PESOS POTROS 2016.xlsx
Wendy,M,2016-03-19,2017-10-15,19,472.0,150.0,True,PESOS POTROS 2016.xlsx
Wendy,M,2016-03-19,2017-11-15,20,467.0,152.0,True,PESOS POTROS 2016.xlsx
Wendy,M,2016-03-19,2017-12-15,21,485.0,152.0,True,PESOS POTROS 2016.xlsx
Wild Cherry,M,2016-02-29,2016-02-29,0,56.0,,True,PESOS POTROS 2016.xlsx
Wild Cherry,M,2016-02-29,2016-04-15,2,117.0,115.0,True,PESOS POTROS 2016.xlsx
Wild Cherry,M,2016-02-29,2016-05-15,3,139.0,121.0,True,PESOS POTROS 2016.xlsx
Wild Cherry,M,2016-02-29,2016-06-15,4,192.0,128.0,True,PESOS POTROS 2016.xlsx
Wild Cherry,M,2016-02-29,2016-07-15,5,223.0,134.0,True,PESOS POTROS 2016.xlsx
Wild Cherry,M,2016-02-29,2016-08-15,6,235.0,134.0,True,PESOS POTROS 2016.xlsx
Wild Cherry,M,2016-02-29,2016-09-15,7,250.0,134.0,True,PESOS POTROS 2016.xlsx
Wild Cherry,M,2016-02-29,2016-10-15,8,278.0,136.0,True,PESOS POTROS 2016.xlsx
Wild Cherry,M,2016-02-29,2016-11-15,9,294.0,139.0,True,PESOS POTROS 2016.xlsx
Wild Cherry,M,2016-02-29,2016-12-15,10,310.0,139.0,True,PESOS POTROS 2016.xlsx
Wild Cherry,M,2016-02-29,2017-01-15,11,327.0,142.0,True,PESOS POTROS 2016.xlsx
Wild Cherry,M,2016-02-29,2017-02-15,12,340.0,144.0,True,PESOS POTROS 2016.xlsx
Wild Cherry,M,2016-02-29,2017-04-15,14,374.0,147.0,True,PESOS POTROS 2016.xlsx
Wild Cherry,M,2016-02-29,2017-05-15,15,401.0,149.0,True,PESOS POTROS 2016.xlsx
Wild Cherry,M,2016-02-29,2017-06-15,16,422.0,149.0,True,PESOS POTROS 2016.xlsx
Wild Cherry,M,2016-02-29,2017-07-15,17,438.0,151.0,True,PESOS POTROS 2016.xlsx
Wild Cherry,M,2016-02-29,2017-08-15,18,455.0,152.0,True,PESOS POTROS 2016.xlsx
Wild Cherry,M,2016-02-29,2017-09-15,19,469.0,152.0,True,PESOS POTROS 2016.xlsx
Wild Cherry,M,2016-02-29,2017-10-15,20,481.0,153.0,True,PESOS POTROS 2016.xlsx
Wild Cherry,M,2016-02-29,2017-11-15,21,477.0,153.0,True,PESOS POTROS 2016.xlsx
Wild Cherry,M,2016-02-29,2017-12-15,22,478.0,154.0,True,PESOS POTROS 2016.xlsx
Winds,M,2016-04-25,2016-04-25,0,58.0,,True,PESOS POTROS 2016.xlsx
Winds,M,2016-04-25,2016-06-15,2,148.0,121.0,True,PESOS POTROS 2016.xlsx
Winds,M,2016-04-25,2016-07-15,3,180.0,130.0,True,PESOS POTROS 2016.xlsx
Winds,M,2016-04-25,2016-08-15,4,218.0,132.0,True,PESOS POTROS 2016.xlsx
Winds,M,2016-04-25,2016-09-15,5,254.0,136.0,True,PESOS POTROS 2016.xlsx
Winds,M,2016-04-25,2016-10-15,6,251.0,136.0,True,PESOS POTROS 2016.xlsx
Winds,M,2016-04-25,2016-11-15,7,281.0,138.0,True,PESOS POTROS 2016.xlsx
Winds,M,2016-04-25,2016-12-15,8,299.0,138.0,True,PESOS POTROS 2016.xlsx
Winds,M,2016-04-25,2017-01-15,9,302.0,141.0,True,PESOS POTROS 2016.xlsx
Winds,M,2016-04-25,2017-02-15,10,325.0,143.0,True,PESOS POTROS 2016.xlsx
Winds,M,2016-04-25,2017-03-15,11,341.0,146.0,True,PESOS POTROS 2016.xlsx
Winds,M,2016-04-25,2017-04-15,12,365.0,148.0,True,PESOS POTROS 2016.xlsx
Winds,M,2016-04-25,2017-05-15,13,392.0,148.0,True,PESOS POTROS 2016.xlsx
Winds,M,2016-04-25,2017-06-15,14,410.0,150.0,True,PESOS POTROS 2016.xlsx
Winds,M,2016-04-25,2017-07-15,15,438.0,153.0,True,PESOS POTROS 2016.xlsx
Winds,M,2016-04-25,2017-08-15,16,457.0,153.0,True,PESOS POTROS 2016.xlsx
Winds,M,2016-04-25,2017-09-15,17,481.0,155.0,True,PESOS POTROS 2016.xlsx
Winds,M,2016-04-25,2017-10-15,18,506.0,155.0,True,PESOS POTROS 2016.xlsx
Winds,M,2016-04-25,2017-11-15,19,500.0,158.0,True,PESOS POTROS 2016.xlsx
Winds,M,2016-04-25,2017-12-15,20,513.0,158.0,True,PESOS POTROS 2016.xlsx
Wonder Baby,M,2016-04-18,2016-04-18,0,51.0,,True,PESOS POTROS 2016.xlsx
Wonder Baby,M,2016-04-18,2016-05-15,1,67.0,105.0,True,PESOS POTROS 2016.xlsx
Wonder Baby,M,2016-04-18,2016-06-15,2,98.0,113.0,True,PESOS POTROS 2016.xlsx
Wonder Baby,M,2016-04-18,2016-07-15,3,136.0,119.0,True,PESOS POTROS 2016.xlsx
Wonder Baby,M,2016-04-18,2016-08-15,4,173.0,124.0,True,PESOS POTROS 2016.xlsx
Wonder Baby,M,2016-04-18,2016-09-15,5,202.0,125.0,True,PESOS POTROS 2016.xlsx
Wonder Baby,M,2016-04-18,2016-10-15,6,226.0,128.0,True,PESOS POTROS 2016.xlsx
Wonder Baby,M,2016-04-18,2016-11-15,7,232.0,132.0,True,PESOS POTROS 2016.xlsx
Wonder Baby,M,2016-04-18,2016-12-15,8,256.0,132.0,True,PESOS POTROS 2016.xlsx
Wonder Baby,M,2016-04-18,2017-01-15,9,271.0,133.0,True,PESOS POTROS 2016.xlsx
Wonder Baby,M,2016-04-18,2017-02-15,10,297.0,138.0,True,PESOS POTROS 2016.xlsx
Wonder Baby,M,2016-04-18,2017-03-15,11,313.0,140.0,True,PESOS POTROS 2016.xlsx
Wonder Baby,M,2016-04-18,2017-04-15,12,334.0,142.0,True,PESOS POTROS 2016.xlsx
Wonder Baby,M,2016-04-18,2017-05-15,13,353.0,143.0,True,PESOS POTROS 2016.xlsx
Wonder Baby,M,2016-04-18,2017-06-15,14,372.0,144.0,True,PESOS POTROS 2016.xlsx
Wonder Baby,M,2016-04-18,2017-07-15,15,397.0,146.0,True,PESOS POTROS 2016.xlsx
Wonder Baby,M,2016-04-18,2017-08-15,16,420.0,147.0,True,PESOS POTROS 2016.xlsx
Wonder Baby,M,2016-04-18,2017-09-15,17,403.0,150.0,True,PESOS POTROS 2016.xlsx
Wonder Baby,M,2016-04-18,2017-10-15,18,441.0,150.0,True,PESOS POTROS 2016.xlsx
Wonder Baby,M,2016-04-18,2017-11-15,19,439.0,152.0,True,PESOS POTROS 2016.xlsx
Wonder Baby,M,2016-04-18,2017-12-15,20,451.0,152.0,True,PESOS POTROS 2016.xlsx
Xibelita,M,2016-04-12,2016-04-12,0,56.0,,True,PESOS POTROS 2016.xlsx
Xibelita,M,2016-04-12,2016-05-15,1,104.0,111.0,True,PESOS POTROS 2016.xlsx
Xibelita,M,2016-04-12,2016-06-15,2,143.0,124.0,True,PESOS POTROS 2016.xlsx
Xibelita,M,2016-04-12,2016-07-15,3,173.0,121.0,True,PESOS POTROS 2016.xlsx
Xibelita,M,2016-04-12,2016-08-15,4,215.0,128.0,True,PESOS POTROS 2016.xlsx
Xibelita,M,2016-04-12,2016-09-15,5,242.0,132.0,True,PESOS POTROS 2016.xlsx
Xibelita,M,2016-04-12,2016-10-15,6,246.0,133.0,True,PESOS POTROS 2016.xlsx
Xibelita,M,2016-04-12,2016-11-15,7,285.0,135.0,True,PESOS POTROS 2016.xlsx
Xibelita,M,2016-04-12,2016-12-15,8,308.0,136.0,True,PESOS POTROS 2016.xlsx
Xibelita,M,2016-04-12,2017-01-15,9,322.0,141.0,True,PESOS POTROS 2016.xlsx
Xibelita,M,2016-04-12,2017-02-15,10,346.0,144.0,True,PESOS POTROS 2016.xlsx
Xibelita,M,2016-04-12,2017-03-15,11,355.0,145.0,True,PESOS POTROS 2016.xlsx
Xibelita,M,2016-04-12,2017-04-15,12,377.0,147.0,True,PESOS POTROS 2016.xlsx
Xibelita,M,2016-04-12,2017-05-15,13,414.0,150.0,True,PESOS POTROS 2016.xlsx
Xibelita,M,2016-04-12,2017-06-15,14,430.0,151.0,True,PESOS POTROS 2016.xlsx
Xibelita,M,2016-04-12,2017-07-15,15,459.0,153.0,True,PESOS POTROS 2016.xlsx
Xibelita,M,2016-04-12,2017-08-15,16,483.0,153.0,True,PESOS POTROS 2016.xlsx
Xibelita,M,2016-04-12,2017-09-15,17,502.0,156.0,True,PESOS POTROS 2016.xlsx
Xibelita,M,2016-04-12,2017-10-15,18,520.0,156.0,True,PESOS POTROS 2016.xlsx
Xibelita,M,2016-04-12,2017-11-15,19,515.0,157.0,True,PESOS POTROS 2016.xlsx
Xibelita,M,2016-04-12,2017-12-15,20,524.0,157.0,True,PESOS POTROS 2016.xlsx
Yaba Daba Du,M,2016-02-04,2016-02-04,0,56.0,,True,PESOS POTROS 2016.xlsx
Yaba Daba Du,M,2016-02-04,2016-03-15,1,102.0,110.0,True,PESOS POTROS 2016.xlsx
Yaba Daba Du,M,2016-02-04,2016-04-15,2,129.0,117.0,True,PESOS POTROS 2016.xlsx
Yaba Daba Du,M,2016-02-04,2016-05-15,3,155.0,120.0,True,PESOS POTROS 2016.xlsx
Yaba Daba Du,M,2016-02-04,2016-06-15,4,191.0,129.0,True,PESOS POTROS 2016.xlsx
Yaba Daba Du,M,2016-02-04,2016-07-15,5,220.0,130.0,True,PESOS POTROS 2016.xlsx
Yaba Daba Du,M,2016-02-04,2016-08-15,6,233.0,130.0,True,PESOS POTROS 2016.xlsx
Yaba Daba Du,M,2016-02-04,2016-09-15,7,246.0,133.0,True,PESOS POTROS 2016.xlsx
Yaba Daba Du,M,2016-02-04,2016-10-15,8,271.0,135.0,True,PESOS POTROS 2016.xlsx
Yaba Daba Du,M,2016-02-04,2016-11-15,9,290.0,138.0,True,PESOS POTROS 2016.xlsx
Yaba Daba Du,M,2016-02-04,2016-12-15,10,301.0,138.0,True,PESOS POTROS 2016.xlsx
Yaba Daba Du,M,2016-02-04,2017-01-15,11,322.0,141.0,True,PESOS POTROS 2016.xlsx
Yaba Daba Du,M,2016-02-04,2017-02-15,12,328.0,143.0,True,PESOS POTROS 2016.xlsx
Yaba Daba Du,M,2016-02-04,2017-03-15,13,341.0,143.0,True,PESOS POTROS 2016.xlsx
Yaba Daba Du,M,2016-02-04,2017-04-15,14,360.0,146.0,True,PESOS POTROS 2016.xlsx
Yaba Daba Du,M,2016-02-04,2017-05-15,15,379.0,148.0,True,PESOS POTROS 2016.xlsx
Yaba Daba Du,M,2016-02-04,2017-06-15,16,382.0,148.0,True,PESOS POTROS 2016.xlsx
Yaba Daba Du,M,2016-02-04,2017-07-15,17,409.0,150.0,True,PESOS POTROS 2016.xlsx
Yaba Daba Du,M,2016-02-04,2017-08-15,18,421.0,152.0,True,PESOS POTROS 2016.xlsx
Yaba Daba Du,M,2016-02-04,2017-09-15,19,440.0,152.0,True,PESOS POTROS 2016.xlsx
Yaba Daba Du,M,2016-02-04,2017-10-15,20,446.0,152.0,True,PESOS POTROS 2016.xlsx
Zambuka,M,2016-02-24,2016-02-24,0,55.0,,True,PESOS POTROS 2016.xlsx
Zambuka,M,2016-02-24,2016-03-15,1,85.0,106.0,True,PESOS POTROS 2016.xlsx
Zambuka,M,2016-02-24,2016-04-15,2,118.0,117.0,True,PESOS POTROS 2016.xlsx
Zambuka,M,2016-02-24,2016-05-15,3,155.0,124.0,True,PESOS POTROS 2016.xlsx
Zambuka,M,2016-02-24,2016-06-15,4,202.0,129.0,True,PESOS POTROS 2016.xlsx
Zambuka,M,2016-02-24,2016-07-15,5,237.0,134.0,True,PESOS POTROS 2016.xlsx
Zambuka,M,2016-02-24,2016-08-15,6,249.0,137.0,True,PESOS POTROS 2016.xlsx
Zambuka,M,2016-02-24,2016-09-15,7,277.0,138.0,True,PESOS POTROS 2016.xlsx
Zambuka,M,2016-02-24,2016-10-15,8,295.0,138.0,True,PESOS POTROS 2016.xlsx
Zambuka,M,2016-02-24,2016-11-15,9,321.0,142.0,True,PESOS POTROS 2016.xlsx
Zambuka,M,2016-02-24,2016-12-15,10,335.0,142.0,True,PESOS POTROS 2016.xlsx
Zambuka,M,2016-02-24,2017-01-15,11,352.0,144.0,True,PESOS POTROS 2016.xlsx
Zambuka,M,2016-02-24,2017-02-15,12,364.0,146.0,True,PESOS POTROS 2016.xlsx
Zambuka,M,2016-02-24,2017-03-15,13,374.0,149.0,True,PESOS POTROS 2016.xlsx
Zambuka,M,2016-02-24,2017-04-15,14,395.0,150.0,True,PESOS POTROS 2016.xlsx
Zambuka,M,2016-02-24,2017-05-15,15,412.0,152.0,True,PESOS POTROS 2016.xlsx
Zambuka,M,2016-02-24,2017-06-15,16,442.0,153.0,True,PESOS POTROS 2016.xlsx
Zambuka,M,2016-02-24,2017-07-15,17,461.0,155.0,True,PESOS POTROS 2016.xlsx
Zambuka,M,2016-02-24,2017-08-15,18,483.0,156.0,True,PESOS POTROS 2016.xlsx
Zambuka,M,2016-02-24,2017-09-15,19,501.0,158.0,True,PESOS POTROS 2016.xlsx
Zambuka,M,2016-02-24,2017-10-15,20,515.0,158.0,True,PESOS POTROS 2016.xlsx
Zambuka,M,2016-02-24,2017-11-15,21,507.0,158.0,True,PESOS POTROS 2016.xlsx
Zambuka,M,2016-02-24,2017-12-15,22,516.0,158.0,True,PESOS POTROS 2016.xlsx
Dushevina,H,2017-02-12,2017-02-12,0,58.0,,True,PESOS POTROS 2017.xlsx
Dushevina,H,2017-02-12,2017-03-15,1,108.0,114.0,True,PESOS POTROS 2017.xlsx
Dushevina,H,2017-02-12,2017-04-15,2,142.0,120.0,True,PESOS POTROS 2017.xlsx
Dushevina,H,2017-02-12,2017-05-15,3,189.0,125.0,True,PESOS POTROS 2017.xlsx
Dushevina,H,2017-02-12,2017-06-15,4,219.0,128.0,True,PESOS POTROS 2017.xlsx
Dushevina,H,2017-02-12,2017-07-15,5,247.0,134.0,True,PESOS POTROS 2017.xlsx
Dushevina,H,2017-02-12,2017-08-15,6,266.0,136.0,True,PESOS POTROS 2017.xlsx
Dushevina,H,2017-02-12,2017-09-15,7,302.0,139.0,True,PESOS POTROS 2017.xlsx
Dushevina,H,2017-02-12,2017-10-15,8,333.0,142.0,True,PESOS POTROS 2017.xlsx
Dushevina,H,2017-02-12,2017-11-15,9,361.0,142.0,True,PESOS POTROS 2017.xlsx
Dushevina,H,2017-02-12,2017-12-15,10,363.0,144.0,True,PESOS POTROS 2017.xlsx
Dushevina,H,2017-02-12,2018-01-15,11,358.0,145.0,True,PESOS POTROS 2017.xlsx
Dushevina,H,2017-02-12,2018-02-15,12,375.0,147.0,True,PESOS POTROS 2017.xlsx
Dushevina,H,2017-02-12,2018-03-15,13,395.0,150.0,True,PESOS POTROS 2017.xlsx
Dushevina,H,2017-02-12,2018-04-15,14,427.0,152.0,True,PESOS POTROS 2017.xlsx
Dushevina,H,2017-02-12,2018-05-15,15,450.0,153.0,True,PESOS POTROS 2017.xlsx
Dushevina,H,2017-02-12,2018-06-15,16,472.0,154.0,True,PESOS POTROS 2017.xlsx
Dushevina,H,2017-02-12,2018-07-15,17,452.0,156.0,True,PESOS POTROS 2017.xlsx
Dushevina,H,2017-02-12,2018-08-15,18,518.0,157.0,True,PESOS POTROS 2017.xlsx
Dushevina,H,2017-02-12,2018-09-15,19,535.0,159.0,True,PESOS POTROS 2017.xlsx
Dushevina,H,2017-02-12,2018-10-15,20,508.0,159.0,True,PESOS POTROS 2017.xlsx
Mi Angela,H,2017-02-02,2017-02-02,0,56.0,,True,PESOS POTROS 2017.xlsx
Mi Angela,H,2017-02-02,2017-03-15,1,124.0,119.0,True,PESOS POTROS 2017.xlsx
Mi Angela,H,2017-02-02,2017-04-15,2,157.0,123.0,True,PESOS POTROS 2017.xlsx
Mi Angela,H,2017-02-02,2017-05-15,3,199.0,127.0,True,PESOS POTROS 2017.xlsx
Mi Angela,H,2017-02-02,2017-06-15,4,223.0,130.0,True,PESOS POTROS 2017.xlsx
Mi Angela,H,2017-02-02,2017-07-15,5,240.0,132.0,True,PESOS POTROS 2017.xlsx
Mi Angela,H,2017-02-02,2017-08-15,6,259.0,136.0,True,PESOS POTROS 2017.xlsx
Mi Angela,H,2017-02-02,2017-09-15,7,287.0,137.0,True,PESOS POTROS 2017.xlsx
Mi Angela,H,2017-02-02,2017-10-15,8,307.0,140.0,True,PESOS POTROS 2017.xlsx
Mi Angela,H,2017-02-02,2017-11-15,9,334.0,141.0,True,PESOS POTROS 2017.xlsx
Mi Angela,H,2017-02-02,2017-12-15,10,341.0,142.0,True,PESOS POTROS 2017.xlsx
Mi Angela,H,2017-02-02,2018-01-15,11,328.0,144.0,True,PESOS POTROS 2017.xlsx
Mi Angela,H,2017-02-02,2018-02-15,12,344.0,146.0,True,PESOS POTROS 2017.xlsx
Mi Angela,H,2017-02-02,2018-03-15,13,366.0,148.0,True,PESOS POTROS 2017.xlsx
Mi Angela,H,2017-02-02,2018-04-15,14,396.0,148.0,True,PESOS POTROS 2017.xlsx
Mi Angela,H,2017-02-02,2018-05-15,15,413.0,150.0,True,PESOS POTROS 2017.xlsx
Mi Angela,H,2017-02-02,2018-06-15,16,439.0,152.0,True,PESOS POTROS 2017.xlsx
Mi Angela,H,2017-02-02,2018-07-15,17,452.0,153.0,True,PESOS POTROS 2017.xlsx
Mi Angela,H,2017-02-02,2018-08-15,18,483.0,155.0,True,PESOS POTROS 2017.xlsx
Mi Angela,H,2017-02-02,2018-09-15,19,496.0,156.0,True,PESOS POTROS 2017.xlsx
Mi Angela,H,2017-02-02,2018-10-15,20,474.0,156.0,True,PESOS POTROS 2017.xlsx
Peaks and Pikis,H,2017-03-11,2017-03-11,0,52.0,,True,PESOS POTROS 2017.xlsx
Peaks and Pikis,H,2017-03-11,2017-04-15,1,100.0,112.0,True,PESOS POTROS 2017.xlsx
Peaks and Pikis,H,2017-03-11,2017-05-15,2,139.0,119.0,True,PESOS POTROS 2017.xlsx
Peaks and Pikis,H,2017-03-11,2017-06-15,3,171.0,122.0,True,PESOS POTROS 2017.xlsx
Peaks and Pikis,H,2017-03-11,2017-07-15,4,199.0,127.0,True,PESOS POTROS 2017.xlsx
Peaks and Pikis,H,2017-03-11,2017-08-15,5,206.0,131.0,True,PESOS POTROS 2017.xlsx
Peaks and Pikis,H,2017-03-11,2017-09-15,6,237.0,132.0,True,PESOS POTROS 2017.xlsx
Peaks and Pikis,H,2017-03-11,2017-10-15,7,266.0,134.0,True,PESOS POTROS 2017.xlsx
Peaks and Pikis,H,2017-03-11,2017-11-15,8,261.0,135.0,True,PESOS POTROS 2017.xlsx
Peaks and Pikis,H,2017-03-11,2017-12-15,9,295.0,138.0,True,PESOS POTROS 2017.xlsx
Peaks and Pikis,H,2017-03-11,2018-01-15,10,292.0,138.0,True,PESOS POTROS 2017.xlsx
Peaks and Pikis,H,2017-03-11,2018-02-15,11,315.0,142.0,True,PESOS POTROS 2017.xlsx
Peaks and Pikis,H,2017-03-11,2018-03-15,12,342.0,143.0,True,PESOS POTROS 2017.xlsx
Peaks and Pikis,H,2017-03-11,2018-04-15,13,369.0,145.0,True,PESOS POTROS 2017.xlsx
Peaks and Pikis,H,2017-03-11,2018-05-15,14,394.0,147.0,True,PESOS POTROS 2017.xlsx
Peaks and Pikis,H,2017-03-11,2018-06-15,15,414.0,149.0,True,PESOS POTROS 2017.xlsx
Peaks and Pikis,H,2017-03-11,2018-07-15,16,425.0,149.0,True,PESOS POTROS 2017.xlsx
Peaks and Pikis,H,2017-03-11,2018-08-15,17,452.0,150.0,True,PESOS POTROS 2017.xlsx
Peaks and Pikis,H,2017-03-11,2018-09-15,18,452.0,151.0,True,PESOS POTROS 2017.xlsx
Peaks and Pikis,H,2017-03-11,2018-10-15,19,446.0,153.0,True,PESOS POTROS 2017.xlsx
Quality Baby,H,2017-05-16,2017-05-16,0,59.0,,True,PESOS POTROS 2017.xlsx
Quality Baby,H,2017-05-16,2017-06-15,1,105.0,115.0,True,PESOS POTROS 2017.xlsx
Quality Baby,H,2017-05-16,2017-07-15,2,144.0,122.0,True,PESOS POTROS 2017.xlsx
Quality Baby,H,2017-05-16,2017-08-15,3,189.0,129.0,True,PESOS POTROS 2017.xlsx
Quality Baby,H,2017-05-16,2017-09-15,4,231.0,134.0,True,PESOS POTROS 2017.xlsx
Quality Baby,H,2017-05-16,2017-10-15,5,260.0,136.0,True,PESOS POTROS 2017.xlsx
Quality Baby,H,2017-05-16,2017-11-15,6,273.0,138.0,True,PESOS POTROS 2017.xlsx
Quality Baby,H,2017-05-16,2017-12-15,7,297.0,142.0,True,PESOS POTROS 2017.xlsx
Quality Baby,H,2017-05-16,2018-01-15,8,297.0,143.0,True,PESOS POTROS 2017.xlsx
Quality Baby,H,2017-05-16,2018-02-15,9,315.0,144.0,True,PESOS POTROS 2017.xlsx
Quality Baby,H,2017-05-16,2018-03-15,10,336.0,147.0,True,PESOS POTROS 2017.xlsx
Quality Baby,H,2017-05-16,2018-04-15,11,361.0,149.0,True,PESOS POTROS 2017.xlsx
Quality Baby,H,2017-05-16,2018-05-15,12,385.0,150.0,True,PESOS POTROS 2017.xlsx
Quality Baby,H,2017-05-16,2018-06-15,13,402.0,152.0,True,PESOS POTROS 2017.xlsx
Quality Baby,H,2017-05-16,2018-07-15,14,422.0,154.0,True,PESOS POTROS 2017.xlsx
Quality Baby,H,2017-05-16,2018-08-15,15,450.0,155.0,True,PESOS POTROS 2017.xlsx
Quality Baby,H,2017-05-16,2018-09-15,16,461.0,156.0,True,PESOS POTROS 2017.xlsx
Quality Baby,H,2017-05-16,2018-10-15,17,452.0,156.0,True,PESOS POTROS 2017.xlsx
Strawberry Day,H,2017-01-21,2017-01-21,0,40.0,,True,PESOS POTROS 2017.xlsx
Strawberry Day,H,2017-01-21,2017-02-15,1,79.0,105.0,True,PESOS POTROS 2017.xlsx
Strawberry Day,H,2017-01-21,2017-03-15,2,102.0,111.0,True,PESOS POTROS 2017.xlsx
Strawberry Day,H,2017-01-21,2017-04-15,3,136.0,117.0,True,PESOS POTROS 2017.xlsx
Strawberry Day,H,2017-01-21,2017-05-15,4,168.0,121.0,True,PESOS POTROS 2017.xlsx
Strawberry Day,H,2017-01-21,2017-06-15,5,201.0,126.0,True,PESOS POTROS 2017.xlsx
Strawberry Day,H,2017-01-21,2017-07-15,6,210.0,128.0,True,PESOS POTROS 2017.xlsx
Strawberry Day,H,2017-01-21,2017-08-15,7,248.0,132.0,True,PESOS POTROS 2017.xlsx
Strawberry Day,H,2017-01-21,2017-09-15,8,272.0,134.0,True,PESOS POTROS 2017.xlsx
Strawberry Day,H,2017-01-21,2017-10-15,9,295.0,137.0,True,PESOS POTROS 2017.xlsx
Strawberry Day,H,2017-01-21,2017-11-15,10,318.0,138.0,True,PESOS POTROS 2017.xlsx
Strawberry Day,H,2017-01-21,2017-12-15,11,321.0,139.0,True,PESOS POTROS 2017.xlsx
Strawberry Day,H,2017-01-21,2018-01-15,12,320.0,141.0,True,PESOS POTROS 2017.xlsx
Strawberry Day,H,2017-01-21,2018-02-15,13,336.0,143.0,True,PESOS POTROS 2017.xlsx
Strawberry Day,H,2017-01-21,2018-03-15,14,360.0,145.0,True,PESOS POTROS 2017.xlsx
Strawberry Day,H,2017-01-21,2018-04-15,15,380.0,146.0,True,PESOS POTROS 2017.xlsx
Strawberry Day,H,2017-01-21,2018-05-15,16,400.0,148.0,True,PESOS POTROS 2017.xlsx
Strawberry Day,H,2017-01-21,2018-06-15,17,422.0,149.0,True,PESOS POTROS 2017.xlsx
Strawberry Day,H,2017-01-21,2018-07-15,18,440.0,150.0,True,PESOS POTROS 2017.xlsx
Strawberry Day,H,2017-01-21,2018-08-15,19,472.0,151.0,True,PESOS POTROS 2017.xlsx
Strawberry Day,H,2017-01-21,2018-09-15,20,483.0,152.0,True,PESOS POTROS 2017.xlsx
Strawberry Day,H,2017-01-21,2018-10-15,21,464.0,152.0,True,PESOS POTROS 2017.xlsx
Xibelita,H,2017-04-29,2017-04-29,0,52.0,,True,PESOS POTROS 2017.xlsx
Xibelita,H,2017-04-29,2017-05-15,1,83.0,105.0,True,PESOS POTROS 2017.xlsx
Xibelita,H,2017-04-29,2017-06-15,2,125.0,116.0,True,PESOS POTROS 2017.xlsx
Xibelita,H,2017-04-29,2017-07-15,3,160.0,121.0,True,PESOS POTROS 2017.xlsx
Xibelita,H,2017-04-29,2017-08-15,4,204.0,127.0,True,PESOS POTROS 2017.xlsx
Xibelita,H,2017-04-29,2017-09-15,5,240.0,133.0,True,PESOS POTROS 2017.xlsx
Xibelita,H,2017-04-29,2017-10-15,6,255.0,134.0,True,PESOS POTROS 2017.xlsx
Xibelita,H,2017-04-29,2017-11-15,7,250.0,134.0,True,PESOS POTROS 2017.xlsx
Xibelita,H,2017-04-29,2017-12-15,8,266.0,136.0,True,PESOS POTROS 2017.xlsx
Xibelita,H,2017-04-29,2018-01-15,9,270.0,136.0,True,PESOS POTROS 2017.xlsx
Xibelita,H,2017-04-29,2018-02-15,10,271.0,139.0,True,PESOS POTROS 2017.xlsx
Xibelita,H,2017-04-29,2018-04-15,12,302.0,142.0,True,PESOS POTROS 2017.xlsx
Xibelita,H,2017-04-29,2018-05-15,13,338.0,144.0,True,PESOS POTROS 2017.xlsx
Xibelita,H,2017-04-29,2018-06-15,14,368.0,145.0,True,PESOS POTROS 2017.xlsx
Xibelita,H,2017-04-29,2018-07-15,15,395.0,147.0,True,PESOS POTROS 2017.xlsx
Xibelita,H,2017-04-29,2018-08-15,16,410.0,149.0,True,PESOS POTROS 2017.xlsx
Xibelita,H,2017-04-29,2018-09-15,17,436.0,150.0,True,PESOS POTROS 2017.xlsx
Xibelita,H,2017-04-29,2018-10-15,18,424.0,150.0,True,PESOS POTROS 2017.xlsx
Yugoslava,H,2017-02-24,2017-02-24,0,46.0,,True,PESOS POTROS 2017.xlsx
Yugoslava,H,2017-02-24,2017-03-15,1,77.0,106.0,True,PESOS POTROS 2017.xlsx
Yugoslava,H,2017-02-24,2017-04-15,2,110.0,111.0,True,PESOS POTROS 2017.xlsx
Yugoslava,H,2017-02-24,2017-05-15,3,153.0,120.0,True,PESOS POTROS 2017.xlsx
Yugoslava,H,2017-02-24,2017-06-15,4,187.0,125.0,True,PESOS POTROS 2017.xlsx
Yugoslava,H,2017-02-24,2017-07-15,5,214.0,127.0,True,PESOS POTROS 2017.xlsx
Yugoslava,H,2017-02-24,2017-08-15,6,214.0,133.0,True,PESOS POTROS 2017.xlsx
Yugoslava,H,2017-02-24,2017-09-15,7,256.0,134.0,True,PESOS POTROS 2017.xlsx
Yugoslava,H,2017-02-24,2017-10-15,8,282.0,136.0,True,PESOS POTROS 2017.xlsx
Yugoslava,H,2017-02-24,2017-11-15,9,297.0,139.0,True,PESOS POTROS 2017.xlsx
Yugoslava,H,2017-02-24,2017-12-15,10,323.0,139.0,True,PESOS POTROS 2017.xlsx
Yugoslava,H,2017-02-24,2018-01-15,11,318.0,141.0,True,PESOS POTROS 2017.xlsx
Yugoslava,H,2017-02-24,2018-02-15,12,334.0,145.0,True,PESOS POTROS 2017.xlsx
Yugoslava,H,2017-02-24,2018-03-15,13,354.0,146.0,True,PESOS POTROS 2017.xlsx
Yugoslava,H,2017-02-24,2018-04-15,14,380.0,148.0,True,PESOS POTROS 2017.xlsx
Yugoslava,H,2017-02-24,2018-05-15,15,389.0,149.0,True,PESOS POTROS 2017.xlsx
Yugoslava,H,2017-02-24,2018-06-15,16,403.0,151.0,True,PESOS POTROS 2017.xlsx
Yugoslava,H,2017-02-24,2018-07-15,17,425.0,154.0,True,PESOS POTROS 2017.xlsx
Yugoslava,H,2017-02-24,2018-08-15,18,456.0,154.0,True,PESOS POTROS 2017.xlsx
Yugoslava,H,2017-02-24,2018-09-15,19,467.0,155.0,True,PESOS POTROS 2017.xlsx
Yugoslava,H,2017-02-24,2018-10-15,20,449.0,155.0,True,PESOS POTROS 2017.xlsx
Zonata,H,2017-04-06,2017-04-06,0,62.0,,True,PESOS POTROS 2017.xlsx
Zonata,H,2017-04-06,2017-05-15,1,134.0,117.0,True,PESOS POTROS 2017.xlsx
Zonata,H,2017-04-06,2017-06-15,2,156.0,122.0,True,PESOS POTROS 2017.xlsx
Zonata,H,2017-04-06,2017-07-15,3,193.0,126.0,True,PESOS POTROS 2017.xlsx
Zonata,H,2017-04-06,2017-08-15,4,221.0,131.0,True,PESOS POTROS 2017.xlsx
Zonata,H,2017-04-06,2017-09-15,5,236.0,134.0,True,PESOS POTROS 2017.xlsx
Zonata,H,2017-04-06,2017-10-15,6,255.0,135.0,True,PESOS POTROS 2017.xlsx
Zonata,H,2017-04-06,2017-11-15,7,270.0,137.0,True,PESOS POTROS 2017.xlsx
Zonata,H,2017-04-06,2017-12-15,8,288.0,138.0,True,PESOS POTROS 2017.xlsx
Zonata,H,2017-04-06,2018-01-15,9,291.0,139.0,True,PESOS POTROS 2017.xlsx
Zonata,H,2017-04-06,2018-02-15,10,308.0,143.0,True,PESOS POTROS 2017.xlsx
Zonata,H,2017-04-06,2018-03-15,11,334.0,145.0,True,PESOS POTROS 2017.xlsx
Zonata,H,2017-04-06,2018-04-15,12,358.0,147.0,True,PESOS POTROS 2017.xlsx
Zonata,H,2017-04-06,2018-05-15,13,371.0,148.0,True,PESOS POTROS 2017.xlsx
Zonata,H,2017-04-06,2018-06-15,14,396.0,150.0,True,PESOS POTROS 2017.xlsx
Zonata,H,2017-04-06,2018-07-15,15,417.0,152.0,True,PESOS POTROS 2017.xlsx
Zonata,H,2017-04-06,2018-08-15,16,443.0,155.0,True,PESOS POTROS 2017.xlsx
Zonata,H,2017-04-06,2018-09-15,17,460.0,155.0,True,PESOS POTROS 2017.xlsx
Zonata,H,2017-04-06,2018-10-15,18,431.0,155.0,True,PESOS POTROS 2017.xlsx
Bazuca,M,2017-01-18,2017-01-18,0,50.0,,True,PESOS POTROS 2017.xlsx
Bazuca,M,2017-01-18,2017-02-15,1,91.0,111.0,True,PESOS POTROS 2017.xlsx
Bazuca,M,2017-01-18,2017-03-15,2,120.0,116.0,True,PESOS POTROS 2017.xlsx
Bazuca,M,2017-01-18,2017-04-15,3,154.0,121.0,True,PESOS POTROS 2017.xlsx
Bazuca,M,2017-01-18,2017-05-15,4,200.0,127.0,True,PESOS POTROS 2017.xlsx
Bazuca,M,2017-01-18,2017-06-15,5,228.0,131.0,True,PESOS POTROS 2017.xlsx
Bazuca,M,2017-01-18,2017-07-15,6,228.0,134.0,True,PESOS POTROS 2017.xlsx
Bazuca,M,2017-01-18,2017-08-15,7,273.0,136.0,True,PESOS POTROS 2017.xlsx
Bazuca,M,2017-01-18,2017-09-15,8,304.0,138.0,True,PESOS POTROS 2017.xlsx
Bazuca,M,2017-01-18,2017-10-15,9,321.0,141.0,True,PESOS POTROS 2017.xlsx
Bazuca,M,2017-01-18,2017-11-15,10,343.0,141.0,True,PESOS POTROS 2017.xlsx
Bazuca,M,2017-01-18,2017-12-15,11,345.0,142.0,True,PESOS POTROS 2017.xlsx
Bazuca,M,2017-01-18,2018-01-15,12,334.0,145.0,True,PESOS POTROS 2017.xlsx
Bazuca,M,2017-01-18,2018-02-15,13,342.0,146.0,True,PESOS POTROS 2017.xlsx
Bazuca,M,2017-01-18,2018-03-15,14,371.0,150.0,True,PESOS POTROS 2017.xlsx
Bazuca,M,2017-01-18,2018-04-15,15,384.0,150.0,True,PESOS POTROS 2017.xlsx
Bazuca,M,2017-01-18,2018-05-15,16,403.0,150.0,True,PESOS POTROS 2017.xlsx
Bazuca,M,2017-01-18,2018-06-15,17,421.0,152.0,True,PESOS POTROS 2017.xlsx
Bazuca,M,2017-01-18,2018-07-15,18,442.0,154.0,True,PESOS POTROS 2017.xlsx
Bazuca,M,2017-01-18,2018-08-15,19,472.0,154.0,True,PESOS POTROS 2017.xlsx
Bazuca,M,2017-01-18,2018-09-15,20,483.0,154.0,True,PESOS POTROS 2017.xlsx
Bazuca,M,2017-01-18,2018-10-15,21,470.0,155.0,True,PESOS POTROS 2017.xlsx
Chimmytown,M,2017-04-17,2017-04-17,0,46.0,,True,PESOS POTROS 2017.xlsx
Chimmytown,M,2017-04-17,2017-05-15,1,97.0,112.0,True,PESOS POTROS 2017.xlsx
Chimmytown,M,2017-04-17,2017-06-15,2,125.0,115.0,True,PESOS POTROS 2017.xlsx
Chimmytown,M,2017-04-17,2017-07-15,3,161.0,120.0,True,PESOS POTROS 2017.xlsx
Chimmytown,M,2017-04-17,2017-08-15,4,181.0,127.0,True,PESOS POTROS 2017.xlsx
Chimmytown,M,2017-04-17,2017-09-15,5,206.0,129.0,True,PESOS POTROS 2017.xlsx
Chimmytown,M,2017-04-17,2017-10-15,6,219.0,132.0,True,PESOS POTROS 2017.xlsx
Chimmytown,M,2017-04-17,2017-11-15,7,238.0,132.0,True,PESOS POTROS 2017.xlsx
Chimmytown,M,2017-04-17,2017-12-15,8,254.0,135.0,True,PESOS POTROS 2017.xlsx
Chimmytown,M,2017-04-17,2018-01-15,9,268.0,136.0,True,PESOS POTROS 2017.xlsx
Chimmytown,M,2017-04-17,2018-02-15,10,271.0,138.0,True,PESOS POTROS 2017.xlsx
Chimmytown,M,2017-04-17,2018-03-15,11,292.0,139.0,True,PESOS POTROS 2017.xlsx
Chimmytown,M,2017-04-17,2018-04-15,12,310.0,142.0,True,PESOS POTROS 2017.xlsx
Chimmytown,M,2017-04-17,2018-05-15,13,326.0,145.0,True,PESOS POTROS 2017.xlsx
Chimmytown,M,2017-04-17,2018-06-15,14,354.0,145.0,True,PESOS POTROS 2017.xlsx
Chimmytown,M,2017-04-17,2018-07-15,15,368.0,148.0,True,PESOS POTROS 2017.xlsx
Chimmytown,M,2017-04-17,2018-08-15,16,391.0,150.0,True,PESOS POTROS 2017.xlsx
Chimmytown,M,2017-04-17,2018-09-15,17,413.0,151.0,True,PESOS POTROS 2017.xlsx
Chimmytown,M,2017-04-17,2018-10-15,18,411.0,151.0,True,PESOS POTROS 2017.xlsx
Go Dawg,M,2017-05-13,2017-05-13,0,50.0,,True,PESOS POTROS 2017.xlsx
Go Dawg,M,2017-05-13,2017-06-15,1,101.0,108.0,True,PESOS POTROS 2017.xlsx
Go Dawg,M,2017-05-13,2017-07-15,2,134.0,114.0,True,PESOS POTROS 2017.xlsx
Go Dawg,M,2017-05-13,2017-08-15,3,166.0,119.0,True,PESOS POTROS 2017.xlsx
Go Dawg,M,2017-05-13,2017-09-15,4,189.0,125.0,True,PESOS POTROS 2017.xlsx
Go Dawg,M,2017-05-13,2017-10-15,5,224.0,128.0,True,PESOS POTROS 2017.xlsx
Go Dawg,M,2017-05-13,2017-11-15,6,241.0,129.0,True,PESOS POTROS 2017.xlsx
Go Dawg,M,2017-05-13,2017-12-15,7,258.0,131.0,True,PESOS POTROS 2017.xlsx
Go Dawg,M,2017-05-13,2018-01-15,8,266.0,134.0,True,PESOS POTROS 2017.xlsx
Go Dawg,M,2017-05-13,2018-02-15,9,271.0,136.0,True,PESOS POTROS 2017.xlsx
Go Dawg,M,2017-05-13,2018-03-15,10,287.0,138.0,True,PESOS POTROS 2017.xlsx
Go Dawg,M,2017-05-13,2018-04-15,11,299.0,139.0,True,PESOS POTROS 2017.xlsx
Go Dawg,M,2017-05-13,2018-05-15,12,322.0,141.0,True,PESOS POTROS 2017.xlsx
Go Dawg,M,2017-05-13,2018-06-15,13,342.0,141.0,True,PESOS POTROS 2017.xlsx
Go Dawg,M,2017-05-13,2018-07-15,14,369.0,144.0,True,PESOS POTROS 2017.xlsx
Go Dawg,M,2017-05-13,2018-08-15,15,397.0,148.0,True,PESOS POTROS 2017.xlsx
Go Dawg,M,2017-05-13,2018-09-15,16,413.0,149.0,True,PESOS POTROS 2017.xlsx
Go Dawg,M,2017-05-13,2018-10-15,17,410.0,149.0,True,PESOS POTROS 2017.xlsx
Go Vivian Go,M,2017-03-28,2017-03-28,0,50.0,,True,PESOS POTROS 2017.xlsx
Go Vivian Go,M,2017-03-28,2017-04-15,1,74.0,105.0,True,PESOS POTROS 2017.xlsx
Go Vivian Go,M,2017-03-28,2017-05-15,2,116.0,118.0,True,PESOS POTROS 2017.xlsx
Go Vivian Go,M,2017-03-28,2017-06-15,3,148.0,123.0,True,PESOS POTROS 2017.xlsx
Go Vivian Go,M,2017-03-28,2017-07-15,4,185.0,127.0,True,PESOS POTROS 2017.xlsx
Go Vivian Go,M,2017-03-28,2017-08-15,5,192.0,132.0,True,PESOS POTROS 2017.xlsx
Go Vivian Go,M,2017-03-28,2017-09-15,6,206.0,132.0,True,PESOS POTROS 2017.xlsx
Go Vivian Go,M,2017-03-28,2017-10-15,7,235.0,134.0,True,PESOS POTROS 2017.xlsx
Go Vivian Go,M,2017-03-28,2017-11-15,8,261.0,137.0,True,PESOS POTROS 2017.xlsx
Go Vivian Go,M,2017-03-28,2017-12-15,9,280.0,138.0,True,PESOS POTROS 2017.xlsx
Go Vivian Go,M,2017-03-28,2018-01-15,10,278.0,139.0,True,PESOS POTROS 2017.xlsx
Go Vivian Go,M,2017-03-28,2018-02-15,11,295.0,143.0,True,PESOS POTROS 2017.xlsx
Go Vivian Go,M,2017-03-28,2018-04-15,13,344.0,145.0,True,PESOS POTROS 2017.xlsx
Go Vivian Go,M,2017-03-28,2018-05-15,14,365.0,148.0,True,PESOS POTROS 2017.xlsx
Go Vivian Go,M,2017-03-28,2018-06-15,15,400.0,150.0,True,PESOS POTROS 2017.xlsx
Go Vivian Go,M,2017-03-28,2018-07-15,16,380.0,152.0,True,PESOS POTROS 2017.xlsx
Go Vivian Go,M,2017-03-28,2018-08-15,17,436.0,155.0,True,PESOS POTROS 2017.xlsx
Go Vivian Go,M,2017-03-28,2018-09-15,18,459.0,157.0,True,PESOS POTROS 2017.xlsx
Go Vivian Go,M,2017-03-28,2018-10-15,19,445.0,158.0,True,PESOS POTROS 2017.xlsx
Up Town Lady,M,2017-01-08,2017-01-08,0,59.0,,True,PESOS POTROS 2017.xlsx
Up Town Lady,M,2017-01-08,2017-02-15,1,112.0,118.0,True,PESOS POTROS 2017.xlsx
Up Town Lady,M,2017-01-08,2017-03-15,2,150.0,122.0,True,PESOS POTROS 2017.xlsx
Up Town Lady,M,2017-01-08,2017-04-15,3,182.0,126.0,True,PESOS POTROS 2017.xlsx
Up Town Lady,M,2017-01-08,2017-05-15,4,228.0,132.0,True,PESOS POTROS 2017.xlsx
Up Town Lady,M,2017-01-08,2017-06-15,5,258.0,135.0,True,PESOS POTROS 2017.xlsx
Up Town Lady,M,2017-01-08,2017-07-15,6,276.0,137.0,True,PESOS POTROS 2017.xlsx
Up Town Lady,M,2017-01-08,2017-08-15,7,306.0,140.0,True,PESOS POTROS 2017.xlsx
Up Town Lady,M,2017-01-08,2017-09-15,8,335.0,142.0,True,PESOS POTROS 2017.xlsx
Up Town Lady,M,2017-01-08,2017-10-15,9,359.0,144.0,True,PESOS POTROS 2017.xlsx
Up Town Lady,M,2017-01-08,2017-11-15,10,371.0,146.0,True,PESOS POTROS 2017.xlsx
Up Town Lady,M,2017-01-08,2017-12-15,11,368.0,146.0,True,PESOS POTROS 2017.xlsx
Up Town Lady,M,2017-01-08,2018-01-15,12,370.0,146.0,True,PESOS POTROS 2017.xlsx
Up Town Lady,M,2017-01-08,2018-02-15,13,382.0,147.0,True,PESOS POTROS 2017.xlsx
Up Town Lady,M,2017-01-08,2018-03-15,14,404.0,150.0,True,PESOS POTROS 2017.xlsx
Up Town Lady,M,2017-01-08,2018-04-15,15,415.0,151.0,True,PESOS POTROS 2017.xlsx
Up Town Lady,M,2017-01-08,2018-05-15,16,440.0,153.0,True,PESOS POTROS 2017.xlsx
Up Town Lady,M,2017-01-08,2018-06-15,17,453.0,153.0,True,PESOS POTROS 2017.xlsx
Up Town Lady,M,2017-01-08,2018-07-15,18,478.0,156.0,True,PESOS POTROS 2017.xlsx
Up Town Lady,M,2017-01-08,2018-08-15,19,503.0,157.0,True,PESOS POTROS 2017.xlsx
Up Town Lady,M,2017-01-08,2018-09-15,20,520.0,158.0,True,PESOS POTROS 2017.xlsx
Up Town Lady,M,2017-01-08,2018-10-15,21,518.0,158.0,True,PESOS POTROS 2017.xlsx
Urban Legend,M,2017-04-24,2017-04-24,0,58.0,,True,PESOS POTROS 2017.xlsx
Urban Legend,M,2017-04-24,2017-05-15,1,87.0,111.0,True,PESOS POTROS 2017.xlsx
Urban Legend,M,2017-04-24,2017-06-15,2,119.0,118.0,True,PESOS POTROS 2017.xlsx
Urban Legend,M,2017-04-24,2017-07-15,3,156.0,124.0,True,PESOS POTROS 2017.xlsx
Urban Legend,M,2017-04-24,2017-08-15,4,193.0,128.0,True,PESOS POTROS 2017.xlsx
Urban Legend,M,2017-04-24,2017-09-15,5,228.0,132.0,True,PESOS POTROS 2017.xlsx
Urban Legend,M,2017-04-24,2017-10-15,6,237.0,135.0,True,PESOS POTROS 2017.xlsx
Urban Legend,M,2017-04-24,2017-11-15,7,265.0,136.0,True,PESOS POTROS 2017.xlsx
Urban Legend,M,2017-04-24,2017-12-15,8,281.0,139.0,True,PESOS POTROS 2017.xlsx
Urban Legend,M,2017-04-24,2018-01-15,9,279.0,140.0,True,PESOS POTROS 2017.xlsx
Urban Legend,M,2017-04-24,2018-02-15,10,279.0,140.0,True,PESOS POTROS 2017.xlsx
Urban Legend,M,2017-04-24,2018-03-15,11,294.0,143.0,True,PESOS POTROS 2017.xlsx
Urban Legend,M,2017-04-24,2018-04-15,12,318.0,145.0,True,PESOS POTROS 2017.xlsx
Urban Legend,M,2017-04-24,2018-05-15,13,338.0,147.0,True,PESOS POTROS 2017.xlsx
Urban Legend,M,2017-04-24,2018-06-15,14,367.0,147.0,True,PESOS POTROS 2017.xlsx
Urban Legend,M,2017-04-24,2018-07-15,15,388.0,150.0,True,PESOS POTROS 2017.xlsx
Urban Legend,M,2017-04-24,2018-08-15,16,417.0,153.0,True,PESOS POTROS 2017.xlsx
Urban Legend,M,2017-04-24,2018-09-15,17,430.0,152.0,True,PESOS POTROS 2017.xlsx
Urban Legend,M,2017-04-24,2018-10-15,18,421.0,152.0,True,PESOS POTROS 2017.xlsx
Wendy,M,2017-03-24,2017-03-24,0,66.0,,True,PESOS POTROS 2017.xlsx
Wendy,M,2017-03-24,2017-04-15,1,101.0,109.0,True,PESOS POTROS 2017.xlsx
Wendy,M,2017-03-24,2017-05-15,2,149.0,120.0,True,PESOS POTROS 2017.xlsx
Wendy,M,2017-03-24,2017-06-15,3,177.0,125.0,True,PESOS POTROS 2017.xlsx
Wendy,M,2017-03-24,2017-07-15,4,209.0,128.0,True,PESOS POTROS 2017.xlsx
Wendy,M,2017-03-24,2017-08-15,5,230.0,131.0,True,PESOS POTROS 2017.xlsx
Wendy,M,2017-03-24,2017-09-15,6,253.0,135.0,True,PESOS POTROS 2017.xlsx
Wendy,M,2017-03-24,2017-10-15,7,282.0,136.0,True,PESOS POTROS 2017.xlsx
Wendy,M,2017-03-24,2017-11-15,8,304.0,140.0,True,PESOS POTROS 2017.xlsx
Wendy,M,2017-03-24,2017-12-15,9,318.0,141.0,True,PESOS POTROS 2017.xlsx
Wendy,M,2017-03-24,2018-01-15,10,312.0,141.0,True,PESOS POTROS 2017.xlsx
Wendy,M,2017-03-24,2018-02-15,11,326.0,144.0,True,PESOS POTROS 2017.xlsx
Wendy,M,2017-03-24,2018-03-15,12,347.0,145.0,True,PESOS POTROS 2017.xlsx
Wendy,M,2017-03-24,2018-04-15,13,357.0,146.0,True,PESOS POTROS 2017.xlsx
Wendy,M,2017-03-24,2018-05-15,14,376.0,147.0,True,PESOS POTROS 2017.xlsx
Wendy,M,2017-03-24,2018-06-15,15,380.0,148.0,True,PESOS POTROS 2017.xlsx
Wendy,M,2017-03-24,2018-07-15,16,411.0,150.0,True,PESOS POTROS 2017.xlsx
Wendy,M,2017-03-24,2018-08-15,17,442.0,152.0,True,PESOS POTROS 2017.xlsx
Wendy,M,2017-03-24,2018-09-15,18,456.0,152.0,True,PESOS POTROS 2017.xlsx
Wendy,M,2017-03-24,2018-10-15,19,447.0,154.0,True,PESOS POTROS 2017.xlsx
Wild Cherry,M,2017-02-11,2017-02-11,0,56.0,,True,PESOS POTROS 2017.xlsx
Wild Cherry,M,2017-02-11,2017-03-15,1,105.0,112.0,True,PESOS POTROS 2017.xlsx
Wild Cherry,M,2017-02-11,2017-04-15,2,140.0,118.0,True,PESOS POTROS 2017.xlsx
Wild Cherry,M,2017-02-11,2017-05-15,3,179.0,123.0,True,PESOS POTROS 2017.xlsx
Wild Cherry,M,2017-02-11,2017-06-15,4,203.0,126.0,True,PESOS POTROS 2017.xlsx
Wild Cherry,M,2017-02-11,2017-07-15,5,226.0,129.0,True,PESOS POTROS 2017.xlsx
Wild Cherry,M,2017-02-11,2017-08-15,6,246.0,134.0,True,PESOS POTROS 2017.xlsx
Wild Cherry,M,2017-02-11,2017-09-15,7,267.0,134.0,True,PESOS POTROS 2017.xlsx
Wild Cherry,M,2017-02-11,2017-10-15,8,269.0,136.0,True,PESOS POTROS 2017.xlsx
Wild Cherry,M,2017-02-11,2017-11-15,9,305.0,138.0,True,PESOS POTROS 2017.xlsx
Wild Cherry,M,2017-02-11,2017-12-15,10,320.0,138.0,True,PESOS POTROS 2017.xlsx
Wild Cherry,M,2017-02-11,2018-01-15,11,317.0,141.0,True,PESOS POTROS 2017.xlsx
Wild Cherry,M,2017-02-11,2018-02-15,12,332.0,143.0,True,PESOS POTROS 2017.xlsx
Wild Cherry,M,2017-02-11,2018-03-15,13,349.0,143.0,True,PESOS POTROS 2017.xlsx
Wild Cherry,M,2017-02-11,2018-04-15,14,362.0,145.0,True,PESOS POTROS 2017.xlsx
Wild Cherry,M,2017-02-11,2018-05-15,15,378.0,147.0,True,PESOS POTROS 2017.xlsx
Wild Cherry,M,2017-02-11,2018-06-15,16,396.0,148.0,True,PESOS POTROS 2017.xlsx
Wild Cherry,M,2017-02-11,2018-07-15,17,408.0,148.0,True,PESOS POTROS 2017.xlsx
Wild Cherry,M,2017-02-11,2018-08-15,18,433.0,151.0,True,PESOS POTROS 2017.xlsx
Wild Cherry,M,2017-02-11,2018-09-15,19,440.0,151.0,True,PESOS POTROS 2017.xlsx
Wild Cherry,M,2017-02-11,2018-10-15,20,429.0,152.0,True,PESOS POTROS 2017.xlsx
Xanadu,M,2017-01-02,2017-01-02,0,40.0,,True,PESOS POTROS 2017.xlsx
Xanadu,M,2017-01-02,2017-02-15,1,103.0,113.0,True,PESOS POTROS 2017.xlsx
Xanadu,M,2017-01-02,2017-03-15,2,128.0,115.0,True,PESOS POTROS 2017.xlsx
Xanadu,M,2017-01-02,2017-04-15,3,154.0,120.0,True,PESOS POTROS 2017.xlsx
Xanadu,M,2017-01-02,2017-05-15,4,193.0,125.0,True,PESOS POTROS 2017.xlsx
Xanadu,M,2017-01-02,2017-06-15,5,224.0,127.0,True,PESOS POTROS 2017.xlsx
Xanadu,M,2017-01-02,2017-07-15,6,238.0,130.0,True,PESOS POTROS 2017.xlsx
Xanadu,M,2017-01-02,2017-08-15,7,265.0,135.0,True,PESOS POTROS 2017.xlsx
Xanadu,M,2017-01-02,2017-09-15,8,289.0,137.0,True,PESOS POTROS 2017.xlsx
Xanadu,M,2017-01-02,2017-10-15,9,311.0,137.0,True,PESOS POTROS 2017.xlsx
Xanadu,M,2017-01-02,2017-11-15,10,328.0,140.0,True,PESOS POTROS 2017.xlsx
Xanadu,M,2017-01-02,2017-12-15,11,330.0,140.0,True,PESOS POTROS 2017.xlsx
Xanadu,M,2017-01-02,2018-01-15,12,319.0,142.0,True,PESOS POTROS 2017.xlsx
Xanadu,M,2017-01-02,2018-02-15,13,332.0,142.0,True,PESOS POTROS 2017.xlsx
Xanadu,M,2017-01-02,2018-03-15,14,349.0,145.0,True,PESOS POTROS 2017.xlsx
Xanadu,M,2017-01-02,2018-04-15,15,363.0,145.0,True,PESOS POTROS 2017.xlsx
Xanadu,M,2017-01-02,2018-05-15,16,381.0,146.0,True,PESOS POTROS 2017.xlsx
Xanadu,M,2017-01-02,2018-06-15,17,396.0,147.0,True,PESOS POTROS 2017.xlsx
Xanadu,M,2017-01-02,2018-07-15,18,417.0,148.0,True,PESOS POTROS 2017.xlsx
Xanadu,M,2017-01-02,2018-08-15,19,441.0,150.0,True,PESOS POTROS 2017.xlsx
Xanadu,M,2017-01-02,2018-09-15,20,455.0,150.0,True,PESOS POTROS 2017.xlsx
Xanadu,M,2017-01-02,2018-10-15,21,438.0,151.0,True,PESOS POTROS 2017.xlsx
Xisca,M,2017-03-01,2017-03-01,0,48.0,,True,PESOS POTROS 2017.xlsx
Xisca,M,2017-03-01,2017-04-15,1,108.0,111.0,True,PESOS POTROS 2017.xlsx
Xisca,M,2017-03-01,2017-05-15,2,147.0,118.0,True,PESOS POTROS 2017.xlsx
Xisca,M,2017-03-01,2017-06-15,3,181.0,122.0,True,PESOS POTROS 2017.xlsx
Xisca,M,2017-03-01,2017-07-15,4,198.0,125.0,True,PESOS POTROS 2017.xlsx
Xisca,M,2017-03-01,2017-08-15,5,207.0,127.0,True,PESOS POTROS 2017.xlsx
Xisca,M,2017-03-01,2017-09-15,6,230.0,130.0,True,PESOS POTROS 2017.xlsx
Xisca,M,2017-03-01,2017-10-15,7,246.0,131.0,True,PESOS POTROS 2017.xlsx
Xisca,M,2017-03-01,2017-11-15,8,260.0,132.0,True,PESOS POTROS 2017.xlsx
Xisca,M,2017-03-01,2017-12-15,9,277.0,135.0,True,PESOS POTROS 2017.xlsx
Xisca,M,2017-03-01,2018-01-15,10,284.0,136.6,True,PESOS POTROS 2017.xlsx
Xisca,M,2017-03-01,2018-02-15,11,290.0,137.0,True,PESOS POTROS 2017.xlsx
Xisca,M,2017-03-01,2018-03-15,12,306.0,139.0,True,PESOS POTROS 2017.xlsx
Xisca,M,2017-03-01,2018-04-15,13,327.0,140.0,True,PESOS POTROS 2017.xlsx
Xisca,M,2017-03-01,2018-05-15,14,346.0,141.0,True,PESOS POTROS 2017.xlsx
Xisca,M,2017-03-01,2018-06-15,15,364.0,143.0,True,PESOS POTROS 2017.xlsx
Xisca,M,2017-03-01,2018-07-15,16,382.0,145.0,True,PESOS POTROS 2017.xlsx
Xisca,M,2017-03-01,2018-08-15,17,405.0,148.0,True,PESOS POTROS 2017.xlsx
Xisca,M,2017-03-01,2018-09-15,18,425.0,148.0,True,PESOS POTROS 2017.xlsx
Xisca,M,2017-03-01,2018-10-15,19,421.0,148.0,True,PESOS POTROS 2017.xlsx
Yaba Daba Du,M,2017-01-17,2017-01-17,0,53.0,,True,PESOS POTROS 2017.xlsx
Yaba Daba Du,M,2017-01-17,2017-02-15,1,95.0,115.0,True,PESOS POTROS 2017.xlsx
Yaba Daba Du,M,2017-01-17,2017-03-15,2,122.0,121.0,True,PESOS POTROS 2017.xlsx
Yaba Daba Du,M,2017-01-17,2017-04-15,3,154.0,124.0,True,PESOS POTROS 2017.xlsx
Yaba Daba Du,M,2017-01-17,2017-05-15,4,192.0,130.0,True,PESOS POTROS 2017.xlsx
Yaba Daba Du,M,2017-01-17,2017-06-15,5,223.0,132.0,True,PESOS POTROS 2017.xlsx
Yaba Daba Du,M,2017-01-17,2017-07-15,6,227.0,134.0,True,PESOS POTROS 2017.xlsx
Yaba Daba Du,M,2017-01-17,2017-08-15,7,269.0,139.0,True,PESOS POTROS 2017.xlsx
Yaba Daba Du,M,2017-01-17,2017-09-15,8,289.0,141.0,True,PESOS POTROS 2017.xlsx
Yaba Daba Du,M,2017-01-17,2017-10-15,9,315.0,141.0,True,PESOS POTROS 2017.xlsx
Yaba Daba Du,M,2017-01-17,2017-11-15,10,336.0,145.0,True,PESOS POTROS 2017.xlsx
Yaba Daba Du,M,2017-01-17,2017-12-15,11,344.0,146.0,True,PESOS POTROS 2017.xlsx
Yaba Daba Du,M,2017-01-17,2018-01-15,12,334.0,147.0,True,PESOS POTROS 2017.xlsx
Yaba Daba Du,M,2017-01-17,2018-02-15,13,344.0,148.0,True,PESOS POTROS 2017.xlsx
Yaba Daba Du,M,2017-01-17,2018-03-15,14,356.0,151.0,True,PESOS POTROS 2017.xlsx
Yaba Daba Du,M,2017-01-17,2018-04-15,15,370.0,152.0,True,PESOS POTROS 2017.xlsx
Yaba Daba Du,M,2017-01-17,2018-05-15,16,387.0,152.0,True,PESOS POTROS 2017.xlsx
Yaba Daba Du,M,2017-01-17,2018-06-15,17,381.0,152.0,True,PESOS POTROS 2017.xlsx
Yaba Daba Du,M,2017-01-17,2018-07-15,18,426.0,155.0,True,PESOS POTROS 2017.xlsx
Yaba Daba Du,M,2017-01-17,2018-08-15,19,452.0,157.0,True,PESOS POTROS 2017.xlsx
Yaba Daba Du,M,2017-01-17,2018-09-15,20,463.0,157.0,True,PESOS POTROS 2017.xlsx
Yaba Daba Du,M,2017-01-17,2018-10-15,21,452.0,158.0,True,PESOS POTROS 2017.xlsx
Zambuka,M,2017-03-24,2017-03-24,0,58.0,,True,PESOS POTROS 2017.xlsx
Zambuka,M,2017-03-24,2017-04-15,1,87.0,113.0,True,PESOS POTROS 2017.xlsx
Zambuka,M,2017-03-24,2017-05-15,2,130.0,120.0,True,PESOS POTROS 2017.xlsx
Zambuka,M,2017-03-24,2017-06-15,3,165.0,123.0,True,PESOS POTROS 2017.xlsx
Zambuka,M,2017-03-24,2017-07-15,4,200.0,127.0,True,PESOS POTROS 2017.xlsx
Zambuka,M,2017-03-24,2017-08-15,5,238.0,132.0,True,PESOS POTROS 2017.xlsx
Zambuka,M,2017-03-24,2017-09-15,6,253.0,137.0,True,PESOS POTROS 2017.xlsx
Zambuka,M,2017-03-24,2017-10-15,7,282.0,138.0,True,PESOS POTROS 2017.xlsx
Zambuka,M,2017-03-24,2017-11-15,8,301.0,140.0,True,PESOS POTROS 2017.xlsx
Zambuka,M,2017-03-24,2017-12-15,9,319.0,142.0,True,PESOS POTROS 2017.xlsx
Zambuka,M,2017-03-24,2018-01-15,10,318.0,143.0,True,PESOS POTROS 2017.xlsx
Zambuka,M,2017-03-24,2018-02-15,11,335.0,146.0,True,PESOS POTROS 2017.xlsx
Zambuka,M,2017-03-24,2018-03-15,12,355.0,147.0,True,PESOS POTROS 2017.xlsx
Zambuka,M,2017-03-24,2018-04-15,13,369.0,148.0,True,PESOS POTROS 2017.xlsx
Zambuka,M,2017-03-24,2018-05-15,14,384.0,151.0,True,PESOS POTROS 2017.xlsx
Zambuka,M,2017-03-24,2018-06-15,15,403.0,151.0,True,PESOS POTROS 2017.xlsx
Zambuka,M,2017-03-24,2018-07-15,16,424.0,153.0,True,PESOS POTROS 2017.xlsx
Zambuka,M,2017-03-24,2018-08-15,17,455.0,155.0,True,PESOS POTROS 2017.xlsx
Zambuka,M,2017-03-24,2018-09-15,18,474.0,155.0,True,PESOS POTROS 2017.xlsx
Zambuka,M,2017-03-24,2018-10-15,19,463.0,155.0,True,PESOS POTROS 2017.xlsx
Bellota,H,2018-01-11,2018-01-11,0,59.0,,True,PESOS POTROS 2018.xlsx
Bellota,H,2018-01-11,2018-02-15,1,120.0,112.0,True,PESOS POTROS 2018.xlsx
Bellota,H,2018-01-11,2018-03-15,2,151.0,117.0,True,PESOS POTROS 2018.xlsx
Bellota,H,2018-01-11,2018-04-15,3,183.0,121.0,True,PESOS POTROS 2018.xlsx
Bellota,H,2018-01-11,2018-05-15,4,222.0,127.0,True,PESOS POTROS 2018.xlsx
Bellota,H,2018-01-11,2018-06-15,5,245.0,127.0,True,PESOS POTROS 2018.xlsx
Bellota,H,2018-01-11,2018-07-15,6,261.0,130.0,True,PESOS POTROS 2018.xlsx
Bellota,H,2018-01-11,2018-08-15,7,290.0,132.0,True,PESOS POTROS 2018.xlsx
Bellota,H,2018-01-11,2018-09-15,8,301.0,135.0,True,PESOS POTROS 2018.xlsx
Bellota,H,2018-01-11,2018-10-15,9,322.0,136.0,True,PESOS POTROS 2018.xlsx
Bellota,H,2018-01-11,2018-11-15,10,340.0,138.0,True,PESOS POTROS 2018.xlsx
Bellota,H,2018-01-11,2018-12-15,11,356.0,140.0,True,PESOS POTROS 2018.xlsx
Bellota,H,2018-01-11,2019-01-15,12,367.0,142.0,True,PESOS POTROS 2018.xlsx
Bellota,H,2018-01-11,2019-02-15,13,368.0,143.0,True,PESOS POTROS 2018.xlsx
Bellota,H,2018-01-11,2019-03-15,14,370.0,143.0,True,PESOS POTROS 2018.xlsx
Bellota,H,2018-01-11,2019-04-15,15,389.0,144.0,True,PESOS POTROS 2018.xlsx
Bellota,H,2018-01-11,2019-05-15,16,405.0,146.0,True,PESOS POTROS 2018.xlsx
Bellota,H,2018-01-11,2019-06-15,17,420.0,147.0,True,PESOS POTROS 2018.xlsx
Bellota,H,2018-01-11,2019-07-15,18,431.0,148.0,True,PESOS POTROS 2018.xlsx
Bellota,H,2018-01-11,2019-08-15,19,433.0,149.0,True,PESOS POTROS 2018.xlsx
Bellota,H,2018-01-11,2019-09-15,20,442.0,149.0,True,PESOS POTROS 2018.xlsx
Bellota,H,2018-01-11,2019-10-15,21,445.0,149.0,True,PESOS POTROS 2018.xlsx
Bellota,H,2018-01-11,2019-11-15,22,449.0,150.0,True,PESOS POTROS 2018.xlsx
Mi Angela,H,2018-05-29,2018-05-29,0,51.0,,True,PESOS POTROS 2018.xlsx
Mi Angela,H,2018-05-29,2018-06-15,1,69.0,100.0,True,PESOS POTROS 2018.xlsx
Mi Angela,H,2018-05-29,2018-07-15,2,110.0,112.0,True,PESOS POTROS 2018.xlsx
Mi Angela,H,2018-05-29,2018-08-15,3,154.0,121.0,True,PESOS POTROS 2018.xlsx
Mi Angela,H,2018-05-29,2018-09-15,4,179.0,124.0,True,PESOS POTROS 2018.xlsx
Mi Angela,H,2018-05-29,2018-10-15,5,218.0,128.0,True,PESOS POTROS 2018.xlsx
Mi Angela,H,2018-05-29,2018-11-15,6,225.0,130.0,True,PESOS POTROS 2018.xlsx
Mi Angela,H,2018-05-29,2018-12-15,7,239.0,132.0,True,PESOS POTROS 2018.xlsx
Mi Angela,H,2018-05-29,2019-01-15,8,252.0,135.0,True,PESOS POTROS 2018.xlsx
Mi Angela,H,2018-05-29,2019-02-15,9,266.0,138.0,True,PESOS POTROS 2018.xlsx
Mi Angela,H,2018-05-29,2019-04-15,11,292.0,140.0,True,PESOS POTROS 2018.xlsx
Mi Angela,H,2018-05-29,2019-05-15,12,314.0,142.0,True,PESOS POTROS 2018.xlsx
Mi Angela,H,2018-05-29,2019-06-15,13,335.0,144.0,True,PESOS POTROS 2018.xlsx
Mi Angela,H,2018-05-29,2019-07-15,14,360.0,146.0,True,PESOS POTROS 2018.xlsx
Mi Angela,H,2018-05-29,2019-08-15,15,381.0,147.0,True,PESOS POTROS 2018.xlsx
Mi Angela,H,2018-05-29,2019-09-15,16,395.0,147.0,True,PESOS POTROS 2018.xlsx
Mi Angela,H,2018-05-29,2019-10-15,17,388.0,149.0,True,PESOS POTROS 2018.xlsx
Mi Angela,H,2018-05-29,2019-11-15,18,390.0,149.0,True,PESOS POTROS 2018.xlsx
Pa. Americana,H,2018-03-04,2019-01-15,10,302.0,141.0,True,PESOS POTROS 2018.xlsx
Pa. Americana,H,2018-03-04,2019-02-15,11,305.0,143.0,True,PESOS POTROS 2018.xlsx
Pa. Americana,H,2018-03-04,2019-03-15,12,327.0,145.0,True,PESOS POTROS 2018.xlsx
Pa. Americana,H,2018-03-04,2019-04-15,13,351.0,146.0,True,PESOS POTROS 2018.xlsx
Pa. Americana,H,2018-03-04,2019-05-15,14,375.0,147.0,True,PESOS POTROS 2018.xlsx
Pa. Americana,H,2018-03-04,2019-06-15,15,395.0,150.0,True,PESOS POTROS 2018.xlsx
Pa. Americana,H,2018-03-04,2019-07-15,16,420.0,151.0,True,PESOS POTROS 2018.xlsx
Pa. Americana,H,2018-03-04,2019-08-15,17,435.0,152.0,True,PESOS POTROS 2018.xlsx
Pa. Americana,H,2018-03-04,2019-09-15,18,451.0,154.0,True,PESOS POTROS 2018.xlsx
Pa. Americana,H,2018-03-04,2019-10-15,19,443.0,155.0,True,PESOS POTROS 2018.xlsx
Wendy,H,2018-04-19,2018-04-19,0,63.0,,True,PESOS POTROS 2018.xlsx
Wendy,H,2018-04-19,2018-05-15,1,117.0,112.0,True,PESOS POTROS 2018.xlsx
Wendy,H,2018-04-19,2018-06-15,2,154.0,118.0,True,PESOS POTROS 2018.xlsx
Wendy,H,2018-04-19,2018-07-15,3,189.0,125.0,True,PESOS POTROS 2018.xlsx
Wendy,H,2018-04-19,2018-08-15,4,234.0,129.0,True,PESOS POTROS 2018.xlsx
Wendy,H,2018-04-19,2018-09-15,5,264.0,133.0,True,PESOS POTROS 2018.xlsx
Wendy,H,2018-04-19,2018-10-15,6,266.0,135.0,True,PESOS POTROS 2018.xlsx
Wendy,H,2018-04-19,2018-11-15,7,300.0,138.0,True,PESOS POTROS 2018.xlsx
Wendy,H,2018-04-19,2018-12-15,8,311.0,138.0,True,PESOS POTROS 2018.xlsx
Wendy,H,2018-04-19,2019-01-15,9,321.0,140.0,True,PESOS POTROS 2018.xlsx
Wendy,H,2018-04-19,2019-02-15,10,338.0,143.0,True,PESOS POTROS 2018.xlsx
Wendy,H,2018-04-19,2019-03-15,11,346.0,144.0,True,PESOS POTROS 2018.xlsx
Wendy,H,2018-04-19,2019-04-15,12,362.0,145.0,True,PESOS POTROS 2018.xlsx
Wendy,H,2018-04-19,2019-05-15,13,374.0,147.0,True,PESOS POTROS 2018.xlsx
Wendy,H,2018-04-19,2019-06-15,14,398.0,148.0,True,PESOS POTROS 2018.xlsx
Wendy,H,2018-04-19,2019-07-15,15,422.0,150.0,True,PESOS POTROS 2018.xlsx
Wendy,H,2018-04-19,2019-08-15,16,449.0,151.0,True,PESOS POTROS 2018.xlsx
Wendy,H,2018-04-19,2019-09-15,17,468.0,153.0,True,PESOS POTROS 2018.xlsx
Wendy,H,2018-04-19,2019-10-15,18,459.0,153.0,True,PESOS POTROS 2018.xlsx
Wendy,H,2018-04-19,2019-11-15,19,463.0,153.0,True,PESOS POTROS 2018.xlsx
Wild Cherry,H,2018-01-25,2018-01-25,0,57.0,,True,PESOS POTROS 2018.xlsx
Wild Cherry,H,2018-01-25,2018-02-15,1,96.0,111.0,True,PESOS POTROS 2018.xlsx
Wild Cherry,H,2018-01-25,2018-03-15,2,131.0,117.0,True,PESOS POTROS 2018.xlsx
Wild Cherry,H,2018-01-25,2018-04-15,3,165.0,122.0,True,PESOS POTROS 2018.xlsx
Wild Cherry,H,2018-01-25,2018-05-15,4,212.0,129.0,True,PESOS POTROS 2018.xlsx
Wild Cherry,H,2018-01-25,2018-06-15,5,239.0,130.0,True,PESOS POTROS 2018.xlsx
Wild Cherry,H,2018-01-25,2018-07-15,6,248.0,134.0,True,PESOS POTROS 2018.xlsx
Wild Cherry,H,2018-01-25,2018-08-15,7,293.0,135.0,True,PESOS POTROS 2018.xlsx
Wild Cherry,H,2018-01-25,2018-09-15,8,308.0,139.0,True,PESOS POTROS 2018.xlsx
Wild Cherry,H,2018-01-25,2018-10-15,9,329.0,141.0,True,PESOS POTROS 2018.xlsx
Wild Cherry,H,2018-01-25,2018-11-15,10,349.0,141.0,True,PESOS POTROS 2018.xlsx
Wild Cherry,H,2018-01-25,2018-12-15,11,366.0,144.0,True,PESOS POTROS 2018.xlsx
Wild Cherry,H,2018-01-25,2019-01-15,12,374.0,145.0,True,PESOS POTROS 2018.xlsx
Wild Cherry,H,2018-01-25,2019-02-15,13,377.0,147.0,True,PESOS POTROS 2018.xlsx
Wild Cherry,H,2018-01-25,2019-03-15,14,386.0,147.0,True,PESOS POTROS 2018.xlsx
Wild Cherry,H,2018-01-25,2019-04-15,15,402.0,149.0,True,PESOS POTROS 2018.xlsx
Wild Cherry,H,2018-01-25,2019-05-15,16,418.0,150.0,True,PESOS POTROS 2018.xlsx
Wild Cherry,H,2018-01-25,2019-06-15,17,438.0,150.0,True,PESOS POTROS 2018.xlsx
Wild Cherry,H,2018-01-25,2019-07-15,18,458.0,152.0,True,PESOS POTROS 2018.xlsx
Wild Cherry,H,2018-01-25,2019-08-15,19,478.0,153.0,True,PESOS POTROS 2018.xlsx
Wild Cherry,H,2018-01-25,2019-09-15,20,499.0,153.0,True,PESOS POTROS 2018.xlsx
Wild Cherry,H,2018-01-25,2019-10-15,21,489.0,154.0,True,PESOS POTROS 2018.xlsx
Wild Cherry,H,2018-01-25,2019-11-15,22,491.0,155.0,True,PESOS POTROS 2018.xlsx
Winds,H,2018-02-22,2018-02-22,0,55.0,,True,PESOS POTROS 2018.xlsx
Winds,H,2018-02-22,2018-03-15,1,93.0,109.0,True,PESOS POTROS 2018.xlsx
Winds,H,2018-02-22,2018-04-15,2,130.0,118.0,True,PESOS POTROS 2018.xlsx
Winds,H,2018-02-22,2018-05-15,3,171.0,123.0,True,PESOS POTROS 2018.xlsx
Winds,H,2018-02-22,2018-06-15,4,213.0,127.0,True,PESOS POTROS 2018.xlsx
Winds,H,2018-02-22,2018-07-15,5,243.0,131.0,True,PESOS POTROS 2018.xlsx
Winds,H,2018-02-22,2018-08-15,6,277.0,135.0,True,PESOS POTROS 2018.xlsx
Winds,H,2018-02-22,2018-09-15,7,286.0,137.0,True,PESOS POTROS 2018.xlsx
Winds,H,2018-02-22,2018-10-15,8,301.0,138.0,True,PESOS POTROS 2018.xlsx
Winds,H,2018-02-22,2018-11-15,9,310.0,141.0,True,PESOS POTROS 2018.xlsx
Winds,H,2018-02-22,2018-12-15,10,326.0,141.0,True,PESOS POTROS 2018.xlsx
Winds,H,2018-02-22,2019-01-15,11,341.0,143.0,True,PESOS POTROS 2018.xlsx
Winds,H,2018-02-22,2019-02-15,12,346.0,145.0,True,PESOS POTROS 2018.xlsx
Winds,H,2018-02-22,2019-03-15,13,352.0,143.0,True,PESOS POTROS 2018.xlsx
Winds,H,2018-02-22,2019-04-15,14,368.0,146.0,True,PESOS POTROS 2018.xlsx
Winds,H,2018-02-22,2019-05-15,15,377.0,146.0,True,PESOS POTROS 2018.xlsx
Winds,H,2018-02-22,2019-06-15,16,397.0,147.0,True,PESOS POTROS 2018.xlsx
Winds,H,2018-02-22,2019-07-15,17,419.0,150.0,True,PESOS POTROS 2018.xlsx
Winds,H,2018-02-22,2019-08-15,18,439.0,150.0,True,PESOS POTROS 2018.xlsx
Winds,H,2018-02-22,2019-09-15,19,458.0,152.0,True,PESOS POTROS 2018.xlsx
Winds,H,2018-02-22,2019-10-15,20,442.0,152.0,True,PESOS POTROS 2018.xlsx
Winds,H,2018-02-22,2019-11-15,21,448.0,154.0,True,PESOS POTROS 2018.xlsx
Xanadu,H,2018-03-16,2018-03-16,0,54.0,,True,PESOS POTROS 2018.xlsx
Xanadu,H,2018-03-16,2018-04-15,1,91.0,110.0,True,PESOS POTROS 2018.xlsx
Xanadu,H,2018-03-16,2018-05-15,2,125.0,116.0,True,PESOS POTROS 2018.xlsx
Xanadu,H,2018-03-16,2018-06-15,3,147.0,120.0,True,PESOS POTROS 2018.xlsx
Xanadu,H,2018-03-16,2018-07-15,4,182.0,126.0,True,PESOS POTROS 2018.xlsx
Xanadu,H,2018-03-16,2018-08-15,5,229.0,131.0,True,PESOS POTROS 2018.xlsx
Xanadu,H,2018-03-16,2018-09-15,6,240.0,133.0,True,PESOS POTROS 2018.xlsx
Xanadu,H,2018-03-16,2018-10-15,7,253.0,134.0,True,PESOS POTROS 2018.xlsx
Xanadu,H,2018-03-16,2018-11-15,8,277.0,137.0,True,PESOS POTROS 2018.xlsx
Xanadu,H,2018-03-16,2018-12-15,9,298.0,137.0,True,PESOS POTROS 2018.xlsx
Xanadu,H,2018-03-16,2019-01-15,10,317.0,139.0,True,PESOS POTROS 2018.xlsx
Xanadu,H,2018-03-16,2019-02-15,11,325.0,141.0,True,PESOS POTROS 2018.xlsx
Xanadu,H,2018-03-16,2019-03-15,12,333.0,141.0,True,PESOS POTROS 2018.xlsx
Xanadu,H,2018-03-16,2019-04-15,13,345.0,144.0,True,PESOS POTROS 2018.xlsx
Xanadu,H,2018-03-16,2019-05-15,14,368.0,146.0,True,PESOS POTROS 2018.xlsx
Xanadu,H,2018-03-16,2019-06-15,15,384.0,146.0,True,PESOS POTROS 2018.xlsx
Xanadu,H,2018-03-16,2019-07-15,16,408.0,149.0,True,PESOS POTROS 2018.xlsx
Xanadu,H,2018-03-16,2019-08-15,17,424.0,149.0,True,PESOS POTROS 2018.xlsx
Xanadu,H,2018-03-16,2019-09-15,18,443.0,151.0,True,PESOS POTROS 2018.xlsx
Xanadu,H,2018-03-16,2019-10-15,19,424.0,152.0,True,PESOS POTROS 2018.xlsx
Xanadu,H,2018-03-16,2019-11-15,20,432.0,152.0,True,PESOS POTROS 2018.xlsx
Xibelita,H,2018-05-16,2018-05-16,0,58.0,,True,PESOS POTROS 2018.xlsx
Xibelita,H,2018-05-16,2018-06-15,1,103.0,112.0,True,PESOS POTROS 2018.xlsx
Xibelita,H,2018-05-16,2018-07-15,2,138.0,120.0,True,PESOS POTROS 2018.xlsx
Xibelita,H,2018-05-16,2018-08-15,3,181.0,125.0,True,PESOS POTROS 2018.xlsx
Xibelita,H,2018-05-16,2018-09-15,4,205.0,128.0,True,PESOS POTROS 2018.xlsx
Xibelita,H,2018-05-16,2018-10-15,5,239.0,132.0,True,PESOS POTROS 2018.xlsx
Xibelita,H,2018-05-16,2018-11-15,6,241.0,132.0,True,PESOS POTROS 2018.xlsx
Xibelita,H,2018-05-16,2018-12-15,7,262.0,135.0,True,PESOS POTROS 2018.xlsx
Xibelita,H,2018-05-16,2019-01-15,8,284.0,138.0,True,PESOS POTROS 2018.xlsx
Xibelita,H,2018-05-16,2019-02-15,9,296.0,139.0,True,PESOS POTROS 2018.xlsx
Xibelita,H,2018-05-16,2019-03-15,10,307.0,139.0,True,PESOS POTROS 2018.xlsx
Xibelita,H,2018-05-16,2019-04-15,11,321.0,141.0,True,PESOS POTROS 2018.xlsx
Xibelita,H,2018-05-16,2019-05-15,12,335.0,143.0,True,PESOS POTROS 2018.xlsx
Xibelita,H,2018-05-16,2019-06-15,13,353.0,145.0,True,PESOS POTROS 2018.xlsx
Xibelita,H,2018-05-16,2019-07-15,14,382.0,147.0,True,PESOS POTROS 2018.xlsx
Xibelita,H,2018-05-16,2019-08-15,15,402.0,148.0,True,PESOS POTROS 2018.xlsx
Xibelita,H,2018-05-16,2019-09-15,16,422.0,148.0,True,PESOS POTROS 2018.xlsx
Xibelita,H,2018-05-16,2019-10-15,17,411.0,150.0,True,PESOS POTROS 2018.xlsx
Xibelita,H,2018-05-16,2019-11-15,18,416.0,151.0,True,PESOS POTROS 2018.xlsx
Zavaleta,H,2018-01-12,2018-01-12,0,52.0,,True,PESOS POTROS 2018.xlsx
Zavaleta,H,2018-01-12,2018-02-15,1,102.0,112.0,True,PESOS POTROS 2018.xlsx
Zavaleta,H,2018-01-12,2018-03-15,2,134.0,116.0,True,PESOS POTROS 2018.xlsx
Zavaleta,H,2018-01-12,2018-04-15,3,170.0,122.0,True,PESOS POTROS 2018.xlsx
Zavaleta,H,2018-01-12,2018-05-15,4,210.0,126.0,True,PESOS POTROS 2018.xlsx
Zavaleta,H,2018-01-12,2018-06-15,5,240.0,129.0,True,PESOS POTROS 2018.xlsx
Zavaleta,H,2018-01-12,2018-07-15,6,251.0,132.0,True,PESOS POTROS 2018.xlsx
Zavaleta,H,2018-01-12,2018-08-15,7,284.0,134.0,True,PESOS POTROS 2018.xlsx
Zavaleta,H,2018-01-12,2018-09-15,8,308.0,136.0,True,PESOS POTROS 2018.xlsx
Zavaleta,H,2018-01-12,2018-10-15,9,331.0,137.0,True,PESOS POTROS 2018.xlsx
Zavaleta,H,2018-01-12,2018-11-15,10,338.0,140.0,True,PESOS POTROS 2018.xlsx
Zavaleta,H,2018-01-12,2018-12-15,11,356.0,142.0,True,PESOS POTROS 2018.xlsx
Zavaleta,H,2018-01-12,2019-01-15,12,363.0,144.0,True,PESOS POTROS 2018.xlsx
Zavaleta,H,2018-01-12,2019-02-15,13,369.0,145.0,True,PESOS POTROS 2018.xlsx
Zavaleta,H,2018-01-12,2019-03-15,14,373.0,145.0,True,PESOS POTROS 2018.xlsx
Zavaleta,H,2018-01-12,2019-04-15,15,386.0,146.0,True,PESOS POTROS 2018.xlsx
Zavaleta,H,2018-01-12,2019-05-15,16,399.0,148.0,True,PESOS POTROS 2018.xlsx
Zavaleta,H,2018-01-12,2019-06-15,17,411.0,148.0,True,PESOS POTROS 2018.xlsx
Zavaleta,H,2018-01-12,2019-07-15,18,434.0,149.0,True,PESOS POTROS 2018.xlsx
Zavaleta,H,2018-01-12,2019-08-15,19,455.0,151.0,True,PESOS POTROS 2018.xlsx
Zavaleta,H,2018-01-12,2019-09-15,20,473.0,152.0,True,PESOS POTROS 2018.xlsx
Zavaleta,H,2018-01-12,2019-10-15,21,455.0,152.0,True,PESOS POTROS 2018.xlsx
Zavaleta,H,2018-01-12,2019-11-15,22,457.0,154.0,True,PESOS POTROS 2018.xlsx
Zonata,H,2018-03-14,2018-03-14,0,63.0,,True,PESOS POTROS 2018.xlsx
Zonata,H,2018-03-14,2018-04-15,1,116.0,112.0,True,PESOS POTROS 2018.xlsx
Zonata,H,2018-03-14,2018-05-15,2,160.0,122.0,True,PESOS POTROS 2018.xlsx
Zonata,H,2018-03-14,2018-06-15,3,190.0,125.0,True,PESOS POTROS 2018.xlsx
Zonata,H,2018-03-14,2018-07-15,4,232.0,130.0,True,PESOS POTROS 2018.xlsx
Zonata,H,2018-03-14,2018-08-15,5,273.0,134.0,True,PESOS POTROS 2018.xlsx
Zonata,H,2018-03-14,2018-09-15,6,287.0,136.0,True,PESOS POTROS 2018.xlsx
Zonata,H,2018-03-14,2018-10-15,7,309.0,137.0,True,PESOS POTROS 2018.xlsx
Zonata,H,2018-03-14,2018-11-15,8,329.0,139.0,True,PESOS POTROS 2018.xlsx
Zonata,H,2018-03-14,2018-12-15,9,349.0,142.0,True,PESOS POTROS 2018.xlsx
Zonata,H,2018-03-14,2019-01-15,10,364.0,143.0,True,PESOS POTROS 2018.xlsx
Zonata,H,2018-03-14,2019-02-15,11,373.0,145.0,True,PESOS POTROS 2018.xlsx
Zonata,H,2018-03-14,2019-03-15,12,376.0,145.0,True,PESOS POTROS 2018.xlsx
Zonata,H,2018-03-14,2019-04-15,13,387.0,148.0,True,PESOS POTROS 2018.xlsx
Zonata,H,2018-03-14,2019-05-15,14,402.0,149.0,True,PESOS POTROS 2018.xlsx
Zonata,H,2018-03-14,2019-06-15,15,425.0,149.0,True,PESOS POTROS 2018.xlsx
Zonata,H,2018-03-14,2019-07-15,16,437.0,151.0,True,PESOS POTROS 2018.xlsx
Bruna,M,2018-02-22,2018-02-22,0,54.0,,True,PESOS POTROS 2018.xlsx
Bruna,M,2018-02-22,2018-03-15,1,87.0,110.0,True,PESOS POTROS 2018.xlsx
Bruna,M,2018-02-22,2018-04-15,2,117.0,118.0,True,PESOS POTROS 2018.xlsx
Bruna,M,2018-02-22,2018-05-15,3,152.0,124.0,True,PESOS POTROS 2018.xlsx
Bruna,M,2018-02-22,2018-06-15,4,191.0,129.0,True,PESOS POTROS 2018.xlsx
Bruna,M,2018-02-22,2018-07-15,5,218.0,134.0,True,PESOS POTROS 2018.xlsx
Bruna,M,2018-02-22,2018-08-15,6,255.0,137.0,True,PESOS POTROS 2018.xlsx
Bruna,M,2018-02-22,2018-09-15,7,273.0,138.0,True,PESOS POTROS 2018.xlsx
Bruna,M,2018-02-22,2018-10-15,8,292.0,141.0,True,PESOS POTROS 2018.xlsx
Bruna,M,2018-02-22,2018-11-15,9,313.0,143.0,True,PESOS POTROS 2018.xlsx
Bruna,M,2018-02-22,2018-12-15,10,337.0,145.0,True,PESOS POTROS 2018.xlsx
Dushevina,M,2018-01-29,2018-01-29,0,60.0,,True,PESOS POTROS 2018.xlsx
Dushevina,M,2018-01-29,2018-02-15,1,92.0,111.0,True,PESOS POTROS 2018.xlsx
Dushevina,M,2018-01-29,2018-04-15,3,166.0,123.0,True,PESOS POTROS 2018.xlsx
Dushevina,M,2018-01-29,2018-05-15,4,210.0,130.0,True,PESOS POTROS 2018.xlsx
Dushevina,M,2018-01-29,2018-06-15,5,239.0,133.0,True,PESOS POTROS 2018.xlsx
Dushevina,M,2018-01-29,2018-07-15,6,247.0,136.0,True,PESOS POTROS 2018.xlsx
Dushevina,M,2018-01-29,2018-08-15,7,292.0,139.0,True,PESOS POTROS 2018.xlsx
Dushevina,M,2018-01-29,2018-09-15,8,316.0,141.0,True,PESOS POTROS 2018.xlsx
Dushevina,M,2018-01-29,2018-10-15,9,337.0,143.0,True,PESOS POTROS 2018.xlsx
Dushevina,M,2018-01-29,2018-11-15,10,353.0,144.0,True,PESOS POTROS 2018.xlsx
Dushevina,M,2018-01-29,2018-12-15,11,365.0,147.0,True,PESOS POTROS 2018.xlsx
Dushevina,M,2018-01-29,2019-01-15,12,377.0,148.0,True,PESOS POTROS 2018.xlsx
Dushevina,M,2018-01-29,2019-02-15,13,389.0,149.0,True,PESOS POTROS 2018.xlsx
Dushevina,M,2018-01-29,2019-04-15,15,404.0,152.0,True,PESOS POTROS 2018.xlsx
Dushevina,M,2018-01-29,2019-05-15,16,412.0,152.0,True,PESOS POTROS 2018.xlsx
Dushevina,M,2018-01-29,2019-06-15,17,426.0,154.0,True,PESOS POTROS 2018.xlsx
Dushevina,M,2018-01-29,2019-07-15,18,452.0,155.0,True,PESOS POTROS 2018.xlsx
Dushevina,M,2018-01-29,2019-08-15,19,470.0,156.0,True,PESOS POTROS 2018.xlsx
Dushevina,M,2018-01-29,2019-09-15,20,489.0,156.0,True,PESOS POTROS 2018.xlsx
Dushevina,M,2018-01-29,2019-11-15,22,472.0,157.0,True,PESOS POTROS 2018.xlsx
Kournikova,M,2018-03-17,2018-03-17,0,51.0,,True,PESOS POTROS 2018.xlsx
Kournikova,M,2018-03-17,2018-04-15,1,93.0,111.0,True,PESOS POTROS 2018.xlsx
Kournikova,M,2018-03-17,2018-05-15,2,137.0,118.0,True,PESOS POTROS 2018.xlsx
Kournikova,M,2018-03-17,2018-06-15,3,160.0,121.0,True,PESOS POTROS 2018.xlsx
Kournikova,M,2018-03-17,2018-07-15,4,200.0,127.0,True,PESOS POTROS 2018.xlsx
Kournikova,M,2018-03-17,2018-08-15,5,240.0,131.0,True,PESOS POTROS 2018.xlsx
Kournikova,M,2018-03-17,2018-09-15,6,256.0,134.0,True,PESOS POTROS 2018.xlsx
Kournikova,M,2018-03-17,2018-10-15,7,269.0,134.0,True,PESOS POTROS 2018.xlsx
Kournikova,M,2018-03-17,2018-11-15,8,292.0,138.0,True,PESOS POTROS 2018.xlsx
Kournikova,M,2018-03-17,2018-12-15,9,306.0,138.0,True,PESOS POTROS 2018.xlsx
Kournikova,M,2018-03-17,2019-01-15,10,321.0,141.0,True,PESOS POTROS 2018.xlsx
Kournikova,M,2018-03-17,2019-02-15,11,335.0,142.0,True,PESOS POTROS 2018.xlsx
Kournikova,M,2018-03-17,2019-03-15,12,340.0,143.0,True,PESOS POTROS 2018.xlsx
Kournikova,M,2018-03-17,2019-04-15,13,357.0,146.0,True,PESOS POTROS 2018.xlsx
Kournikova,M,2018-03-17,2019-05-15,14,368.0,146.0,True,PESOS POTROS 2018.xlsx
Kournikova,M,2018-03-17,2019-06-15,15,388.0,147.0,True,PESOS POTROS 2018.xlsx
Kournikova,M,2018-03-17,2019-07-15,16,406.0,148.0,True,PESOS POTROS 2018.xlsx
Kournikova,M,2018-03-17,2019-08-15,17,420.0,150.0,True,PESOS POTROS 2018.xlsx
Mystic Whirl,M,2018-05-02,2018-05-02,0,61.0,,True,PESOS POTROS 2018.xlsx
Mystic Whirl,M,2018-05-02,2018-06-15,1,107.0,117.0,True,PESOS POTROS 2018.xlsx
Mystic Whirl,M,2018-05-02,2018-07-15,2,152.0,123.0,True,PESOS POTROS 2018.xlsx
Mystic Whirl,M,2018-05-02,2018-08-15,3,193.0,127.0,True,PESOS POTROS 2018.xlsx
Mystic Whirl,M,2018-05-02,2018-09-15,4,220.0,132.0,True,PESOS POTROS 2018.xlsx
Mystic Whirl,M,2018-05-02,2018-10-15,5,240.0,132.0,True,PESOS POTROS 2018.xlsx
Mystic Whirl,M,2018-05-02,2018-11-15,6,265.0,138.0,True,PESOS POTROS 2018.xlsx
Mystic Whirl,M,2018-05-02,2018-12-15,7,277.0,138.0,True,PESOS POTROS 2018.xlsx
Mystic Whirl,M,2018-05-02,2019-01-15,8,299.0,140.0,True,PESOS POTROS 2018.xlsx
Mystic Whirl,M,2018-05-02,2019-02-15,9,310.0,142.0,True,PESOS POTROS 2018.xlsx
Mystic Whirl,M,2018-05-02,2019-03-15,10,318.0,144.0,True,PESOS POTROS 2018.xlsx
Mystic Whirl,M,2018-05-02,2019-04-15,11,330.0,145.0,True,PESOS POTROS 2018.xlsx
Mystic Whirl,M,2018-05-02,2019-05-15,12,334.0,147.0,True,PESOS POTROS 2018.xlsx
Mystic Whirl,M,2018-05-02,2019-06-15,13,354.0,149.0,True,PESOS POTROS 2018.xlsx
Mystic Whirl,M,2018-05-02,2019-07-15,14,371.0,150.0,True,PESOS POTROS 2018.xlsx
Mystic Whirl,M,2018-05-02,2019-08-15,15,392.0,152.0,True,PESOS POTROS 2018.xlsx
Mystic Whirl,M,2018-05-02,2019-09-15,16,420.0,153.0,True,PESOS POTROS 2018.xlsx
Mystic Whirl,M,2018-05-02,2019-10-15,17,421.0,154.0,True,PESOS POTROS 2018.xlsx
Mystic Whirl,M,2018-05-02,2019-11-15,18,421.0,155.0,True,PESOS POTROS 2018.xlsx
New Idea,M,2018-01-21,2018-01-21,0,54.0,,True,PESOS POTROS 2018.xlsx
New Idea,M,2018-01-21,2018-02-15,1,96.0,110.0,True,PESOS POTROS 2018.xlsx
New Idea,M,2018-01-21,2018-03-15,2,127.0,117.0,True,PESOS POTROS 2018.xlsx
New Idea,M,2018-01-21,2018-04-15,3,169.0,121.0,True,PESOS POTROS 2018.xlsx
New Idea,M,2018-01-21,2018-05-15,4,212.0,128.0,True,PESOS POTROS 2018.xlsx
New Idea,M,2018-01-21,2018-06-15,5,245.0,132.0,True,PESOS POTROS 2018.xlsx
New Idea,M,2018-01-21,2018-07-15,6,255.0,135.0,True,PESOS POTROS 2018.xlsx
New Idea,M,2018-01-21,2018-08-15,7,299.0,139.0,True,PESOS POTROS 2018.xlsx
New Idea,M,2018-01-21,2018-09-15,8,316.0,140.0,True,PESOS POTROS 2018.xlsx
New Idea,M,2018-01-21,2018-10-15,9,341.0,140.0,True,PESOS POTROS 2018.xlsx
New Idea,M,2018-01-21,2018-11-15,10,354.0,143.0,True,PESOS POTROS 2018.xlsx
New Idea,M,2018-01-21,2018-12-15,11,362.0,146.0,True,PESOS POTROS 2018.xlsx
New Idea,M,2018-01-21,2019-01-15,12,376.0,147.0,True,PESOS POTROS 2018.xlsx
New Idea,M,2018-01-21,2019-02-15,13,388.0,148.0,True,PESOS POTROS 2018.xlsx
New Idea,M,2018-01-21,2019-03-15,14,390.0,148.0,True,PESOS POTROS 2018.xlsx
New Idea,M,2018-01-21,2019-04-15,15,409.0,151.0,True,PESOS POTROS 2018.xlsx
New Idea,M,2018-01-21,2019-05-15,16,425.0,152.0,True,PESOS POTROS 2018.xlsx
New Idea,M,2018-01-21,2019-06-15,17,442.0,153.0,True,PESOS POTROS 2018.xlsx
New Idea,M,2018-01-21,2019-07-15,18,463.0,153.0,True,PESOS POTROS 2018.xlsx
New Idea,M,2018-01-21,2019-08-15,19,481.0,154.0,True,PESOS POTROS 2018.xlsx
New Idea,M,2018-01-21,2019-09-15,20,501.0,155.0,True,PESOS POTROS 2018.xlsx
New Idea,M,2018-01-21,2019-10-15,21,495.0,156.0,True,PESOS POTROS 2018.xlsx
New Idea,M,2018-01-21,2019-11-15,22,502.0,157.0,True,PESOS POTROS 2018.xlsx
Our Cozzette,M,2018-03-29,2018-03-29,0,50.0,,True,PESOS POTROS 2018.xlsx
Our Cozzette,M,2018-03-29,2018-04-15,1,72.0,105.0,True,PESOS POTROS 2018.xlsx
Our Cozzette,M,2018-03-29,2018-05-15,2,111.0,115.0,True,PESOS POTROS 2018.xlsx
Our Cozzette,M,2018-03-29,2018-06-15,3,134.0,119.0,True,PESOS POTROS 2018.xlsx
Our Cozzette,M,2018-03-29,2018-07-15,4,173.0,125.0,True,PESOS POTROS 2018.xlsx
Our Cozzette,M,2018-03-29,2018-08-15,5,224.0,130.0,True,PESOS POTROS 2018.xlsx
Our Cozzette,M,2018-03-29,2018-09-15,6,244.0,133.0,True,PESOS POTROS 2018.xlsx
Our Cozzette,M,2018-03-29,2018-10-15,7,263.0,134.0,True,PESOS POTROS 2018.xlsx
Our Cozzette,M,2018-03-29,2018-11-15,8,287.0,136.0,True,PESOS POTROS 2018.xlsx
Our Cozzette,M,2018-03-29,2018-12-15,9,307.0,139.0,True,PESOS POTROS 2018.xlsx
Po. Alz. Americano,M,2018-02-14,2019-01-15,11,351.0,144.0,True,PESOS POTROS 2018.xlsx
Po. Alz. Americano,M,2018-02-14,2019-02-15,12,371.0,145.0,True,PESOS POTROS 2018.xlsx
Po. Alz. Americano,M,2018-02-14,2019-03-15,13,379.0,146.0,True,PESOS POTROS 2018.xlsx
Po. Alz. Americano,M,2018-02-14,2019-04-15,14,383.0,148.0,True,PESOS POTROS 2018.xlsx
Po. Alz. Americano,M,2018-02-14,2019-05-15,15,398.0,148.0,True,PESOS POTROS 2018.xlsx
Po. Alz. Americano,M,2018-02-14,2019-06-15,16,420.0,150.0,True,PESOS POTROS 2018.xlsx
Po. Alz. Americano,M,2018-02-14,2019-07-15,17,442.0,152.0,True,PESOS POTROS 2018.xlsx
Po. Alz. Americano,M,2018-02-14,2019-08-15,18,460.0,154.0,True,PESOS POTROS 2018.xlsx
Po. Alz. Americano,M,2018-02-14,2019-09-15,19,478.0,155.0,True,PESOS POTROS 2018.xlsx
Po. Alz. Americano,M,2018-02-14,2019-10-15,20,479.0,155.0,True,PESOS POTROS 2018.xlsx
Po. Alz. Americano,M,2018-02-14,2019-11-15,21,484.0,156.0,True,PESOS POTROS 2018.xlsx
Po. Tor. Americano,M,2018-04-27,2019-01-15,9,283.0,141.0,True,PESOS POTROS 2018.xlsx
Po. Tor. Americano,M,2018-04-27,2019-02-15,10,309.0,144.0,True,PESOS POTROS 2018.xlsx
Po. Tor. Americano,M,2018-04-27,2019-03-15,11,318.0,145.0,True,PESOS POTROS 2018.xlsx
Po. Tor. Americano,M,2018-04-27,2019-04-15,12,335.0,147.0,True,PESOS POTROS 2018.xlsx
Po. Tor. Americano,M,2018-04-27,2019-05-15,13,349.0,147.0,True,PESOS POTROS 2018.xlsx
Po. Tor. Americano,M,2018-04-27,2019-06-15,14,367.0,149.0,True,PESOS POTROS 2018.xlsx
Po. Tor. Americano,M,2018-04-27,2019-07-15,15,394.0,150.0,True,PESOS POTROS 2018.xlsx
Po. Tor. Americano,M,2018-04-27,2019-08-15,16,413.0,152.0,True,PESOS POTROS 2018.xlsx
Po. Tor. Americano,M,2018-04-27,2019-09-15,17,434.0,153.0,True,PESOS POTROS 2018.xlsx
Po. Tor. Americano,M,2018-04-27,2019-10-15,18,428.0,155.0,True,PESOS POTROS 2018.xlsx
Po. Tor. Americano,M,2018-04-27,2019-11-15,19,439.0,155.0,True,PESOS POTROS 2018.xlsx
Strawberry Day,M,2018-01-03,2018-01-03,0,52.0,,True,PESOS POTROS 2018.xlsx
Strawberry Day,M,2018-01-03,2018-02-15,1,117.0,112.0,True,PESOS POTROS 2018.xlsx
Strawberry Day,M,2018-01-03,2018-03-15,2,145.0,117.0,True,PESOS POTROS 2018.xlsx
Strawberry Day,M,2018-01-03,2018-04-15,3,174.0,123.0,True,PESOS POTROS 2018.xlsx
Strawberry Day,M,2018-01-03,2018-05-15,4,214.0,129.0,True,PESOS POTROS 2018.xlsx
Strawberry Day,M,2018-01-03,2018-06-15,5,240.0,131.0,True,PESOS POTROS 2018.xlsx
Strawberry Day,M,2018-01-03,2018-07-15,6,244.0,132.0,True,PESOS POTROS 2018.xlsx
Strawberry Day,M,2018-01-03,2018-08-15,7,284.0,134.0,True,PESOS POTROS 2018.xlsx
Strawberry Day,M,2018-01-03,2018-09-15,8,304.0,138.0,True,PESOS POTROS 2018.xlsx
Strawberry Day,M,2018-01-03,2018-10-15,9,328.0,140.0,True,PESOS POTROS 2018.xlsx
Strawberry Day,M,2018-01-03,2018-11-15,10,348.0,140.0,True,PESOS POTROS 2018.xlsx
Strawberry Day,M,2018-01-03,2018-12-15,11,362.0,143.0,True,PESOS POTROS 2018.xlsx
Strawberry Day,M,2018-01-03,2019-01-15,12,372.0,143.0,True,PESOS POTROS 2018.xlsx
Strawberry Day,M,2018-01-03,2019-02-15,13,370.0,146.0,True,PESOS POTROS 2018.xlsx
Strawberry Day,M,2018-01-03,2019-03-15,14,389.0,146.0,True,PESOS POTROS 2018.xlsx
Strawberry Day,M,2018-01-03,2019-04-15,15,400.0,148.0,True,PESOS POTROS 2018.xlsx
Strawberry Day,M,2018-01-03,2019-05-15,16,403.0,148.0,True,PESOS POTROS 2018.xlsx
Strawberry Day,M,2018-01-03,2019-06-15,17,413.0,151.0,True,PESOS POTROS 2018.xlsx
Strawberry Day,M,2018-01-03,2019-07-15,18,446.0,150.0,True,PESOS POTROS 2018.xlsx
Strawberry Day,M,2018-01-03,2019-08-15,19,465.0,152.0,True,PESOS POTROS 2018.xlsx
Strawberry Day,M,2018-01-03,2019-09-15,20,471.0,152.0,True,PESOS POTROS 2018.xlsx
Strawberry Day,M,2018-01-03,2019-10-15,21,478.0,152.0,True,PESOS POTROS 2018.xlsx
Strawberry Day,M,2018-01-03,2019-11-15,22,490.0,153.0,True,PESOS POTROS 2018.xlsx
Up Town Lady,M,2018-02-04,2018-02-04,0,59.0,,True,PESOS POTROS 2018.xlsx
Up Town Lady,M,2018-02-04,2018-03-15,1,115.0,112.0,True,PESOS POTROS 2018.xlsx
Up Town Lady,M,2018-02-04,2018-04-15,2,144.0,118.0,True,PESOS POTROS 2018.xlsx
Up Town Lady,M,2018-02-04,2018-05-15,3,177.0,122.0,True,PESOS POTROS 2018.xlsx
Up Town Lady,M,2018-02-04,2018-06-15,4,207.0,126.0,True,PESOS POTROS 2018.xlsx
Up Town Lady,M,2018-02-04,2018-07-15,5,238.0,131.0,True,PESOS POTROS 2018.xlsx
Up Town Lady,M,2018-02-04,2018-08-15,6,263.0,132.0,True,PESOS POTROS 2018.xlsx
Up Town Lady,M,2018-02-04,2018-09-15,7,279.0,134.0,True,PESOS POTROS 2018.xlsx
Up Town Lady,M,2018-02-04,2018-10-15,8,301.0,136.0,True,PESOS POTROS 2018.xlsx
Up Town Lady,M,2018-02-04,2018-11-15,9,321.0,140.0,True,PESOS POTROS 2018.xlsx
Up Town Lady,M,2018-02-04,2018-12-15,10,333.0,140.0,True,PESOS POTROS 2018.xlsx
Up Town Lady,M,2018-02-04,2019-01-15,11,340.0,143.0,True,PESOS POTROS 2018.xlsx
Up Town Lady,M,2018-02-04,2019-02-15,12,346.0,144.0,True,PESOS POTROS 2018.xlsx
Up Town Lady,M,2018-02-04,2019-03-15,13,349.0,144.0,True,PESOS POTROS 2018.xlsx
Up Town Lady,M,2018-02-04,2019-04-15,14,370.0,145.0,True,PESOS POTROS 2018.xlsx
Up Town Lady,M,2018-02-04,2019-05-15,15,379.0,147.0,True,PESOS POTROS 2018.xlsx
Up Town Lady,M,2018-02-04,2019-06-15,16,395.0,147.0,True,PESOS POTROS 2018.xlsx
Up Town Lady,M,2018-02-04,2019-07-15,17,420.0,148.0,True,PESOS POTROS 2018.xlsx
Up Town Lady,M,2018-02-04,2019-08-15,18,434.0,151.0,True,PESOS POTROS 2018.xlsx
Up Town Lady,M,2018-02-04,2019-09-15,19,452.0,151.0,True,PESOS POTROS 2018.xlsx
Up Town Lady,M,2018-02-04,2019-10-15,20,449.0,152.0,True,PESOS POTROS 2018.xlsx
Up Town Lady,M,2018-02-04,2019-11-15,21,458.0,153.0,True,PESOS POTROS 2018.xlsx
Wonder Baby,M,2018-02-22,2018-02-22,0,53.0,,True,PESOS POTROS 2018.xlsx
Wonder Baby,M,2018-02-22,2018-03-15,1,74.0,108.0,True,PESOS POTROS 2018.xlsx
Wonder Baby,M,2018-02-22,2018-04-15,2,102.0,113.0,True,PESOS POTROS 2018.xlsx
Wonder Baby,M,2018-02-22,2018-05-15,3,137.0,118.0,True,PESOS POTROS 2018.xlsx
Wonder Baby,M,2018-02-22,2018-06-15,4,170.0,123.0,True,PESOS POTROS 2018.xlsx
Wonder Baby,M,2018-02-22,2018-07-15,5,209.0,130.0,True,PESOS POTROS 2018.xlsx
Wonder Baby,M,2018-02-22,2018-08-15,6,245.0,134.0,True,PESOS POTROS 2018.xlsx
Wonder Baby,M,2018-02-22,2018-09-15,7,269.0,136.0,True,PESOS POTROS 2018.xlsx
Wonder Baby,M,2018-02-22,2018-10-15,8,292.0,139.0,True,PESOS POTROS 2018.xlsx
Wonder Baby,M,2018-02-22,2018-11-15,9,308.0,139.0,True,PESOS POTROS 2018.xlsx
Wonder Baby,M,2018-02-22,2018-12-15,10,321.0,141.0,True,PESOS POTROS 2018.xlsx
Wonder Baby,M,2018-02-22,2019-01-15,11,332.0,143.0,True,PESOS POTROS 2018.xlsx
Wonder Baby,M,2018-02-22,2019-02-15,12,330.0,145.0,True,PESOS POTROS 2018.xlsx
Wonder Baby,M,2018-02-22,2019-03-15,13,344.0,146.0,True,PESOS POTROS 2018.xlsx
Wonder Baby,M,2018-02-22,2019-04-15,14,353.0,147.0,True,PESOS POTROS 2018.xlsx
Wonder Baby,M,2018-02-22,2019-05-15,15,362.0,148.0,True,PESOS POTROS 2018.xlsx
Wonder Baby,M,2018-02-22,2019-06-15,16,385.0,150.0,True,PESOS POTROS 2018.xlsx
Wonder Baby,M,2018-02-22,2019-07-15,17,407.0,151.0,True,PESOS POTROS 2018.xlsx
Wonder Baby,M,2018-02-22,2019-08-15,18,425.0,152.0,True,PESOS POTROS 2018.xlsx
Wonder Baby,M,2018-02-22,2019-09-15,19,444.0,152.0,True,PESOS POTROS 2018.xlsx
Wonder Baby,M,2018-02-22,2019-10-15,20,439.0,154.0,True,PESOS POTROS 2018.xlsx
Wonder Baby,M,2018-02-22,2019-11-15,21,446.0,154.0,True,PESOS POTROS 2018.xlsx
Yugoslava,M,2018-02-16,2018-02-16,0,50.0,,True,PESOS POTROS 2018.xlsx
Yugoslava,M,2018-02-16,2018-03-15,1,88.0,111.0,True,PESOS POTROS 2018.xlsx
Yugoslava,M,2018-02-16,2018-04-15,2,123.0,118.0,True,PESOS POTROS 2018.xlsx
Yugoslava,M,2018-02-16,2018-05-15,3,158.0,124.0,True,PESOS POTROS 2018.xlsx
Yugoslava,M,2018-02-16,2018-06-15,4,189.0,127.0,True,PESOS POTROS 2018.xlsx
Yugoslava,M,2018-02-16,2018-07-15,5,220.0,132.0,True,PESOS POTROS 2018.xlsx
Yugoslava,M,2018-02-16,2018-08-15,6,246.0,136.0,True,PESOS POTROS 2018.xlsx
Yugoslava,M,2018-02-16,2018-09-15,7,268.0,138.0,True,PESOS POTROS 2018.xlsx
Yugoslava,M,2018-02-16,2018-10-15,8,295.0,140.0,True,PESOS POTROS 2018.xlsx
Yugoslava,M,2018-02-16,2018-11-15,9,320.0,143.0,True,PESOS POTROS 2018.xlsx
Yugoslava,M,2018-02-16,2018-12-15,10,328.0,144.0,True,PESOS POTROS 2018.xlsx
Yugoslava,M,2018-02-16,2019-01-15,11,337.0,145.0,True,PESOS POTROS 2018.xlsx
Yugoslava,M,2018-02-16,2019-02-15,12,344.0,147.0,True,PESOS POTROS 2018.xlsx
Yugoslava,M,2018-02-16,2019-03-15,13,347.0,147.0,True,PESOS POTROS 2018.xlsx
Yugoslava,M,2018-02-16,2019-04-15,14,363.0,149.0,True,PESOS POTROS 2018.xlsx
Yugoslava,M,2018-02-16,2019-05-15,15,377.0,151.0,True,PESOS POTROS 2018.xlsx
Yugoslava,M,2018-02-16,2019-06-15,16,397.0,152.0,True,PESOS POTROS 2018.xlsx
Yugoslava,M,2018-02-16,2019-07-15,17,422.0,152.0,True,PESOS POTROS 2018.xlsx
Yugoslava,M,2018-02-16,2019-08-15,18,433.0,154.0,True,PESOS POTROS 2018.xlsx
Yugoslava,M,2018-02-16,2019-09-15,19,454.0,155.0,True,PESOS POTROS 2018.xlsx
Yugoslava,M,2018-02-16,2019-10-15,20,451.0,156.0,True,PESOS POTROS 2018.xlsx
Yugoslava,M,2018-02-16,2019-11-15,21,459.0,156.0,True,PESOS POTROS 2018.xlsx
Zambuka,M,2018-03-21,2018-03-21,0,58.0,,True,PESOS POTROS 2018.xlsx
Zambuka,M,2018-03-21,2018-04-15,1,88.0,113.0,True,PESOS POTROS 2018.xlsx
Zambuka,M,2018-03-21,2018-05-15,2,130.0,119.0,True,PESOS POTROS 2018.xlsx
Zambuka,M,2018-03-21,2018-06-15,3,158.0,124.0,True,PESOS POTROS 2018.xlsx
Zambuka,M,2018-03-21,2018-07-15,4,197.0,130.0,True,PESOS POTROS 2018.xlsx
Zambuka,M,2018-03-21,2018-08-15,5,238.0,135.0,True,PESOS POTROS 2018.xlsx
Zambuka,M,2018-03-21,2018-09-15,6,252.0,135.0,True,PESOS POTROS 2018.xlsx
Zambuka,M,2018-03-21,2018-10-15,7,280.0,138.0,True,PESOS POTROS 2018.xlsx
Zambuka,M,2018-03-21,2018-11-15,8,296.0,140.0,True,PESOS POTROS 2018.xlsx
Zambuka,M,2018-03-21,2018-12-15,9,314.0,143.0,True,PESOS POTROS 2018.xlsx
Zambuka,M,2018-03-21,2019-01-15,10,334.0,144.0,True,PESOS POTROS 2018.xlsx
Zambuka,M,2018-03-21,2019-02-15,11,343.0,148.0,True,PESOS POTROS 2018.xlsx
Zambuka,M,2018-03-21,2019-03-15,12,349.0,146.0,True,PESOS POTROS 2018.xlsx
Zambuka,M,2018-03-21,2019-04-15,13,365.0,150.0,True,PESOS POTROS 2018.xlsx
Zambuka,M,2018-03-21,2019-05-15,14,382.0,151.0,True,PESOS POTROS 2018.xlsx
Zambuka,M,2018-03-21,2019-06-15,15,406.0,154.0,True,PESOS POTROS 2018.xlsx
Zambuka,M,2018-03-21,2019-07-15,16,414.0,154.0,True,PESOS POTROS 2018.xlsx
Zambuka,M,2018-03-21,2019-08-15,17,434.0,155.0,True,PESOS POTROS 2018.xlsx
Zambuka,M,2018-03-21,2019-09-15,18,462.0,156.0,True,PESOS POTROS 2018.xlsx
Zambuka,M,2018-03-21,2019-10-15,19,464.0,156.0,True,PESOS POTROS 2018.xlsx
Zambuka,M,2018-03-21,2019-11-15,20,467.0,157.0,True,PESOS POTROS 2018.xlsx
Jatsa Pretty,H,2019-03-11,2019-03-11,0,48.0,,True,PESOS POTROS 2019.xlsx
Jatsa Pretty,H,2019-03-11,2019-04-15,1,105.0,113.0,True,PESOS POTROS 2019.xlsx
Jatsa Pretty,H,2019-03-11,2019-05-15,2,144.0,120.0,True,PESOS POTROS 2019.xlsx
Jatsa Pretty,H,2019-03-11,2019-06-15,3,176.0,124.0,True,PESOS POTROS 2019.xlsx
Jatsa Pretty,H,2019-03-11,2019-07-15,4,217.0,130.0,True,PESOS POTROS 2019.xlsx
Jatsa Pretty,H,2019-03-11,2019-08-15,5,243.0,131.0,True,PESOS POTROS 2019.xlsx
Jatsa Pretty,H,2019-03-11,2019-09-15,6,261.0,130.0,True,PESOS POTROS 2019.xlsx
Jatsa Pretty,H,2019-03-11,2019-10-15,7,274.0,135.0,True,PESOS POTROS 2019.xlsx
Jatsa Pretty,H,2019-03-11,2019-11-15,8,284.0,136.0,True,PESOS POTROS 2019.xlsx
Jatsa Pretty,H,2019-03-11,2019-12-15,9,288.0,139.0,True,PESOS POTROS 2019.xlsx
Jatsa Pretty,H,2019-03-11,2020-01-15,10,305.0,142.0,True,PESOS POTROS 2019.xlsx
Jatsa Pretty,H,2019-03-11,2020-02-15,11,311.0,143.0,True,PESOS POTROS 2019.xlsx
Jatsa Pretty,H,2019-03-11,2020-03-15,12,338.0,145.0,True,PESOS POTROS 2019.xlsx
Jatsa Pretty,H,2019-03-11,2020-04-15,13,369.0,147.0,True,PESOS POTROS 2019.xlsx
Jatsa Pretty,H,2019-03-11,2020-05-15,14,386.0,148.0,True,PESOS POTROS 2019.xlsx
Jatsa Pretty,H,2019-03-11,2020-06-15,15,408.0,150.0,True,PESOS POTROS 2019.xlsx
Jatsa Pretty,H,2019-03-11,2020-07-15,16,425.0,152.0,True,PESOS POTROS 2019.xlsx
Jatsa Pretty,H,2019-03-11,2020-08-15,17,445.0,152.0,True,PESOS POTROS 2019.xlsx
Jatsa Pretty,H,2019-03-11,2020-09-15,18,469.0,152.0,True,PESOS POTROS 2019.xlsx
Jatsa Pretty,H,2019-03-11,2020-10-15,19,457.0,152.0,True,PESOS POTROS 2019.xlsx
Jatsa Pretty,H,2019-03-11,2020-11-15,20,465.0,154.0,True,PESOS POTROS 2019.xlsx
New Idea,H,2019-02-07,2019-02-07,0,60.0,,True,PESOS POTROS 2019.xlsx
New Idea,H,2019-02-07,2019-03-15,1,107.0,111.0,True,PESOS POTROS 2019.xlsx
New Idea,H,2019-02-07,2019-04-15,2,150.0,119.0,True,PESOS POTROS 2019.xlsx
New Idea,H,2019-02-07,2019-05-15,3,187.0,122.0,True,PESOS POTROS 2019.xlsx
New Idea,H,2019-02-07,2019-06-15,4,217.0,125.0,True,PESOS POTROS 2019.xlsx
New Idea,H,2019-02-07,2019-07-15,5,256.0,130.0,True,PESOS POTROS 2019.xlsx
New Idea,H,2019-02-07,2019-08-15,6,272.0,131.0,True,PESOS POTROS 2019.xlsx
New Idea,H,2019-02-07,2019-09-15,7,293.0,131.0,True,PESOS POTROS 2019.xlsx
New Idea,H,2019-02-07,2019-10-15,8,306.0,133.0,True,PESOS POTROS 2019.xlsx
New Idea,H,2019-02-07,2019-11-15,9,311.0,135.0,True,PESOS POTROS 2019.xlsx
New Idea,H,2019-02-07,2019-12-15,10,313.0,138.0,True,PESOS POTROS 2019.xlsx
New Idea,H,2019-02-07,2020-01-15,11,331.0,139.0,True,PESOS POTROS 2019.xlsx
New Idea,H,2019-02-07,2020-02-15,12,343.0,140.0,True,PESOS POTROS 2019.xlsx
New Idea,H,2019-02-07,2020-03-15,13,363.0,142.0,True,PESOS POTROS 2019.xlsx
New Idea,H,2019-02-07,2020-04-15,14,391.0,144.0,True,PESOS POTROS 2019.xlsx
New Idea,H,2019-02-07,2020-05-15,15,404.0,144.0,True,PESOS POTROS 2019.xlsx
New Idea,H,2019-02-07,2020-06-15,16,424.0,146.0,True,PESOS POTROS 2019.xlsx
New Idea,H,2019-02-07,2020-07-15,17,429.0,146.0,True,PESOS POTROS 2019.xlsx
New Idea,H,2019-02-07,2020-08-15,18,451.0,148.0,True,PESOS POTROS 2019.xlsx
New Idea,H,2019-02-07,2020-09-15,19,479.0,149.0,True,PESOS POTROS 2019.xlsx
New Idea,H,2019-02-07,2020-10-15,20,466.0,149.0,True,PESOS POTROS 2019.xlsx
New Idea,H,2019-02-07,2020-11-15,21,469.0,150.0,True,PESOS POTROS 2019.xlsx
Xibelita,H,2019-04-29,2019-04-29,0,57.0,,True,PESOS POTROS 2019.xlsx
Xibelita,H,2019-04-29,2019-05-15,1,90.0,108.0,True,PESOS POTROS 2019.xlsx
Xibelita,H,2019-04-29,2019-06-15,2,121.0,115.0,True,PESOS POTROS 2019.xlsx
Xibelita,H,2019-04-29,2019-07-15,3,163.0,121.0,True,PESOS POTROS 2019.xlsx
Xibelita,H,2019-04-29,2019-08-15,4,201.0,126.0,True,PESOS POTROS 2019.xlsx
Xibelita,H,2019-04-29,2019-09-15,5,226.0,129.0,True,PESOS POTROS 2019.xlsx
Xibelita,H,2019-04-29,2019-10-15,6,248.0,132.0,True,PESOS POTROS 2019.xlsx
Xibelita,H,2019-04-29,2019-11-15,7,265.0,133.0,True,PESOS POTROS 2019.xlsx
Xibelita,H,2019-04-29,2019-12-15,8,271.0,135.0,True,PESOS POTROS 2019.xlsx
Xibelita,H,2019-04-29,2020-01-15,9,297.0,138.0,True,PESOS POTROS 2019.xlsx
Xibelita,H,2019-04-29,2020-02-15,10,308.0,140.0,True,PESOS POTROS 2019.xlsx
Xibelita,H,2019-04-29,2020-04-15,12,350.0,144.0,True,PESOS POTROS 2019.xlsx
Xibelita,H,2019-04-29,2020-05-15,13,360.0,145.0,True,PESOS POTROS 2019.xlsx
Xibelita,H,2019-04-29,2020-06-15,14,390.0,147.0,True,PESOS POTROS 2019.xlsx
Xibelita,H,2019-04-29,2020-07-15,15,414.0,148.0,True,PESOS POTROS 2019.xlsx
Xibelita,H,2019-04-29,2020-08-15,16,432.0,150.0,True,PESOS POTROS 2019.xlsx
Xibelita,H,2019-04-29,2020-09-15,17,467.0,151.0,True,PESOS POTROS 2019.xlsx
Xibelita,H,2019-04-29,2020-10-15,18,458.0,152.0,True,PESOS POTROS 2019.xlsx
Xibelita,H,2019-04-29,2020-11-15,19,463.0,152.0,True,PESOS POTROS 2019.xlsx
Yaba Daba Du,H,2019-03-09,2019-03-09,0,53.0,,True,PESOS POTROS 2019.xlsx
Yaba Daba Du,H,2019-03-09,2019-04-15,1,74.0,106.0,True,PESOS POTROS 2019.xlsx
Yaba Daba Du,H,2019-03-09,2019-05-15,2,99.0,110.0,True,PESOS POTROS 2019.xlsx
Yaba Daba Du,H,2019-03-09,2019-06-15,3,131.0,117.0,True,PESOS POTROS 2019.xlsx
Yaba Daba Du,H,2019-03-09,2019-07-15,4,168.0,122.0,True,PESOS POTROS 2019.xlsx
Yaba Daba Du,H,2019-03-09,2019-08-15,5,200.0,125.0,True,PESOS POTROS 2019.xlsx
Yaba Daba Du,H,2019-03-09,2019-09-15,6,210.0,127.0,True,PESOS POTROS 2019.xlsx
Yaba Daba Du,H,2019-03-09,2019-10-15,7,244.0,130.0,True,PESOS POTROS 2019.xlsx
Yaba Daba Du,H,2019-03-09,2019-11-15,8,263.0,132.0,True,PESOS POTROS 2019.xlsx
Yaba Daba Du,H,2019-03-09,2019-12-15,9,271.0,136.0,True,PESOS POTROS 2019.xlsx
Yaba Daba Du,H,2019-03-09,2020-01-15,10,293.0,138.0,True,PESOS POTROS 2019.xlsx
Yaba Daba Du,H,2019-03-09,2020-02-15,11,306.0,140.0,True,PESOS POTROS 2019.xlsx
Yaba Daba Du,H,2019-03-09,2020-03-15,12,328.0,142.0,True,PESOS POTROS 2019.xlsx
Yaba Daba Du,H,2019-03-09,2020-04-15,13,356.0,143.0,True,PESOS POTROS 2019.xlsx
Yaba Daba Du,H,2019-03-09,2020-05-15,14,377.0,145.0,True,PESOS POTROS 2019.xlsx
Yaba Daba Du,H,2019-03-09,2020-06-15,15,393.0,147.0,True,PESOS POTROS 2019.xlsx
Yaba Daba Du,H,2019-03-09,2020-07-15,16,402.0,149.0,True,PESOS POTROS 2019.xlsx
Yaba Daba Du,H,2019-03-09,2020-08-15,17,416.0,149.0,True,PESOS POTROS 2019.xlsx
Yaba Daba Du,H,2019-03-09,2020-09-15,18,437.0,149.0,True,PESOS POTROS 2019.xlsx
Yaba Daba Du,H,2019-03-09,2020-10-15,19,425.0,151.0,True,PESOS POTROS 2019.xlsx
Yaba Daba Du,H,2019-03-09,2020-11-15,20,434.0,152.0,True,PESOS POTROS 2019.xlsx
Bellota,M,2019-02-09,2019-02-09,0,67.0,,True,PESOS POTROS 2019.xlsx
Bellota,M,2019-02-09,2019-03-15,1,121.0,117.0,True,PESOS POTROS 2019.xlsx
Bellota,M,2019-02-09,2019-04-15,2,166.0,126.0,True,PESOS POTROS 2019.xlsx
Bellota,M,2019-02-09,2019-05-15,3,202.0,129.0,True,PESOS POTROS 2019.xlsx
Bellota,M,2019-02-09,2019-06-15,4,233.0,132.0,True,PESOS POTROS 2019.xlsx
Bellota,M,2019-02-09,2019-07-15,5,265.0,136.0,True,PESOS POTROS 2019.xlsx
Bellota,M,2019-02-09,2019-08-15,6,288.0,138.0,True,PESOS POTROS 2019.xlsx
Bellota,M,2019-02-09,2019-09-15,7,307.0,141.0,True,PESOS POTROS 2019.xlsx
Bellota,M,2019-02-09,2019-10-15,8,331.0,141.0,True,PESOS POTROS 2019.xlsx
Bellota,M,2019-02-09,2019-11-15,9,338.0,144.0,True,PESOS POTROS 2019.xlsx
Bellota,M,2019-02-09,2019-12-15,10,353.0,145.0,True,PESOS POTROS 2019.xlsx
Bellota,M,2019-02-09,2020-01-15,11,357.0,146.0,True,PESOS POTROS 2019.xlsx
Bellota,M,2019-02-09,2020-02-15,12,371.0,148.0,True,PESOS POTROS 2019.xlsx
Bellota,M,2019-02-09,2020-03-15,13,381.0,150.0,True,PESOS POTROS 2019.xlsx
Bellota,M,2019-02-09,2020-04-15,14,396.0,150.0,True,PESOS POTROS 2019.xlsx
Bellota,M,2019-02-09,2020-05-15,15,416.0,151.0,True,PESOS POTROS 2019.xlsx
Bellota,M,2019-02-09,2020-06-15,16,436.0,153.0,True,PESOS POTROS 2019.xlsx
Bellota,M,2019-02-09,2020-07-15,17,456.0,156.0,True,PESOS POTROS 2019.xlsx
Bellota,M,2019-02-09,2020-08-15,18,471.0,157.0,True,PESOS POTROS 2019.xlsx
Bellota,M,2019-02-09,2020-09-15,19,476.0,157.0,True,PESOS POTROS 2019.xlsx
Bellota,M,2019-02-09,2020-10-15,20,481.0,158.0,True,PESOS POTROS 2019.xlsx
Bellota,M,2019-02-09,2020-11-15,21,498.0,158.0,True,PESOS POTROS 2019.xlsx
Dushevina,M,2019-01-23,2019-01-23,0,69.0,,True,PESOS POTROS 2019.xlsx
Dushevina,M,2019-01-23,2019-02-15,1,102.0,112.0,True,PESOS POTROS 2019.xlsx
Dushevina,M,2019-01-23,2019-03-15,2,131.0,118.0,True,PESOS POTROS 2019.xlsx
Dushevina,M,2019-01-23,2019-04-15,3,176.0,127.0,True,PESOS POTROS 2019.xlsx
Dushevina,M,2019-01-23,2019-05-15,4,211.0,131.0,True,PESOS POTROS 2019.xlsx
Dushevina,M,2019-01-23,2019-06-15,5,242.0,134.0,True,PESOS POTROS 2019.xlsx
Dushevina,M,2019-01-23,2019-07-15,6,273.0,138.0,True,PESOS POTROS 2019.xlsx
Dushevina,M,2019-01-23,2019-08-15,7,305.0,139.0,True,PESOS POTROS 2019.xlsx
Dushevina,M,2019-01-23,2019-09-15,8,327.0,141.0,True,PESOS POTROS 2019.xlsx
Dushevina,M,2019-01-23,2019-10-15,9,345.0,143.0,True,PESOS POTROS 2019.xlsx
Dushevina,M,2019-01-23,2019-11-15,10,353.0,144.0,True,PESOS POTROS 2019.xlsx
Dushevina,M,2019-01-23,2019-12-15,11,363.0,145.0,True,PESOS POTROS 2019.xlsx
Dushevina,M,2019-01-23,2020-01-15,12,375.0,147.0,True,PESOS POTROS 2019.xlsx
Dushevina,M,2019-01-23,2020-02-15,13,389.0,148.0,True,PESOS POTROS 2019.xlsx
Dushevina,M,2019-01-23,2020-03-15,14,396.0,151.0,True,PESOS POTROS 2019.xlsx
Dushevina,M,2019-01-23,2020-04-15,15,413.0,151.0,True,PESOS POTROS 2019.xlsx
Dushevina,M,2019-01-23,2020-05-15,16,430.0,151.0,True,PESOS POTROS 2019.xlsx
Dushevina,M,2019-01-23,2020-06-15,17,448.0,153.0,True,PESOS POTROS 2019.xlsx
Dushevina,M,2019-01-23,2020-07-15,18,471.0,155.0,True,PESOS POTROS 2019.xlsx
Dushevina,M,2019-01-23,2020-08-15,19,473.0,155.0,True,PESOS POTROS 2019.xlsx
Dushevina,M,2019-01-23,2020-09-15,20,500.0,156.0,True,PESOS POTROS 2019.xlsx
Dushevina,M,2019-01-23,2020-10-15,21,473.0,157.0,True,PESOS POTROS 2019.xlsx
Dushevina,M,2019-01-23,2020-11-15,22,502.0,157.0,True,PESOS POTROS 2019.xlsx
Go Dawg,M,2019-01-17,2019-01-17,0,61.0,,True,PESOS POTROS 2019.xlsx
Go Dawg,M,2019-01-17,2019-02-15,1,103.0,114.0,True,PESOS POTROS 2019.xlsx
Go Dawg,M,2019-01-17,2019-03-15,2,134.0,120.0,True,PESOS POTROS 2019.xlsx
Go Dawg,M,2019-01-17,2019-04-15,3,172.0,126.0,True,PESOS POTROS 2019.xlsx
Go Dawg,M,2019-01-17,2019-05-15,4,200.0,129.0,True,PESOS POTROS 2019.xlsx
Go Dawg,M,2019-01-17,2019-06-15,5,229.0,132.0,True,PESOS POTROS 2019.xlsx
Go Dawg,M,2019-01-17,2019-07-15,6,250.0,136.0,True,PESOS POTROS 2019.xlsx
Go Dawg,M,2019-01-17,2019-08-15,7,279.0,138.0,True,PESOS POTROS 2019.xlsx
Go Dawg,M,2019-01-17,2019-09-15,8,300.0,141.0,True,PESOS POTROS 2019.xlsx
Go Dawg,M,2019-01-17,2019-10-15,9,316.0,142.0,True,PESOS POTROS 2019.xlsx
Go Dawg,M,2019-01-17,2019-11-15,10,318.0,143.0,True,PESOS POTROS 2019.xlsx
Go Dawg,M,2019-01-17,2019-12-15,11,324.0,145.0,True,PESOS POTROS 2019.xlsx
Go Dawg,M,2019-01-17,2020-01-15,12,339.0,147.0,True,PESOS POTROS 2019.xlsx
Go Dawg,M,2019-01-17,2020-02-15,13,353.0,148.0,True,PESOS POTROS 2019.xlsx
Go Dawg,M,2019-01-17,2020-03-15,14,362.0,151.0,True,PESOS POTROS 2019.xlsx
Go Dawg,M,2019-01-17,2020-04-15,15,380.0,151.0,True,PESOS POTROS 2019.xlsx
Go Dawg,M,2019-01-17,2020-05-15,16,401.0,151.0,True,PESOS POTROS 2019.xlsx
Go Dawg,M,2019-01-17,2020-06-15,17,416.0,153.0,True,PESOS POTROS 2019.xlsx
Go Dawg,M,2019-01-17,2020-07-15,18,440.0,155.0,True,PESOS POTROS 2019.xlsx
Go Dawg,M,2019-01-17,2020-08-15,19,456.0,156.0,True,PESOS POTROS 2019.xlsx
Go Dawg,M,2019-01-17,2020-09-15,20,481.0,157.0,True,PESOS POTROS 2019.xlsx
Go Dawg,M,2019-01-17,2020-10-15,21,475.0,157.0,True,PESOS POTROS 2019.xlsx
Go Dawg,M,2019-01-17,2020-11-15,22,479.0,157.8,True,PESOS POTROS 2019.xlsx
Strawberry Day,M,2019-01-15,2019-01-15,0,58.0,,True,PESOS POTROS 2019.xlsx
Strawberry Day,M,2019-01-15,2019-02-15,1,106.0,112.0,True,PESOS POTROS 2019.xlsx
Strawberry Day,M,2019-01-15,2019-03-15,2,139.0,118.0,True,PESOS POTROS 2019.xlsx
Strawberry Day,M,2019-01-15,2019-04-15,3,180.0,125.0,True,PESOS POTROS 2019.xlsx
Strawberry Day,M,2019-01-15,2019-05-15,4,213.0,127.0,True,PESOS POTROS 2019.xlsx
Strawberry Day,M,2019-01-15,2019-06-15,5,238.0,130.0,True,PESOS POTROS 2019.xlsx
Strawberry Day,M,2019-01-15,2019-07-15,6,246.0,133.0,True,PESOS POTROS 2019.xlsx
Strawberry Day,M,2019-01-15,2019-08-15,7,283.0,135.0,True,PESOS POTROS 2019.xlsx
Strawberry Day,M,2019-01-15,2019-09-15,8,302.0,137.0,True,PESOS POTROS 2019.xlsx
Strawberry Day,M,2019-01-15,2019-10-15,9,323.0,138.0,True,PESOS POTROS 2019.xlsx
Strawberry Day,M,2019-01-15,2019-11-15,10,333.0,140.0,True,PESOS POTROS 2019.xlsx
Strawberry Day,M,2019-01-15,2019-12-15,11,346.0,143.0,True,PESOS POTROS 2019.xlsx
Strawberry Day,M,2019-01-15,2020-01-15,12,358.0,144.0,True,PESOS POTROS 2019.xlsx
Strawberry Day,M,2019-01-15,2020-02-15,13,373.0,145.0,True,PESOS POTROS 2019.xlsx
Strawberry Day,M,2019-01-15,2020-03-15,14,379.0,147.0,True,PESOS POTROS 2019.xlsx
Strawberry Day,M,2019-01-15,2020-04-15,15,400.0,148.0,True,PESOS POTROS 2019.xlsx
Strawberry Day,M,2019-01-15,2020-05-15,16,408.0,149.0,True,PESOS POTROS 2019.xlsx
Strawberry Day,M,2019-01-15,2020-06-15,17,427.0,151.0,True,PESOS POTROS 2019.xlsx
Strawberry Day,M,2019-01-15,2020-07-15,18,445.0,151.0,True,PESOS POTROS 2019.xlsx
Strawberry Day,M,2019-01-15,2020-08-15,19,463.0,152.0,True,PESOS POTROS 2019.xlsx
Strawberry Day,M,2019-01-15,2020-09-15,20,459.0,154.0,True,PESOS POTROS 2019.xlsx
Strawberry Day,M,2019-01-15,2020-10-15,21,462.0,155.0,True,PESOS POTROS 2019.xlsx
Strawberry Day,M,2019-01-15,2020-11-15,22,483.0,155.0,True,PESOS POTROS 2019.xlsx
Up Town Lady,M,2019-01-23,2019-01-23,0,59.0,,True,PESOS POTROS 2019.xlsx
Up Town Lady,M,2019-01-23,2019-02-15,1,95.0,112.0,True,PESOS POTROS 2019.xlsx
Up Town Lady,M,2019-01-23,2019-03-15,2,125.0,118.0,True,PESOS POTROS 2019.xlsx
Up Town Lady,M,2019-01-23,2019-04-15,3,172.0,124.0,True,PESOS POTROS 2019.xlsx
Up Town Lady,M,2019-01-23,2019-05-15,4,205.0,128.0,True,PESOS POTROS 2019.xlsx
Up Town Lady,M,2019-01-23,2019-06-15,5,239.0,132.0,True,PESOS POTROS 2019.xlsx
Up Town Lady,M,2019-01-23,2019-07-15,6,266.0,135.0,True,PESOS POTROS 2019.xlsx
Up Town Lady,M,2019-01-23,2019-08-15,7,284.0,137.0,True,PESOS POTROS 2019.xlsx
Up Town Lady,M,2019-01-23,2019-09-15,8,306.0,140.0,True,PESOS POTROS 2019.xlsx
Up Town Lady,M,2019-01-23,2019-10-15,9,319.0,140.0,True,PESOS POTROS 2019.xlsx
Up Town Lady,M,2019-01-23,2019-11-15,10,328.0,142.0,True,PESOS POTROS 2019.xlsx
Up Town Lady,M,2019-01-23,2019-12-15,11,338.0,144.0,True,PESOS POTROS 2019.xlsx
Up Town Lady,M,2019-01-23,2020-01-15,12,353.0,144.0,True,PESOS POTROS 2019.xlsx
Up Town Lady,M,2019-01-23,2020-02-15,13,360.0,146.0,True,PESOS POTROS 2019.xlsx
Up Town Lady,M,2019-01-23,2020-03-15,14,374.0,149.0,True,PESOS POTROS 2019.xlsx
Up Town Lady,M,2019-01-23,2020-04-15,15,385.0,149.0,True,PESOS POTROS 2019.xlsx
Up Town Lady,M,2019-01-23,2020-05-15,16,405.0,150.0,True,PESOS POTROS 2019.xlsx
Up Town Lady,M,2019-01-23,2020-06-15,17,420.0,152.0,True,PESOS POTROS 2019.xlsx
Up Town Lady,M,2019-01-23,2020-07-15,18,438.0,154.0,True,PESOS POTROS 2019.xlsx
Up Town Lady,M,2019-01-23,2020-08-15,19,445.0,155.0,True,PESOS POTROS 2019.xlsx
Up Town Lady,M,2019-01-23,2020-09-15,20,469.0,156.0,True,PESOS POTROS 2019.xlsx
Up Town Lady,M,2019-01-23,2020-10-15,21,459.0,156.0,True,PESOS POTROS 2019.xlsx
Up Town Lady,M,2019-01-23,2020-11-15,22,474.0,156.0,True,PESOS POTROS 2019.xlsx
Wendy,M,2019-05-06,2019-05-06,0,67.0,,True,PESOS POTROS 2019.xlsx
Wendy,M,2019-05-06,2019-06-15,1,112.0,113.0,True,PESOS POTROS 2019.xlsx
Wendy,M,2019-05-06,2019-07-15,2,154.0,123.0,True,PESOS POTROS 2019.xlsx
Wendy,M,2019-05-06,2019-08-15,3,188.0,125.0,True,PESOS POTROS 2019.xlsx
Wendy,M,2019-05-06,2019-09-15,4,220.0,130.0,True,PESOS POTROS 2019.xlsx
Wendy,M,2019-05-06,2019-10-15,5,246.0,134.0,True,PESOS POTROS 2019.xlsx
Wendy,M,2019-05-06,2019-11-15,6,259.0,135.0,True,PESOS POTROS 2019.xlsx
Wendy,M,2019-05-06,2019-12-15,7,268.0,137.0,True,PESOS POTROS 2019.xlsx
Wendy,M,2019-05-06,2020-01-15,8,292.0,138.0,True,PESOS POTROS 2019.xlsx
Wendy,M,2019-05-06,2020-02-15,9,301.0,139.0,True,PESOS POTROS 2019.xlsx
Wendy,M,2019-05-06,2020-03-15,10,317.0,142.0,True,PESOS POTROS 2019.xlsx
Wendy,M,2019-05-06,2020-04-15,11,339.0,143.0,True,PESOS POTROS 2019.xlsx
Wendy,M,2019-05-06,2020-05-15,12,359.0,145.0,True,PESOS POTROS 2019.xlsx
Wendy,M,2019-05-06,2020-06-15,13,376.0,146.0,True,PESOS POTROS 2019.xlsx
Wendy,M,2019-05-06,2020-07-15,14,400.0,150.0,True,PESOS POTROS 2019.xlsx
Wendy,M,2019-05-06,2020-08-15,15,413.0,152.0,True,PESOS POTROS 2019.xlsx
Wendy,M,2019-05-06,2020-09-15,16,433.0,152.0,True,PESOS POTROS 2019.xlsx
Wendy,M,2019-05-06,2020-10-15,17,426.0,153.0,True,PESOS POTROS 2019.xlsx
Wendy,M,2019-05-06,2020-11-15,18,436.0,155.0,True,PESOS POTROS 2019.xlsx
Wild Cherry,M,2019-03-15,2019-03-15,0,63.0,,True,PESOS POTROS 2019.xlsx
Wild Cherry,M,2019-03-15,2019-04-15,1,110.0,114.0,True,PESOS POTROS 2019.xlsx
Wild Cherry,M,2019-03-15,2019-05-15,2,141.0,123.0,True,PESOS POTROS 2019.xlsx
Wild Cherry,M,2019-03-15,2019-06-15,3,176.0,127.0,True,PESOS POTROS 2019.xlsx
Wild Cherry,M,2019-03-15,2019-07-15,4,217.0,133.0,True,PESOS POTROS 2019.xlsx
Wild Cherry,M,2019-03-15,2019-08-15,5,244.0,135.0,True,PESOS POTROS 2019.xlsx
Wild Cherry,M,2019-03-15,2019-09-15,6,269.0,137.0,True,PESOS POTROS 2019.xlsx
Wild Cherry,M,2019-03-15,2019-10-15,7,295.0,139.0,True,PESOS POTROS 2019.xlsx
Wild Cherry,M,2019-03-15,2019-11-15,8,304.0,141.0,True,PESOS POTROS 2019.xlsx
Wild Cherry,M,2019-03-15,2019-12-15,9,311.0,143.0,True,PESOS POTROS 2019.xlsx
Wild Cherry,M,2019-03-15,2020-01-15,10,329.0,145.0,True,PESOS POTROS 2019.xlsx
Wild Cherry,M,2019-03-15,2020-02-15,11,343.0,147.0,True,PESOS POTROS 2019.xlsx
Wild Cherry,M,2019-03-15,2020-03-15,12,357.0,150.0,True,PESOS POTROS 2019.xlsx
Wild Cherry,M,2019-03-15,2020-04-15,13,384.0,151.0,True,PESOS POTROS 2019.xlsx
Wild Cherry,M,2019-03-15,2020-05-15,14,403.0,152.0,True,PESOS POTROS 2019.xlsx
Wild Cherry,M,2019-03-15,2020-06-15,15,425.0,154.0,True,PESOS POTROS 2019.xlsx
Xanadu,M,2019-02-26,2019-02-26,0,53.0,,True,PESOS POTROS 2019.xlsx
Xanadu,M,2019-02-26,2019-03-15,1,78.0,109.0,True,PESOS POTROS 2019.xlsx
Xanadu,M,2019-02-26,2019-04-15,2,111.0,115.0,True,PESOS POTROS 2019.xlsx
Xanadu,M,2019-02-26,2019-05-15,3,151.0,122.0,True,PESOS POTROS 2019.xlsx
Xanadu,M,2019-02-26,2019-06-15,4,178.0,126.0,True,PESOS POTROS 2019.xlsx
Xanadu,M,2019-02-26,2019-07-15,5,219.0,132.0,True,PESOS POTROS 2019.xlsx
Xanadu,M,2019-02-26,2019-08-15,6,251.0,134.0,True,PESOS POTROS 2019.xlsx
Xanadu,M,2019-02-26,2019-09-15,7,267.0,136.0,True,PESOS POTROS 2019.xlsx
Xanadu,M,2019-02-26,2019-10-15,8,284.0,137.0,True,PESOS POTROS 2019.xlsx
Xanadu,M,2019-02-26,2019-11-15,9,289.0,139.0,True,PESOS POTROS 2019.xlsx
Xanadu,M,2019-02-26,2019-12-15,10,292.0,141.0,True,PESOS POTROS 2019.xlsx
Xanadu,M,2019-02-26,2020-01-15,11,316.0,141.0,True,PESOS POTROS 2019.xlsx
Xanadu,M,2019-02-26,2020-02-15,12,319.0,142.0,True,PESOS POTROS 2019.xlsx
Xanadu,M,2019-02-26,2020-03-15,13,341.0,145.0,True,PESOS POTROS 2019.xlsx
Xanadu,M,2019-02-26,2020-04-15,14,359.0,147.0,True,PESOS POTROS 2019.xlsx
Xanadu,M,2019-02-26,2020-05-15,15,378.0,148.0,True,PESOS POTROS 2019.xlsx
Xanadu,M,2019-02-26,2020-06-15,16,402.0,149.0,True,PESOS POTROS 2019.xlsx
Xanadu,M,2019-02-26,2020-07-15,17,422.0,151.0,True,PESOS POTROS 2019.xlsx
Xanadu,M,2019-02-26,2020-08-15,18,437.0,152.0,True,PESOS POTROS 2019.xlsx
Xanadu,M,2019-02-26,2020-09-15,19,452.0,153.0,True,PESOS POTROS 2019.xlsx
Xanadu,M,2019-02-26,2020-10-15,20,436.0,153.0,True,PESOS POTROS 2019.xlsx
Xanadu,M,2019-02-26,2020-11-15,21,444.0,154.0,True,PESOS POTROS 2019.xlsx
Xisca,M,2019-01-02,2019-01-02,0,50.0,,True,PESOS POTROS 2019.xlsx
Xisca,M,2019-01-02,2019-02-15,1,114.0,111.0,True,PESOS POTROS 2019.xlsx
Xisca,M,2019-01-02,2019-03-15,2,142.0,118.0,True,PESOS POTROS 2019.xlsx
Xisca,M,2019-01-02,2019-04-15,3,176.0,122.0,True,PESOS POTROS 2019.xlsx
Xisca,M,2019-01-02,2019-05-15,4,198.0,127.0,True,PESOS POTROS 2019.xlsx
Xisca,M,2019-01-02,2019-06-15,5,218.0,130.0,True,PESOS POTROS 2019.xlsx
Xisca,M,2019-01-02,2019-07-15,6,237.0,131.0,True,PESOS POTROS 2019.xlsx
Xisca,M,2019-01-02,2019-08-15,7,256.0,133.0,True,PESOS POTROS 2019.xlsx
Xisca,M,2019-01-02,2019-09-15,8,269.0,135.0,True,PESOS POTROS 2019.xlsx
Xisca,M,2019-01-02,2019-10-15,9,283.0,136.0,True,PESOS POTROS 2019.xlsx
Xisca,M,2019-01-02,2019-11-15,10,291.0,138.0,True,PESOS POTROS 2019.xlsx
Xisca,M,2019-01-02,2019-12-15,11,301.0,138.0,True,PESOS POTROS 2019.xlsx
Xisca,M,2019-01-02,2020-01-15,12,318.0,140.0,True,PESOS POTROS 2019.xlsx
Xisca,M,2019-01-02,2020-02-15,13,323.0,141.0,True,PESOS POTROS 2019.xlsx
Xisca,M,2019-01-02,2020-03-15,14,329.0,142.0,True,PESOS POTROS 2019.xlsx
Xisca,M,2019-01-02,2020-04-15,15,348.0,143.0,True,PESOS POTROS 2019.xlsx
Xisca,M,2019-01-02,2020-05-15,16,357.0,145.0,True,PESOS POTROS 2019.xlsx
Xisca,M,2019-01-02,2020-06-15,17,368.0,147.0,True,PESOS POTROS 2019.xlsx
Xisca,M,2019-01-02,2020-07-15,18,391.0,147.0,True,PESOS POTROS 2019.xlsx
Xisca,M,2019-01-02,2020-08-15,19,401.0,149.0,True,PESOS POTROS 2019.xlsx
Xisca,M,2019-01-02,2020-09-15,20,422.0,149.0,True,PESOS POTROS 2019.xlsx
Xisca,M,2019-01-02,2020-10-15,21,419.0,150.0,True,PESOS POTROS 2019.xlsx
Xisca,M,2019-01-02,2020-11-15,22,428.0,150.0,True,PESOS POTROS 2019.xlsx
Yugoslava,M,2019-02-17,2019-02-17,0,52.0,,True,PESOS POTROS 2019.xlsx
Yugoslava,M,2019-02-17,2019-03-15,1,87.0,111.0,True,PESOS POTROS 2019.xlsx
Yugoslava,M,2019-02-17,2019-04-15,2,127.0,120.0,True,PESOS POTROS 2019.xlsx
Yugoslava,M,2019-02-17,2019-05-15,3,164.0,126.0,True,PESOS POTROS 2019.xlsx
Yugoslava,M,2019-02-17,2019-06-15,4,190.0,128.0,True,PESOS POTROS 2019.xlsx
Yugoslava,M,2019-02-17,2019-07-15,5,229.0,134.0,True,PESOS POTROS 2019.xlsx
Yugoslava,M,2019-02-17,2019-08-15,6,244.0,135.0,True,PESOS POTROS 2019.xlsx
Yugoslava,M,2019-02-17,2019-09-15,7,264.0,137.0,True,PESOS POTROS 2019.xlsx
Yugoslava,M,2019-02-17,2019-10-15,8,275.0,139.0,True,PESOS POTROS 2019.xlsx
Yugoslava,M,2019-02-17,2019-11-15,9,284.0,141.0,True,PESOS POTROS 2019.xlsx
Yugoslava,M,2019-02-17,2019-12-15,10,291.0,142.0,True,PESOS POTROS 2019.xlsx
Yugoslava,M,2019-02-17,2020-01-15,11,313.0,143.0,True,PESOS POTROS 2019.xlsx
Yugoslava,M,2019-02-17,2020-02-15,12,324.0,145.0,True,PESOS POTROS 2019.xlsx
Yugoslava,M,2019-02-17,2020-03-15,13,341.0,147.0,True,PESOS POTROS 2019.xlsx
Yugoslava,M,2019-02-17,2020-04-15,14,360.0,148.0,True,PESOS POTROS 2019.xlsx
Yugoslava,M,2019-02-17,2020-05-15,15,380.0,150.0,True,PESOS POTROS 2019.xlsx
Yugoslava,M,2019-02-17,2020-06-15,16,401.0,151.0,True,PESOS POTROS 2019.xlsx
Yugoslava,M,2019-02-17,2020-07-15,17,416.0,152.0,True,PESOS POTROS 2019.xlsx
Yugoslava,M,2019-02-17,2020-08-15,18,435.0,154.0,True,PESOS POTROS 2019.xlsx
Yugoslava,M,2019-02-17,2020-09-15,19,460.0,155.0,True,PESOS POTROS 2019.xlsx
Yugoslava,M,2019-02-17,2020-10-15,20,446.0,156.0,True,PESOS POTROS 2019.xlsx
Yugoslava,M,2019-02-17,2020-11-15,21,462.0,156.0,True,PESOS POTROS 2019.xlsx
Zambuka,M,2019-03-30,2019-03-30,0,61.0,,True,PESOS POTROS 2019.xlsx
Zambuka,M,2019-03-30,2019-04-15,1,86.0,107.0,True,PESOS POTROS 2019.xlsx
Zambuka,M,2019-03-30,2019-06-15,3,151.0,121.0,True,PESOS POTROS 2019.xlsx
Zambuka,M,2019-03-30,2019-08-15,5,207.0,128.0,True,PESOS POTROS 2019.xlsx
Zambuka,M,2019-03-30,2019-09-15,6,255.0,133.0,True,PESOS POTROS 2019.xlsx
Zambuka,M,2019-03-30,2019-11-15,8,307.0,138.0,True,PESOS POTROS 2019.xlsx
Zambuka,M,2019-03-30,2020-01-15,10,345.0,140.0,True,PESOS POTROS 2019.xlsx
Zambuka,M,2019-03-30,2020-02-15,11,348.0,141.0,True,PESOS POTROS 2019.xlsx
Zambuka,M,2019-03-30,2020-04-15,13,368.0,147.0,True,PESOS POTROS 2019.xlsx
Zambuka,M,2019-03-30,2020-06-15,15,435.0,150.0,True,PESOS POTROS 2019.xlsx
Zambuka,M,2019-03-30,2020-08-15,17,482.0,154.0,True,PESOS POTROS 2019.xlsx
Zambuka,M,2019-03-30,2020-09-15,18,509.0,155.0,True,PESOS POTROS 2019.xlsx
Zambuka,M,2019-03-30,2020-11-15,20,513.0,156.0,True,PESOS POTROS 2019.xlsx
Zavaleta,M,2019-01-28,2019-01-28,0,64.0,,True,PESOS POTROS 2019.xlsx
Zavaleta,M,2019-01-28,2019-02-15,1,90.0,110.0,True,PESOS POTROS 2019.xlsx
Zavaleta,M,2019-01-28,2019-04-15,3,175.0,121.0,True,PESOS POTROS 2019.xlsx
Zavaleta,M,2019-01-28,2019-05-15,4,216.0,125.0,True,PESOS POTROS 2019.xlsx
Zavaleta,M,2019-01-28,2019-06-15,5,249.0,129.0,True,PESOS POTROS 2019.xlsx
Zavaleta,M,2019-01-28,2019-07-15,6,284.0,132.0,True,PESOS POTROS 2019.xlsx
Zavaleta,M,2019-01-28,2019-08-15,7,310.0,134.0,True,PESOS POTROS 2019.xlsx
Zavaleta,M,2019-01-28,2019-09-15,8,330.0,135.0,True,PESOS POTROS 2019.xlsx
Zavaleta,M,2019-01-28,2019-10-15,9,347.0,135.0,True,PESOS POTROS 2019.xlsx
Zavaleta,M,2019-01-28,2019-11-15,10,353.0,139.0,True,PESOS POTROS 2019.xlsx
Zavaleta,M,2019-01-28,2019-12-15,11,362.0,139.0,True,PESOS POTROS 2019.xlsx
Zavaleta,M,2019-01-28,2020-01-15,12,382.0,141.0,True,PESOS POTROS 2019.xlsx
Zavaleta,M,2019-01-28,2020-02-15,13,394.0,142.0,True,PESOS POTROS 2019.xlsx
Zavaleta,M,2019-01-28,2020-03-15,14,403.0,145.0,True,PESOS POTROS 2019.xlsx
Zavaleta,M,2019-01-28,2020-04-15,15,419.0,145.0,True,PESOS POTROS 2019.xlsx
Zavaleta,M,2019-01-28,2020-05-15,16,432.0,147.0,True,PESOS POTROS 2019.xlsx
Zavaleta,M,2019-01-28,2020-06-15,17,462.0,149.0,True,PESOS POTROS 2019.xlsx
Zavaleta,M,2019-01-28,2020-07-15,18,483.0,149.0,True,PESOS POTROS 2019.xlsx
Zavaleta,M,2019-01-28,2020-08-15,19,499.0,150.0,True,PESOS POTROS 2019.xlsx
Zavaleta,M,2019-01-28,2020-09-15,20,525.0,151.0,True,PESOS POTROS 2019.xlsx
Zavaleta,M,2019-01-28,2020-10-15,21,520.0,152.0,True,PESOS POTROS 2019.xlsx
Zavaleta,M,2019-01-28,2020-11-15,22,532.0,152.0,True,PESOS POTROS 2019.xlsx
Zonata,M,2019-04-19,2019-04-19,0,66.0,,True,PESOS POTROS 2019.xlsx
Zonata,M,2019-04-19,2019-05-15,1,114.0,115.0,True,PESOS POTROS 2019.xlsx
Zonata,M,2019-04-19,2019-06-15,2,148.0,123.0,True,PESOS POTROS 2019.xlsx
Zonata,M,2019-04-19,2019-07-15,3,184.0,129.0,True,PESOS POTROS 2019.xlsx
Zonata,M,2019-04-19,2019-08-15,4,212.0,132.0,True,PESOS POTROS 2019.xlsx
Zonata,M,2019-04-19,2019-09-15,5,245.0,135.0,True,PESOS POTROS 2019.xlsx
Zonata,M,2019-04-19,2019-10-15,6,264.0,136.0,True,PESOS POTROS 2019.xlsx
Zonata,M,2019-04-19,2019-11-15,7,278.0,140.0,True,PESOS POTROS 2019.xlsx
Zonata,M,2019-04-19,2019-12-15,8,287.0,141.0,True,PESOS POTROS 2019.xlsx
Zonata,M,2019-04-19,2020-01-15,9,312.0,144.0,True,PESOS POTROS 2019.xlsx
Zonata,M,2019-04-19,2020-02-15,10,317.0,145.0,True,PESOS POTROS 2019.xlsx
Zonata,M,2019-04-19,2020-03-15,11,333.0,147.0,True,PESOS POTROS 2019.xlsx
Zonata,M,2019-04-19,2020-04-15,12,344.0,150.0,True,PESOS POTROS 2019.xlsx
Zonata,M,2019-04-19,2020-05-15,13,368.0,152.0,True,PESOS POTROS 2019.xlsx
Zonata,M,2019-04-19,2020-07-15,15,405.0,155.0,True,PESOS POTROS 2019.xlsx
Zonata,M,2019-04-19,2020-08-15,16,429.0,156.0,True,PESOS POTROS 2019.xlsx
Zonata,M,2019-04-19,2020-09-15,17,443.0,158.0,True,PESOS POTROS 2019.xlsx
Zonata,M,2019-04-19,2020-10-15,18,459.0,159.0,True,PESOS POTROS 2019.xlsx
Zonata,M,2019-04-19,2020-11-15,19,476.0,160.0,True,PESOS POTROS 2019.xlsx
Casty,H,2020-01-02,2020-01-02,0,59.0,,True,PESOS POTROS 2020.xlsx
Casty,H,2020-01-02,2020-02-15,1,124.0,117.0,True,PESOS POTROS 2020.xlsx
Casty,H,2020-01-02,2020-03-15,2,146.0,120.0,True,PESOS POTROS 2020.xlsx
Casty,H,2020-01-02,2020-04-15,3,193.0,125.0,True,PESOS POTROS 2020.xlsx
Casty,H,2020-01-02,2020-05-15,4,223.0,128.0,True,PESOS POTROS 2020.xlsx
Casty,H,2020-01-02,2020-06-15,5,237.0,132.0,True,PESOS POTROS 2020.xlsx
Casty,H,2020-01-02,2020-07-15,6,242.0,133.0,True,PESOS POTROS 2020.xlsx
Casty,H,2020-01-02,2020-08-15,7,266.0,137.0,True,PESOS POTROS 2020.xlsx
Casty,H,2020-01-02,2020-09-15,8,290.0,139.0,True,PESOS POTROS 2020.xlsx
Casty,H,2020-01-02,2020-10-15,9,309.0,140.0,True,PESOS POTROS 2020.xlsx
Casty,H,2020-01-02,2020-11-15,10,325.0,142.0,True,PESOS POTROS 2020.xlsx
Casty,H,2020-01-02,2020-12-15,11,331.0,143.0,True,PESOS POTROS 2020.xlsx
Casty,H,2020-01-02,2021-01-15,12,319.0,144.0,True,PESOS POTROS 2020.xlsx
Casty,H,2020-01-02,2021-02-15,13,333.0,146.0,True,PESOS POTROS 2020.xlsx
Casty,H,2020-01-02,2021-03-15,14,342.0,146.0,True,PESOS POTROS 2020.xlsx
Casty,H,2020-01-02,2021-04-15,15,354.0,146.0,True,PESOS POTROS 2020.xlsx
Casty,H,2020-01-02,2021-05-15,16,368.0,146.0,True,PESOS POTROS 2020.xlsx
Casty,H,2020-01-02,2021-06-15,17,385.0,150.0,True,PESOS POTROS 2020.xlsx
Casty,H,2020-01-02,2021-07-15,18,388.0,150.0,True,PESOS POTROS 2020.xlsx
Casty,H,2020-01-02,2021-08-15,19,409.0,151.0,True,PESOS POTROS 2020.xlsx
Casty,H,2020-01-02,2021-09-15,20,405.0,152.0,True,PESOS POTROS 2020.xlsx
Casty,H,2020-01-02,2021-10-15,21,407.0,152.0,True,PESOS POTROS 2020.xlsx
Casty,H,2020-01-02,2021-11-15,22,412.0,152.0,True,PESOS POTROS 2020.xlsx
Casty,H,2020-01-02,2021-12-15,23,414.0,152.0,True,PESOS POTROS 2020.xlsx
Dushevina,H,2020-04-04,2020-04-04,0,60.0,,True,PESOS POTROS 2020.xlsx
Dushevina,H,2020-04-04,2020-05-15,1,110.0,115.0,True,PESOS POTROS 2020.xlsx
Dushevina,H,2020-04-04,2020-06-15,2,144.0,122.0,True,PESOS POTROS 2020.xlsx
Dushevina,H,2020-04-04,2020-07-15,3,180.0,128.0,True,PESOS POTROS 2020.xlsx
Dushevina,H,2020-04-04,2020-08-15,4,213.0,131.0,True,PESOS POTROS 2020.xlsx
Dushevina,H,2020-04-04,2020-09-15,5,246.0,137.0,True,PESOS POTROS 2020.xlsx
Dushevina,H,2020-04-04,2020-10-15,6,265.0,137.0,True,PESOS POTROS 2020.xlsx
Dushevina,H,2020-04-04,2020-11-15,7,288.0,139.0,True,PESOS POTROS 2020.xlsx
Dushevina,H,2020-04-04,2020-12-15,8,305.0,141.0,True,PESOS POTROS 2020.xlsx
Dushevina,H,2020-04-04,2021-01-15,9,311.0,144.0,True,PESOS POTROS 2020.xlsx
Dushevina,H,2020-04-04,2021-02-15,10,330.0,146.0,True,PESOS POTROS 2020.xlsx
Dushevina,H,2020-04-04,2021-03-15,11,354.0,149.0,True,PESOS POTROS 2020.xlsx
Dushevina,H,2020-04-04,2021-04-15,12,366.0,149.0,True,PESOS POTROS 2020.xlsx
Dushevina,H,2020-04-04,2021-05-15,13,390.0,151.0,True,PESOS POTROS 2020.xlsx
Dushevina,H,2020-04-04,2021-06-15,14,414.0,154.0,True,PESOS POTROS 2020.xlsx
Dushevina,H,2020-04-04,2021-07-15,15,440.0,155.0,True,PESOS POTROS 2020.xlsx
Dushevina,H,2020-04-04,2021-08-15,16,454.0,155.0,True,PESOS POTROS 2020.xlsx
Dushevina,H,2020-04-04,2021-09-15,17,462.0,155.0,True,PESOS POTROS 2020.xlsx
Dushevina,H,2020-04-04,2021-10-15,18,475.0,158.0,True,PESOS POTROS 2020.xlsx
Dushevina,H,2020-04-04,2021-11-15,19,482.0,159.0,True,PESOS POTROS 2020.xlsx
Dushevina,H,2020-04-04,2021-12-15,20,489.0,159.0,True,PESOS POTROS 2020.xlsx
Jatsa Pretty,H,2020-02-16,2020-02-16,0,59.0,,True,PESOS POTROS 2020.xlsx
Jatsa Pretty,H,2020-02-16,2020-03-15,1,100.0,113.0,True,PESOS POTROS 2020.xlsx
Jatsa Pretty,H,2020-02-16,2020-04-15,2,150.0,121.0,True,PESOS POTROS 2020.xlsx
Jatsa Pretty,H,2020-02-16,2020-05-15,3,185.0,124.0,True,PESOS POTROS 2020.xlsx
Jatsa Pretty,H,2020-02-16,2020-06-15,4,203.0,128.0,True,PESOS POTROS 2020.xlsx
Jatsa Pretty,H,2020-02-16,2020-07-15,5,227.0,132.0,True,PESOS POTROS 2020.xlsx
Jatsa Pretty,H,2020-02-16,2020-08-15,6,250.0,135.0,True,PESOS POTROS 2020.xlsx
Jatsa Pretty,H,2020-02-16,2020-09-15,7,277.0,136.0,True,PESOS POTROS 2020.xlsx
Jatsa Pretty,H,2020-02-16,2020-10-15,8,290.0,140.0,True,PESOS POTROS 2020.xlsx
Jatsa Pretty,H,2020-02-16,2020-11-15,9,311.0,141.0,True,PESOS POTROS 2020.xlsx
Jatsa Pretty,H,2020-02-16,2020-12-15,10,319.0,143.0,True,PESOS POTROS 2020.xlsx
Jatsa Pretty,H,2020-02-16,2021-01-15,11,305.0,143.0,True,PESOS POTROS 2020.xlsx
Jatsa Pretty,H,2020-02-16,2021-02-15,12,332.0,145.0,True,PESOS POTROS 2020.xlsx
Jatsa Pretty,H,2020-02-16,2021-03-15,13,343.0,147.0,True,PESOS POTROS 2020.xlsx
Jatsa Pretty,H,2020-02-16,2021-04-15,14,365.0,148.0,True,PESOS POTROS 2020.xlsx
Jatsa Pretty,H,2020-02-16,2021-05-15,15,377.0,150.0,True,PESOS POTROS 2020.xlsx
Jatsa Pretty,H,2020-02-16,2021-06-15,16,406.0,150.0,True,PESOS POTROS 2020.xlsx
Jatsa Pretty,H,2020-02-16,2021-07-15,17,418.0,152.0,True,PESOS POTROS 2020.xlsx
Jatsa Pretty,H,2020-02-16,2021-08-15,18,446.0,152.0,True,PESOS POTROS 2020.xlsx
Jatsa Pretty,H,2020-02-16,2021-09-15,19,445.0,154.0,True,PESOS POTROS 2020.xlsx
Jatsa Pretty,H,2020-02-16,2021-10-15,20,431.0,154.0,True,PESOS POTROS 2020.xlsx
Jatsa Pretty,H,2020-02-16,2021-11-15,21,447.0,155.0,True,PESOS POTROS 2020.xlsx
Jatsa Pretty,H,2020-02-16,2021-12-15,22,448.0,156.0,True,PESOS POTROS 2020.xlsx
Xanadu,H,2020-01-31,2020-01-31,0,53.0,,True,PESOS POTROS 2020.xlsx
Xanadu,H,2020-01-31,2020-03-15,1,104.0,115.0,True,PESOS POTROS 2020.xlsx
Xanadu,H,2020-01-31,2020-04-15,2,151.0,122.0,True,PESOS POTROS 2020.xlsx
Xanadu,H,2020-01-31,2020-05-15,3,174.0,125.0,True,PESOS POTROS 2020.xlsx
Xibelita,H,2020-05-09,2020-05-09,0,59.0,,True,PESOS POTROS 2020.xlsx
Xibelita,H,2020-05-09,2020-06-15,1,122.0,118.0,True,PESOS POTROS 2020.xlsx
Xibelita,H,2020-05-09,2020-07-15,2,159.0,122.0,True,PESOS POTROS 2020.xlsx
Xibelita,H,2020-05-09,2020-08-15,3,201.0,127.0,True,PESOS POTROS 2020.xlsx
Xibelita,H,2020-05-09,2020-09-15,4,241.0,131.0,True,PESOS POTROS 2020.xlsx
Xibelita,H,2020-05-09,2020-10-15,5,250.0,133.0,True,PESOS POTROS 2020.xlsx
Xibelita,H,2020-05-09,2020-11-15,6,279.0,136.0,True,PESOS POTROS 2020.xlsx
Xibelita,H,2020-05-09,2020-12-15,7,296.0,139.0,True,PESOS POTROS 2020.xlsx
Xibelita,H,2020-05-09,2021-01-15,8,294.0,142.0,True,PESOS POTROS 2020.xlsx
Xibelita,H,2020-05-09,2021-02-15,9,322.0,144.0,True,PESOS POTROS 2020.xlsx
Xibelita,H,2020-05-09,2021-03-15,10,340.0,146.0,True,PESOS POTROS 2020.xlsx
Xibelita,H,2020-05-09,2021-04-15,11,358.0,147.0,True,PESOS POTROS 2020.xlsx
Xibelita,H,2020-05-09,2021-05-15,12,381.0,148.0,True,PESOS POTROS 2020.xlsx
Xibelita,H,2020-05-09,2021-06-15,13,414.0,150.0,True,PESOS POTROS 2020.xlsx
Xibelita,H,2020-05-09,2021-07-15,14,434.0,151.0,True,PESOS POTROS 2020.xlsx
Xibelita,H,2020-05-09,2021-08-15,15,457.0,152.0,True,PESOS POTROS 2020.xlsx
Xibelita,H,2020-05-09,2021-09-15,16,453.0,154.0,True,PESOS POTROS 2020.xlsx
Xibelita,H,2020-05-09,2021-10-15,17,455.0,154.0,True,PESOS POTROS 2020.xlsx
Xibelita,H,2020-05-09,2021-11-15,18,457.0,154.0,True,PESOS POTROS 2020.xlsx
Xibelita,H,2020-05-09,2021-12-15,19,468.0,156.0,True,PESOS POTROS 2020.xlsx
Yugoslava,H,2020-02-10,2020-02-10,0,52.0,,True,PESOS POTROS 2020.xlsx
Yugoslava,H,2020-02-10,2020-03-15,1,96.0,113.0,True,PESOS POTROS 2020.xlsx
Yugoslava,H,2020-02-10,2020-04-15,2,141.0,121.0,True,PESOS POTROS 2020.xlsx
Yugoslava,H,2020-02-10,2020-05-15,3,178.0,126.0,True,PESOS POTROS 2020.xlsx
Yugoslava,H,2020-02-10,2020-06-15,4,197.0,132.2,True,PESOS POTROS 2020.xlsx
Yugoslava,H,2020-02-10,2020-07-15,5,225.0,134.0,True,PESOS POTROS 2020.xlsx
Yugoslava,H,2020-02-10,2020-08-15,6,249.0,137.0,True,PESOS POTROS 2020.xlsx
Yugoslava,H,2020-02-10,2020-09-15,7,270.0,140.0,True,PESOS POTROS 2020.xlsx
Yugoslava,H,2020-02-10,2020-10-15,8,285.0,141.0,True,PESOS POTROS 2020.xlsx
Yugoslava,H,2020-02-10,2020-11-15,9,308.0,144.0,True,PESOS POTROS 2020.xlsx
Yugoslava,H,2020-02-10,2020-12-15,10,316.0,146.0,True,PESOS POTROS 2020.xlsx
Yugoslava,H,2020-02-10,2021-01-15,11,326.0,148.0,True,PESOS POTROS 2020.xlsx
Yugoslava,H,2020-02-10,2021-02-15,12,343.0,149.0,True,PESOS POTROS 2020.xlsx
Yugoslava,H,2020-02-10,2021-03-15,13,358.0,151.0,True,PESOS POTROS 2020.xlsx
Yugoslava,H,2020-02-10,2021-04-15,14,371.0,151.0,True,PESOS POTROS 2020.xlsx
Yugoslava,H,2020-02-10,2021-05-15,15,381.0,153.0,True,PESOS POTROS 2020.xlsx
Yugoslava,H,2020-02-10,2021-06-15,16,404.0,153.0,True,PESOS POTROS 2020.xlsx
Yugoslava,H,2020-02-10,2021-07-15,17,414.0,155.0,True,PESOS POTROS 2020.xlsx
Yugoslava,H,2020-02-10,2021-08-15,18,416.0,157.0,True,PESOS POTROS 2020.xlsx
Yugoslava,H,2020-02-10,2021-09-15,19,443.0,157.0,True,PESOS POTROS 2020.xlsx
Yugoslava,H,2020-02-10,2021-10-15,20,438.0,158.0,True,PESOS POTROS 2020.xlsx
Yugoslava,H,2020-02-10,2021-11-15,21,453.0,159.0,True,PESOS POTROS 2020.xlsx
Yugoslava,H,2020-02-10,2021-12-15,22,451.0,159.0,True,PESOS POTROS 2020.xlsx
Zavaleta,H,2020-01-19,2020-01-19,0,46.0,,True,PESOS POTROS 2020.xlsx
Zavaleta,H,2020-01-19,2020-02-15,1,86.0,100.0,True,PESOS POTROS 2020.xlsx
Zavaleta,H,2020-01-19,2020-03-15,2,108.0,108.0,True,PESOS POTROS 2020.xlsx
Zavaleta,H,2020-01-19,2020-04-15,3,159.0,116.0,True,PESOS POTROS 2020.xlsx
Zavaleta,H,2020-01-19,2020-05-15,4,191.0,118.0,True,PESOS POTROS 2020.xlsx
Zavaleta,H,2020-01-19,2020-06-15,5,221.0,123.0,True,PESOS POTROS 2020.xlsx
Zavaleta,H,2020-01-19,2020-07-15,6,238.0,125.0,True,PESOS POTROS 2020.xlsx
Zavaleta,H,2020-01-19,2020-08-15,7,256.0,128.0,True,PESOS POTROS 2020.xlsx
Zavaleta,H,2020-01-19,2020-09-15,8,280.0,131.0,True,PESOS POTROS 2020.xlsx
Zavaleta,H,2020-01-19,2020-10-15,9,303.0,132.0,True,PESOS POTROS 2020.xlsx
Zavaleta,H,2020-01-19,2020-11-15,10,325.0,135.0,True,PESOS POTROS 2020.xlsx
Zavaleta,H,2020-01-19,2020-12-15,11,340.0,137.0,True,PESOS POTROS 2020.xlsx
Zavaleta,H,2020-01-19,2021-01-15,12,356.0,139.0,True,PESOS POTROS 2020.xlsx
Zavaleta,H,2020-01-19,2021-02-15,13,365.0,142.0,True,PESOS POTROS 2020.xlsx
Zavaleta,H,2020-01-19,2021-03-15,14,376.0,143.0,True,PESOS POTROS 2020.xlsx
Zavaleta,H,2020-01-19,2021-04-15,15,390.0,143.0,True,PESOS POTROS 2020.xlsx
Zavaleta,H,2020-01-19,2021-05-15,16,404.0,143.0,True,PESOS POTROS 2020.xlsx
Zavaleta,H,2020-01-19,2021-06-15,17,383.0,145.0,True,PESOS POTROS 2020.xlsx
Zavaleta,H,2020-01-19,2021-07-15,18,418.0,145.0,True,PESOS POTROS 2020.xlsx
Zavaleta,H,2020-01-19,2021-08-15,19,448.0,145.0,True,PESOS POTROS 2020.xlsx
Zavaleta,H,2020-01-19,2021-09-15,20,448.0,146.0,True,PESOS POTROS 2020.xlsx
Zavaleta,H,2020-01-19,2021-10-15,21,450.0,148.0,True,PESOS POTROS 2020.xlsx
Zavaleta,H,2020-01-19,2021-11-15,22,459.0,149.0,True,PESOS POTROS 2020.xlsx
Zavaleta,H,2020-01-19,2021-12-15,23,467.0,149.0,True,PESOS POTROS 2020.xlsx
Bazuca,M,2020-01-11,2020-01-11,0,56.0,,True,PESOS POTROS 2020.xlsx
Bazuca,M,2020-01-11,2020-02-15,1,119.0,111.0,True,PESOS POTROS 2020.xlsx
Bazuca,M,2020-01-11,2020-03-15,2,143.0,118.0,True,PESOS POTROS 2020.xlsx
Bazuca,M,2020-01-11,2020-04-15,3,175.0,121.0,True,PESOS POTROS 2020.xlsx
Bazuca,M,2020-01-11,2020-05-15,4,209.0,126.0,True,PESOS POTROS 2020.xlsx
Bazuca,M,2020-01-11,2020-06-15,5,233.0,128.0,True,PESOS POTROS 2020.xlsx
Bazuca,M,2020-01-11,2020-07-15,6,253.0,130.0,True,PESOS POTROS 2020.xlsx
Bazuca,M,2020-01-11,2020-08-15,7,242.0,132.0,True,PESOS POTROS 2020.xlsx
Bazuca,M,2020-01-11,2020-09-15,8,256.0,138.0,True,PESOS POTROS 2020.xlsx
Bazuca,M,2020-01-11,2020-10-15,9,278.0,138.0,True,PESOS POTROS 2020.xlsx
Bazuca,M,2020-01-11,2020-11-15,10,295.0,142.0,True,PESOS POTROS 2020.xlsx
Bazuca,M,2020-01-11,2020-12-15,11,302.0,143.0,True,PESOS POTROS 2020.xlsx
Bazuca,M,2020-01-11,2021-01-15,12,321.0,143.0,True,PESOS POTROS 2020.xlsx
Bazuca,M,2020-01-11,2021-02-15,13,337.0,144.0,True,PESOS POTROS 2020.xlsx
Bazuca,M,2020-01-11,2021-03-15,14,344.0,145.0,True,PESOS POTROS 2020.xlsx
Bazuca,M,2020-01-11,2021-04-15,15,354.0,147.0,True,PESOS POTROS 2020.xlsx
Bazuca,M,2020-01-11,2021-05-15,16,367.0,148.0,True,PESOS POTROS 2020.xlsx
Bazuca,M,2020-01-11,2021-06-15,17,387.0,149.0,True,PESOS POTROS 2020.xlsx
Bazuca,M,2020-01-11,2021-07-15,18,403.0,151.0,True,PESOS POTROS 2020.xlsx
Bazuca,M,2020-01-11,2021-08-15,19,411.0,152.0,True,PESOS POTROS 2020.xlsx
Bazuca,M,2020-01-11,2021-09-15,20,411.0,152.0,True,PESOS POTROS 2020.xlsx
Bazuca,M,2020-01-11,2021-10-15,21,416.0,154.0,True,PESOS POTROS 2020.xlsx
Bazuca,M,2020-01-11,2021-11-15,22,424.0,154.0,True,PESOS POTROS 2020.xlsx
Bazuca,M,2020-01-11,2021-12-15,23,434.0,154.0,True,PESOS POTROS 2020.xlsx
Bellota,M,2020-02-10,2020-02-10,0,71.0,,True,PESOS POTROS 2020.xlsx
Bellota,M,2020-02-10,2020-03-15,1,119.0,118.0,True,PESOS POTROS 2020.xlsx
Bellota,M,2020-02-10,2020-04-15,2,167.0,125.0,True,PESOS POTROS 2020.xlsx
Bellota,M,2020-02-10,2020-05-15,3,201.0,130.0,True,PESOS POTROS 2020.xlsx
Bellota,M,2020-02-10,2020-06-15,4,229.0,134.0,True,PESOS POTROS 2020.xlsx
Bellota,M,2020-02-10,2020-07-15,5,247.0,136.0,True,PESOS POTROS 2020.xlsx
Bellota,M,2020-02-10,2020-08-15,6,271.0,138.0,True,PESOS POTROS 2020.xlsx
Bellota,M,2020-02-10,2020-09-15,7,295.0,140.0,True,PESOS POTROS 2020.xlsx
Bellota,M,2020-02-10,2020-10-15,8,309.0,141.0,True,PESOS POTROS 2020.xlsx
Bellota,M,2020-02-10,2020-11-15,9,326.0,143.0,True,PESOS POTROS 2020.xlsx
Bellota,M,2020-02-10,2020-12-15,10,335.0,145.0,True,PESOS POTROS 2020.xlsx
Bellota,M,2020-02-10,2021-01-15,11,345.0,147.0,True,PESOS POTROS 2020.xlsx
Bellota,M,2020-02-10,2021-02-15,12,353.0,148.0,True,PESOS POTROS 2020.xlsx
Bellota,M,2020-02-10,2021-03-15,13,369.0,149.0,True,PESOS POTROS 2020.xlsx
Bellota,M,2020-02-10,2021-04-15,14,380.0,151.0,True,PESOS POTROS 2020.xlsx
Bellota,M,2020-02-10,2021-05-15,15,397.0,152.0,True,PESOS POTROS 2020.xlsx
Bellota,M,2020-02-10,2021-06-15,16,421.0,153.0,True,PESOS POTROS 2020.xlsx
Bellota,M,2020-02-10,2021-07-15,17,433.0,155.0,True,PESOS POTROS 2020.xlsx
Bellota,M,2020-02-10,2021-08-15,18,447.0,156.0,True,PESOS POTROS 2020.xlsx
Bellota,M,2020-02-10,2021-09-15,19,460.0,156.0,True,PESOS POTROS 2020.xlsx
Bellota,M,2020-02-10,2021-10-15,20,464.0,156.0,True,PESOS POTROS 2020.xlsx
Bellota,M,2020-02-10,2021-11-15,21,473.0,156.0,True,PESOS POTROS 2020.xlsx
Bellota,M,2020-02-10,2021-12-15,22,474.0,158.0,True,PESOS POTROS 2020.xlsx
Go Dawg,M,2020-01-15,2020-01-15,0,59.0,,True,PESOS POTROS 2020.xlsx
Go Dawg,M,2020-01-15,2020-02-15,1,110.0,115.0,True,PESOS POTROS 2020.xlsx
Go Dawg,M,2020-01-15,2020-03-15,2,132.0,119.0,True,PESOS POTROS 2020.xlsx
Go Dawg,M,2020-01-15,2020-04-15,3,175.0,123.0,True,PESOS POTROS 2020.xlsx
Go Dawg,M,2020-01-15,2020-05-15,4,205.0,128.0,True,PESOS POTROS 2020.xlsx
Go Dawg,M,2020-01-15,2020-06-15,5,232.0,132.2,True,PESOS POTROS 2020.xlsx
Go Dawg,M,2020-01-15,2020-07-15,6,248.0,134.0,True,PESOS POTROS 2020.xlsx
Go Dawg,M,2020-01-15,2020-08-15,7,268.0,136.0,True,PESOS POTROS 2020.xlsx
Go Dawg,M,2020-01-15,2020-09-15,8,289.0,139.0,True,PESOS POTROS 2020.xlsx
Go Dawg,M,2020-01-15,2020-10-15,9,311.0,140.0,True,PESOS POTROS 2020.xlsx
Go Dawg,M,2020-01-15,2020-11-15,10,323.0,142.0,True,PESOS POTROS 2020.xlsx
Go Dawg,M,2020-01-15,2020-12-15,11,334.0,144.0,True,PESOS POTROS 2020.xlsx
Go Dawg,M,2020-01-15,2021-01-15,12,345.0,146.0,True,PESOS POTROS 2020.xlsx
Go Dawg,M,2020-01-15,2021-02-15,13,349.0,147.0,True,PESOS POTROS 2020.xlsx
Go Dawg,M,2020-01-15,2021-03-15,14,364.0,148.0,True,PESOS POTROS 2020.xlsx
Go Dawg,M,2020-01-15,2021-04-15,15,376.0,150.0,True,PESOS POTROS 2020.xlsx
Go Dawg,M,2020-01-15,2021-05-15,16,400.0,150.0,True,PESOS POTROS 2020.xlsx
Go Dawg,M,2020-01-15,2021-06-15,17,418.0,153.0,True,PESOS POTROS 2020.xlsx
Go Dawg,M,2020-01-15,2021-07-15,18,432.0,153.0,True,PESOS POTROS 2020.xlsx
Go Dawg,M,2020-01-15,2021-08-15,19,447.0,155.0,True,PESOS POTROS 2020.xlsx
Go Dawg,M,2020-01-15,2021-09-15,20,460.0,155.0,True,PESOS POTROS 2020.xlsx
Go Dawg,M,2020-01-15,2021-10-15,21,463.0,156.0,True,PESOS POTROS 2020.xlsx
Go Dawg,M,2020-01-15,2021-11-15,22,477.0,156.0,True,PESOS POTROS 2020.xlsx
Go Dawg,M,2020-01-15,2021-12-15,23,482.0,157.0,True,PESOS POTROS 2020.xlsx
Go Vivian Go,M,2020-04-03,2020-04-03,0,51.0,,True,PESOS POTROS 2020.xlsx
Go Vivian Go,M,2020-04-03,2020-05-15,1,123.0,114.0,True,PESOS POTROS 2020.xlsx
Go Vivian Go,M,2020-04-03,2020-06-15,2,154.0,119.0,True,PESOS POTROS 2020.xlsx
Go Vivian Go,M,2020-04-03,2020-07-15,3,184.0,125.0,True,PESOS POTROS 2020.xlsx
Go Vivian Go,M,2020-04-03,2020-08-15,4,213.0,130.0,True,PESOS POTROS 2020.xlsx
Go Vivian Go,M,2020-04-03,2020-09-15,5,245.0,134.0,True,PESOS POTROS 2020.xlsx
Go Vivian Go,M,2020-04-03,2020-10-15,6,250.0,134.0,True,PESOS POTROS 2020.xlsx
Go Vivian Go,M,2020-04-03,2020-11-15,7,270.0,135.0,True,PESOS POTROS 2020.xlsx
Go Vivian Go,M,2020-04-03,2020-12-15,8,282.0,139.0,True,PESOS POTROS 2020.xlsx
Go Vivian Go,M,2020-04-03,2021-01-15,9,291.0,140.0,True,PESOS POTROS 2020.xlsx
Go Vivian Go,M,2020-04-03,2021-02-15,10,306.0,142.0,True,PESOS POTROS 2020.xlsx
Go Vivian Go,M,2020-04-03,2021-03-15,11,320.0,143.0,True,PESOS POTROS 2020.xlsx
Go Vivian Go,M,2020-04-03,2021-04-15,12,333.0,145.0,True,PESOS POTROS 2020.xlsx
Go Vivian Go,M,2020-04-03,2021-05-15,13,356.0,148.0,True,PESOS POTROS 2020.xlsx
Go Vivian Go,M,2020-04-03,2021-06-15,14,384.0,149.0,True,PESOS POTROS 2020.xlsx
Go Vivian Go,M,2020-04-03,2021-07-15,15,407.0,150.0,True,PESOS POTROS 2020.xlsx
Go Vivian Go,M,2020-04-03,2021-08-15,16,419.0,151.0,True,PESOS POTROS 2020.xlsx
Go Vivian Go,M,2020-04-03,2021-09-15,17,424.0,152.0,True,PESOS POTROS 2020.xlsx
Go Vivian Go,M,2020-04-03,2021-10-15,18,430.0,153.0,True,PESOS POTROS 2020.xlsx
Go Vivian Go,M,2020-04-03,2021-11-15,19,440.0,154.0,True,PESOS POTROS 2020.xlsx
Go Vivian Go,M,2020-04-03,2021-12-15,20,437.0,154.0,True,PESOS POTROS 2020.xlsx
Hans Road,M,2020-01-17,2020-01-17,0,49.0,,True,PESOS POTROS 2020.xlsx
Hans Road,M,2020-01-17,2020-02-15,1,100.0,111.0,True,PESOS POTROS 2020.xlsx
Hans Road,M,2020-01-17,2020-03-15,2,125.0,117.0,True,PESOS POTROS 2020.xlsx
Hans Road,M,2020-01-17,2020-04-15,3,175.0,124.0,True,PESOS POTROS 2020.xlsx
Hans Road,M,2020-01-17,2020-05-15,4,207.0,127.0,True,PESOS POTROS 2020.xlsx
Hans Road,M,2020-01-17,2020-06-15,5,234.0,132.0,True,PESOS POTROS 2020.xlsx
Hans Road,M,2020-01-17,2020-07-15,6,251.0,133.0,True,PESOS POTROS 2020.xlsx
Hans Road,M,2020-01-17,2020-08-15,7,271.0,136.0,True,PESOS POTROS 2020.xlsx
Hans Road,M,2020-01-17,2020-09-15,8,296.0,140.0,True,PESOS POTROS 2020.xlsx
Hans Road,M,2020-01-17,2020-10-15,9,319.0,141.0,True,PESOS POTROS 2020.xlsx
Hans Road,M,2020-01-17,2020-11-15,10,339.0,143.0,True,PESOS POTROS 2020.xlsx
Hans Road,M,2020-01-17,2020-12-15,11,351.0,144.0,True,PESOS POTROS 2020.xlsx
Hans Road,M,2020-01-17,2021-01-15,12,368.0,146.0,True,PESOS POTROS 2020.xlsx
Hans Road,M,2020-01-17,2021-02-15,13,372.0,148.0,True,PESOS POTROS 2020.xlsx
Hans Road,M,2020-01-17,2021-03-15,14,388.0,149.0,True,PESOS POTROS 2020.xlsx
Hans Road,M,2020-01-17,2021-04-15,15,401.0,151.0,True,PESOS POTROS 2020.xlsx
Hans Road,M,2020-01-17,2021-05-15,16,415.0,152.0,True,PESOS POTROS 2020.xlsx
Hans Road,M,2020-01-17,2021-06-15,17,434.0,153.0,True,PESOS POTROS 2020.xlsx
Hans Road,M,2020-01-17,2021-07-15,18,451.0,155.0,True,PESOS POTROS 2020.xlsx
Hans Road,M,2020-01-17,2021-08-15,19,466.0,156.0,True,PESOS POTROS 2020.xlsx
Hans Road,M,2020-01-17,2021-09-15,20,456.0,156.0,True,PESOS POTROS 2020.xlsx
Hans Road,M,2020-01-17,2021-10-15,21,467.0,158.0,True,PESOS POTROS 2020.xlsx
Hans Road,M,2020-01-17,2021-11-15,22,469.0,159.0,True,PESOS POTROS 2020.xlsx
Hans Road,M,2020-01-17,2021-12-15,23,475.0,159.0,True,PESOS POTROS 2020.xlsx
Indian Lullaby,M,2020-04-26,2020-04-26,0,58.0,,True,PESOS POTROS 2020.xlsx
Indian Lullaby,M,2020-04-26,2020-05-15,1,90.0,107.0,True,PESOS POTROS 2020.xlsx
Indian Lullaby,M,2020-04-26,2020-06-15,2,110.0,115.0,True,PESOS POTROS 2020.xlsx
Indian Lullaby,M,2020-04-26,2020-07-15,3,144.0,118.0,True,PESOS POTROS 2020.xlsx
Indian Lullaby,M,2020-04-26,2020-08-15,4,190.0,125.0,True,PESOS POTROS 2020.xlsx
Indian Lullaby,M,2020-04-26,2020-09-15,5,235.0,129.0,True,PESOS POTROS 2020.xlsx
Indian Lullaby,M,2020-04-26,2020-10-15,6,248.0,132.0,True,PESOS POTROS 2020.xlsx
Indian Lullaby,M,2020-04-26,2020-11-15,7,280.0,135.0,True,PESOS POTROS 2020.xlsx
Indian Lullaby,M,2020-04-26,2020-12-15,8,300.0,137.0,True,PESOS POTROS 2020.xlsx
Indian Lullaby,M,2020-04-26,2021-01-15,9,323.0,139.0,True,PESOS POTROS 2020.xlsx
Indian Lullaby,M,2020-04-26,2021-02-15,10,348.0,140.0,True,PESOS POTROS 2020.xlsx
Indian Lullaby,M,2020-04-26,2021-03-15,11,366.0,142.0,True,PESOS POTROS 2020.xlsx
Indian Lullaby,M,2020-04-26,2021-04-15,12,386.0,145.0,True,PESOS POTROS 2020.xlsx
Indian Lullaby,M,2020-04-26,2021-05-15,13,401.0,146.0,True,PESOS POTROS 2020.xlsx
Indian Lullaby,M,2020-04-26,2021-06-15,14,409.0,148.0,True,PESOS POTROS 2020.xlsx
Indian Lullaby,M,2020-04-26,2021-07-15,15,436.0,150.0,True,PESOS POTROS 2020.xlsx
Indian Lullaby,M,2020-04-26,2021-08-15,16,457.0,152.0,True,PESOS POTROS 2020.xlsx
Indian Lullaby,M,2020-04-26,2021-09-15,17,469.0,152.0,True,PESOS POTROS 2020.xlsx
Indian Lullaby,M,2020-04-26,2021-10-15,18,491.0,155.0,True,PESOS POTROS 2020.xlsx
Indian Lullaby,M,2020-04-26,2021-11-15,19,520.0,156.0,True,PESOS POTROS 2020.xlsx
Indian Lullaby,M,2020-04-26,2021-12-15,20,521.0,156.0,True,PESOS POTROS 2020.xlsx
Kohunlich,M,2020-03-03,2020-03-03,0,43.0,,True,PESOS POTROS 2020.xlsx
Kohunlich,M,2020-03-03,2020-04-15,1,110.0,111.0,True,PESOS POTROS 2020.xlsx
Kohunlich,M,2020-03-03,2020-05-15,2,139.0,114.0,True,PESOS POTROS 2020.xlsx
Life Again,M,2020-02-16,2020-02-16,0,51.0,,True,PESOS POTROS 2020.xlsx
Life Again,M,2020-02-16,2020-03-15,1,95.0,105.0,True,PESOS POTROS 2020.xlsx
Life Again,M,2020-02-16,2020-04-15,2,140.0,116.0,True,PESOS POTROS 2020.xlsx
Life Again,M,2020-02-16,2020-05-15,3,172.0,118.0,True,PESOS POTROS 2020.xlsx
Life Again,M,2020-02-16,2020-06-15,4,200.0,123.0,True,PESOS POTROS 2020.xlsx
Life Again,M,2020-02-16,2020-07-15,5,226.0,127.0,True,PESOS POTROS 2020.xlsx
Life Again,M,2020-02-16,2020-08-15,6,245.0,129.0,True,PESOS POTROS 2020.xlsx
Life Again,M,2020-02-16,2020-09-15,7,274.0,133.0,True,PESOS POTROS 2020.xlsx
Life Again,M,2020-02-16,2020-10-15,8,298.0,134.0,True,PESOS POTROS 2020.xlsx
Life Again,M,2020-02-16,2020-11-15,9,308.0,135.0,True,PESOS POTROS 2020.xlsx
Life Again,M,2020-02-16,2020-12-15,10,327.0,138.0,True,PESOS POTROS 2020.xlsx
Life Again,M,2020-02-16,2021-01-15,11,347.0,139.0,True,PESOS POTROS 2020.xlsx
Life Again,M,2020-02-16,2021-02-15,12,352.0,141.0,True,PESOS POTROS 2020.xlsx
Life Again,M,2020-02-16,2021-03-15,13,366.0,143.0,True,PESOS POTROS 2020.xlsx
Life Again,M,2020-02-16,2021-04-15,14,375.0,144.0,True,PESOS POTROS 2020.xlsx
Life Again,M,2020-02-16,2021-05-15,15,388.0,145.0,True,PESOS POTROS 2020.xlsx
Life Again,M,2020-02-16,2021-06-15,16,379.0,146.0,True,PESOS POTROS 2020.xlsx
Life Again,M,2020-02-16,2021-07-15,17,398.0,146.0,True,PESOS POTROS 2020.xlsx
Life Again,M,2020-02-16,2021-08-15,18,402.0,146.0,True,PESOS POTROS 2020.xlsx
Life Again,M,2020-02-16,2021-09-15,19,427.0,146.0,True,PESOS POTROS 2020.xlsx
Life Again,M,2020-02-16,2021-10-15,20,443.0,150.0,True,PESOS POTROS 2020.xlsx
Life Again,M,2020-02-16,2021-11-15,21,455.0,150.0,True,PESOS POTROS 2020.xlsx
Life Again,M,2020-02-16,2021-12-15,22,466.0,150.0,True,PESOS POTROS 2020.xlsx
New Idea,M,2020-05-04,2020-05-04,0,54.0,,True,PESOS POTROS 2020.xlsx
New Idea,M,2020-05-04,2020-06-15,1,100.0,112.0,True,PESOS POTROS 2020.xlsx
New Idea,M,2020-05-04,2020-07-15,2,133.0,116.0,True,PESOS POTROS 2020.xlsx
New Idea,M,2020-05-04,2020-08-15,3,167.0,122.0,True,PESOS POTROS 2020.xlsx
New Idea,M,2020-05-04,2020-09-15,4,201.0,128.0,True,PESOS POTROS 2020.xlsx
New Idea,M,2020-05-04,2020-10-15,5,214.0,131.0,True,PESOS POTROS 2020.xlsx
New Idea,M,2020-05-04,2020-11-15,6,245.0,134.0,True,PESOS POTROS 2020.xlsx
New Idea,M,2020-05-04,2020-12-15,7,267.0,136.0,True,PESOS POTROS 2020.xlsx
New Idea,M,2020-05-04,2021-01-15,8,284.0,138.0,True,PESOS POTROS 2020.xlsx
New Idea,M,2020-05-04,2021-02-15,9,298.0,141.0,True,PESOS POTROS 2020.xlsx
New Idea,M,2020-05-04,2021-03-15,10,315.0,142.0,True,PESOS POTROS 2020.xlsx
New Idea,M,2020-05-04,2021-04-15,11,331.0,146.0,True,PESOS POTROS 2020.xlsx
New Idea,M,2020-05-04,2021-05-15,12,348.0,147.0,True,PESOS POTROS 2020.xlsx
New Idea,M,2020-05-04,2021-06-15,13,373.0,148.0,True,PESOS POTROS 2020.xlsx
New Idea,M,2020-05-04,2021-07-15,14,394.0,151.0,True,PESOS POTROS 2020.xlsx
New Idea,M,2020-05-04,2021-08-15,15,416.0,151.0,True,PESOS POTROS 2020.xlsx
New Idea,M,2020-05-04,2021-09-15,16,420.0,151.0,True,PESOS POTROS 2020.xlsx
New Idea,M,2020-05-04,2021-10-15,17,433.0,154.0,True,PESOS POTROS 2020.xlsx
New Idea,M,2020-05-04,2021-11-15,18,447.0,154.0,True,PESOS POTROS 2020.xlsx
New Idea,M,2020-05-04,2021-12-15,19,459.0,154.0,True,PESOS POTROS 2020.xlsx
Strawberry Day,M,2020-01-27,2020-01-27,0,54.0,,True,PESOS POTROS 2020.xlsx
Strawberry Day,M,2020-01-27,2020-02-15,1,101.0,112.0,True,PESOS POTROS 2020.xlsx
Strawberry Day,M,2020-01-27,2020-03-15,2,125.0,115.0,True,PESOS POTROS 2020.xlsx
Strawberry Day,M,2020-01-27,2020-04-15,3,172.0,124.0,True,PESOS POTROS 2020.xlsx
Strawberry Day,M,2020-01-27,2020-05-15,4,205.0,128.0,True,PESOS POTROS 2020.xlsx
Strawberry Day,M,2020-01-27,2020-06-15,5,238.0,133.0,True,PESOS POTROS 2020.xlsx
Strawberry Day,M,2020-01-27,2020-07-15,6,250.0,135.0,True,PESOS POTROS 2020.xlsx
Strawberry Day,M,2020-01-27,2020-08-15,7,271.0,137.0,True,PESOS POTROS 2020.xlsx
Strawberry Day,M,2020-01-27,2020-09-15,8,295.0,140.0,True,PESOS POTROS 2020.xlsx
Strawberry Day,M,2020-01-27,2020-10-15,9,313.0,142.0,True,PESOS POTROS 2020.xlsx
Strawberry Day,M,2020-01-27,2020-11-15,10,333.0,144.0,True,PESOS POTROS 2020.xlsx
Strawberry Day,M,2020-01-27,2020-12-15,11,345.0,144.0,True,PESOS POTROS 2020.xlsx
Strawberry Day,M,2020-01-27,2021-01-15,12,357.0,147.0,True,PESOS POTROS 2020.xlsx
Strawberry Day,M,2020-01-27,2021-02-15,13,362.0,149.0,True,PESOS POTROS 2020.xlsx
Strawberry Day,M,2020-01-27,2021-03-15,14,382.0,150.0,True,PESOS POTROS 2020.xlsx
Strawberry Day,M,2020-01-27,2021-04-15,15,392.0,152.0,True,PESOS POTROS 2020.xlsx
Strawberry Day,M,2020-01-27,2021-05-15,16,413.0,152.0,True,PESOS POTROS 2020.xlsx
Strawberry Day,M,2020-01-27,2021-06-15,17,407.0,153.0,True,PESOS POTROS 2020.xlsx
Strawberry Day,M,2020-01-27,2021-07-15,18,432.0,155.0,True,PESOS POTROS 2020.xlsx
Strawberry Day,M,2020-01-27,2021-08-15,19,447.0,155.0,True,PESOS POTROS 2020.xlsx
Strawberry Day,M,2020-01-27,2021-09-15,20,458.0,156.0,True,PESOS POTROS 2020.xlsx
Strawberry Day,M,2020-01-27,2021-10-15,21,462.0,157.0,True,PESOS POTROS 2020.xlsx
Strawberry Day,M,2020-01-27,2021-11-15,22,480.0,158.0,True,PESOS POTROS 2020.xlsx
Strawberry Day,M,2020-01-27,2021-12-15,23,488.0,159.0,True,PESOS POTROS 2020.xlsx
Hans Road,H,2021-01-03,2021-01-03,0,48.0,,True,PESOS POTROS 2021.xlsx
Hans Road,H,2021-01-03,2021-02-15,1,97.0,113.0,True,PESOS POTROS 2021.xlsx
Hans Road,H,2021-01-03,2021-03-15,2,124.0,114.0,True,PESOS POTROS 2021.xlsx
Hans Road,H,2021-01-03,2021-04-15,3,151.0,121.0,True,PESOS POTROS 2021.xlsx
Hans Road,H,2021-01-03,2021-05-15,4,182.0,124.0,True,PESOS POTROS 2021.xlsx
Hans Road,H,2021-01-03,2021-06-15,5,198.0,128.0,True,PESOS POTROS 2021.xlsx
Hans Road,H,2021-01-03,2021-07-15,6,216.0,131.0,True,PESOS POTROS 2021.xlsx
Hans Road,H,2021-01-03,2021-08-15,7,242.0,133.0,True,PESOS POTROS 2021.xlsx
Hans Road,H,2021-01-03,2021-09-15,8,263.0,135.0,True,PESOS POTROS 2021.xlsx
Hans Road,H,2021-01-03,2021-10-15,9,281.0,137.0,True,PESOS POTROS 2021.xlsx
Hans Road,H,2021-01-03,2021-11-15,10,297.0,139.0,True,PESOS POTROS 2021.xlsx
Hans Road,H,2021-01-03,2021-12-15,11,309.0,140.0,True,PESOS POTROS 2021.xlsx
Hans Road,H,2021-01-03,2022-01-15,12,314.0,142.0,True,PESOS POTROS 2021.xlsx
Hans Road,H,2021-01-03,2022-02-15,13,323.0,142.0,True,PESOS POTROS 2021.xlsx
Hans Road,H,2021-01-03,2022-03-15,14,326.0,144.0,True,PESOS POTROS 2021.xlsx
Hans Road,H,2021-01-03,2022-04-15,15,342.0,144.0,True,PESOS POTROS 2021.xlsx
Hans Road,H,2021-01-03,2022-05-15,16,354.0,146.0,True,PESOS POTROS 2021.xlsx
Hans Road,H,2021-01-03,2022-06-15,17,372.0,148.0,True,PESOS POTROS 2021.xlsx
Hans Road,H,2021-01-03,2022-07-15,18,398.0,149.0,True,PESOS POTROS 2021.xlsx
Hans Road,H,2021-01-03,2022-08-15,19,415.0,151.0,True,PESOS POTROS 2021.xlsx
Hans Road,H,2021-01-03,2022-09-15,20,425.0,152.0,True,PESOS POTROS 2021.xlsx
Hans Road,H,2021-01-03,2022-10-15,21,410.0,152.0,True,PESOS POTROS 2021.xlsx
Hans Road,H,2021-01-03,2022-11-15,22,404.0,152.0,True,PESOS POTROS 2021.xlsx
Hans Road,H,2021-01-03,2022-12-15,23,411.0,152.0,True,PESOS POTROS 2021.xlsx
Jatsa Pretty,H,2021-02-03,2021-02-03,0,60.0,,True,PESOS POTROS 2021.xlsx
Jatsa Pretty,H,2021-02-03,2021-03-15,1,120.0,113.0,True,PESOS POTROS 2021.xlsx
Jatsa Pretty,H,2021-02-03,2021-04-15,2,152.0,120.0,True,PESOS POTROS 2021.xlsx
Jatsa Pretty,H,2021-02-03,2021-05-15,3,189.0,124.0,True,PESOS POTROS 2021.xlsx
Jatsa Pretty,H,2021-02-03,2021-06-15,4,218.0,128.0,True,PESOS POTROS 2021.xlsx
Jatsa Pretty,H,2021-02-03,2021-07-15,5,227.0,129.0,True,PESOS POTROS 2021.xlsx
Jatsa Pretty,H,2021-02-03,2021-08-15,6,264.0,132.0,True,PESOS POTROS 2021.xlsx
Jatsa Pretty,H,2021-02-03,2021-09-15,7,283.0,138.0,True,PESOS POTROS 2021.xlsx
Jatsa Pretty,H,2021-02-03,2021-10-15,8,299.0,138.0,True,PESOS POTROS 2021.xlsx
Jatsa Pretty,H,2021-02-03,2021-11-15,9,324.0,138.0,True,PESOS POTROS 2021.xlsx
Jatsa Pretty,H,2021-02-03,2021-12-15,10,341.0,139.0,True,PESOS POTROS 2021.xlsx
Jatsa Pretty,H,2021-02-03,2022-01-15,11,343.0,140.0,True,PESOS POTROS 2021.xlsx
Jatsa Pretty,H,2021-02-03,2022-02-15,12,358.0,143.0,True,PESOS POTROS 2021.xlsx
Jatsa Pretty,H,2021-02-03,2022-03-15,13,355.0,145.0,True,PESOS POTROS 2021.xlsx
Jatsa Pretty,H,2021-02-03,2022-04-15,14,378.0,146.0,True,PESOS POTROS 2021.xlsx
Jatsa Pretty,H,2021-02-03,2022-05-15,15,394.0,147.0,True,PESOS POTROS 2021.xlsx
Jatsa Pretty,H,2021-02-03,2022-06-15,16,419.0,148.0,True,PESOS POTROS 2021.xlsx
Jatsa Pretty,H,2021-02-03,2022-07-15,17,439.0,149.0,True,PESOS POTROS 2021.xlsx
Jatsa Pretty,H,2021-02-03,2022-08-15,18,454.0,152.0,True,PESOS POTROS 2021.xlsx
Jatsa Pretty,H,2021-02-03,2022-09-15,19,467.0,152.0,True,PESOS POTROS 2021.xlsx
Jatsa Pretty,H,2021-02-03,2022-10-15,20,457.0,152.0,True,PESOS POTROS 2021.xlsx
Jatsa Pretty,H,2021-02-03,2022-11-15,21,452.0,152.0,True,PESOS POTROS 2021.xlsx
Jatsa Pretty,H,2021-02-03,2022-12-15,22,461.0,153.0,True,PESOS POTROS 2021.xlsx
Life Again,H,2021-04-20,2021-04-20,0,53.0,,True,PESOS POTROS 2021.xlsx
Life Again,H,2021-04-20,2021-05-15,1,93.0,109.0,True,PESOS POTROS 2021.xlsx
Life Again,H,2021-04-20,2021-06-15,2,129.0,117.0,True,PESOS POTROS 2021.xlsx
Life Again,H,2021-04-20,2021-07-15,3,156.0,121.0,True,PESOS POTROS 2021.xlsx
Life Again,H,2021-04-20,2021-08-15,4,189.0,121.0,True,PESOS POTROS 2021.xlsx
Life Again,H,2021-04-20,2021-09-15,5,202.0,130.0,True,PESOS POTROS 2021.xlsx
Life Again,H,2021-04-20,2021-10-15,6,230.0,130.0,True,PESOS POTROS 2021.xlsx
Life Again,H,2021-04-20,2021-11-15,7,252.0,133.0,True,PESOS POTROS 2021.xlsx
Life Again,H,2021-04-20,2021-12-15,8,265.0,135.0,True,PESOS POTROS 2021.xlsx
Life Again,H,2021-04-20,2022-01-15,9,277.0,136.0,True,PESOS POTROS 2021.xlsx
Life Again,H,2021-04-20,2022-02-15,10,291.0,139.0,True,PESOS POTROS 2021.xlsx
Life Again,H,2021-04-20,2022-03-15,11,292.0,141.0,True,PESOS POTROS 2021.xlsx
Life Again,H,2021-04-20,2022-04-15,12,320.0,143.0,True,PESOS POTROS 2021.xlsx
Life Again,H,2021-04-20,2022-05-15,13,336.0,143.0,True,PESOS POTROS 2021.xlsx
Life Again,H,2021-04-20,2022-06-15,14,348.0,145.0,True,PESOS POTROS 2021.xlsx
Life Again,H,2021-04-20,2022-07-15,15,368.0,145.0,True,PESOS POTROS 2021.xlsx
Life Again,H,2021-04-20,2022-08-15,16,395.0,147.0,True,PESOS POTROS 2021.xlsx
Life Again,H,2021-04-20,2022-09-15,17,405.0,148.0,True,PESOS POTROS 2021.xlsx
Life Again,H,2021-04-20,2022-10-15,18,393.0,148.0,True,PESOS POTROS 2021.xlsx
Life Again,H,2021-04-20,2022-11-15,19,391.0,149.0,True,PESOS POTROS 2021.xlsx
Life Again,H,2021-04-20,2022-12-15,20,406.0,149.0,True,PESOS POTROS 2021.xlsx
Spyin Feelin,H,2021-01-08,2021-01-08,0,55.0,,True,PESOS POTROS 2021.xlsx
Spyin Feelin,H,2021-01-08,2021-02-15,1,107.0,116.0,True,PESOS POTROS 2021.xlsx
Spyin Feelin,H,2021-01-08,2021-03-15,2,138.0,121.0,True,PESOS POTROS 2021.xlsx
Spyin Feelin,H,2021-01-08,2021-04-15,3,178.0,126.0,True,PESOS POTROS 2021.xlsx
Spyin Feelin,H,2021-01-08,2021-05-15,4,209.0,130.0,True,PESOS POTROS 2021.xlsx
Spyin Feelin,H,2021-01-08,2021-06-15,5,231.0,134.0,True,PESOS POTROS 2021.xlsx
Spyin Feelin,H,2021-01-08,2021-07-15,6,257.0,137.0,True,PESOS POTROS 2021.xlsx
Spyin Feelin,H,2021-01-08,2021-08-15,7,279.0,139.0,True,PESOS POTROS 2021.xlsx
Spyin Feelin,H,2021-01-08,2021-09-15,8,308.0,142.0,True,PESOS POTROS 2021.xlsx
Spyin Feelin,H,2021-01-08,2021-10-15,9,325.0,143.0,True,PESOS POTROS 2021.xlsx
Spyin Feelin,H,2021-01-08,2021-11-15,10,345.0,146.0,True,PESOS POTROS 2021.xlsx
Spyin Feelin,H,2021-01-08,2021-12-15,11,361.0,146.0,True,PESOS POTROS 2021.xlsx
Spyin Feelin,H,2021-01-08,2022-01-15,12,364.0,148.0,True,PESOS POTROS 2021.xlsx
Spyin Feelin,H,2021-01-08,2022-02-15,13,374.0,150.0,True,PESOS POTROS 2021.xlsx
Spyin Feelin,H,2021-01-08,2022-03-15,14,380.0,150.0,True,PESOS POTROS 2021.xlsx
Spyin Feelin,H,2021-01-08,2022-04-15,15,392.0,151.0,True,PESOS POTROS 2021.xlsx
Spyin Feelin,H,2021-01-08,2022-05-15,16,409.0,154.0,True,PESOS POTROS 2021.xlsx
Spyin Feelin,H,2021-01-08,2022-06-15,17,431.0,154.0,True,PESOS POTROS 2021.xlsx
Spyin Feelin,H,2021-01-08,2022-07-15,18,453.0,156.0,True,PESOS POTROS 2021.xlsx
Spyin Feelin,H,2021-01-08,2022-08-15,19,473.0,158.0,True,PESOS POTROS 2021.xlsx
Spyin Feelin,H,2021-01-08,2022-09-15,20,489.0,159.0,True,PESOS POTROS 2021.xlsx
Spyin Feelin,H,2021-01-08,2022-10-15,21,473.0,159.0,True,PESOS POTROS 2021.xlsx
Spyin Feelin,H,2021-01-08,2022-11-15,22,474.0,159.0,True,PESOS POTROS 2021.xlsx
Spyin Feelin,H,2021-01-08,2022-12-15,23,481.0,159.0,True,PESOS POTROS 2021.xlsx
Strawberry Day,H,2021-01-05,2021-01-05,0,54.0,,True,PESOS POTROS 2021.xlsx
Strawberry Day,H,2021-01-05,2021-02-15,1,120.0,113.0,True,PESOS POTROS 2021.xlsx
Strawberry Day,H,2021-01-05,2021-03-15,2,152.0,119.0,True,PESOS POTROS 2021.xlsx
Strawberry Day,H,2021-01-05,2021-04-15,3,184.0,123.0,True,PESOS POTROS 2021.xlsx
Strawberry Day,H,2021-01-05,2021-05-15,4,212.0,128.0,True,PESOS POTROS 2021.xlsx
Strawberry Day,H,2021-01-05,2021-06-15,5,220.0,131.0,True,PESOS POTROS 2021.xlsx
Strawberry Day,H,2021-01-05,2021-07-15,6,253.0,133.0,True,PESOS POTROS 2021.xlsx
Strawberry Day,H,2021-01-05,2021-08-15,7,279.0,134.0,True,PESOS POTROS 2021.xlsx
Strawberry Day,H,2021-01-05,2021-09-15,8,292.0,137.0,True,PESOS POTROS 2021.xlsx
Strawberry Day,H,2021-01-05,2021-10-15,9,309.0,139.0,True,PESOS POTROS 2021.xlsx
Strawberry Day,H,2021-01-05,2021-11-15,10,327.0,140.0,True,PESOS POTROS 2021.xlsx
Strawberry Day,H,2021-01-05,2021-12-15,11,343.0,141.0,True,PESOS POTROS 2021.xlsx
Strawberry Day,H,2021-01-05,2022-01-15,12,348.0,144.0,True,PESOS POTROS 2021.xlsx
Strawberry Day,H,2021-01-05,2022-02-15,13,361.0,145.0,True,PESOS POTROS 2021.xlsx
Strawberry Day,H,2021-01-05,2022-03-15,14,360.0,145.0,True,PESOS POTROS 2021.xlsx
Strawberry Day,H,2021-01-05,2022-04-15,15,380.0,146.0,True,PESOS POTROS 2021.xlsx
Strawberry Day,H,2021-01-05,2022-05-15,16,391.0,148.0,True,PESOS POTROS 2021.xlsx
Strawberry Day,H,2021-01-05,2022-06-15,17,409.0,149.0,True,PESOS POTROS 2021.xlsx
Strawberry Day,H,2021-01-05,2022-07-15,18,433.0,150.0,True,PESOS POTROS 2021.xlsx
Strawberry Day,H,2021-01-05,2022-08-15,19,454.0,152.0,True,PESOS POTROS 2021.xlsx
Strawberry Day,H,2021-01-05,2022-09-15,20,469.0,152.0,True,PESOS POTROS 2021.xlsx
Strawberry Day,H,2021-01-05,2022-10-15,21,452.0,152.0,True,PESOS POTROS 2021.xlsx
Strawberry Day,H,2021-01-05,2022-11-15,22,447.0,152.0,True,PESOS POTROS 2021.xlsx
Strawberry Day,H,2021-01-05,2022-12-15,23,460.0,153.0,True,PESOS POTROS 2021.xlsx
Xanadu,H,2021-01-29,2021-01-29,0,55.0,,True,PESOS POTROS 2021.xlsx
Xanadu,H,2021-01-29,2021-03-15,1,107.0,115.0,True,PESOS POTROS 2021.xlsx
Xanadu,H,2021-01-29,2021-04-15,3,140.0,119.0,True,PESOS POTROS 2021.xlsx
Xanadu,H,2021-01-29,2021-05-15,4,151.0,125.0,True,PESOS POTROS 2021.xlsx
Xanadu,H,2021-01-29,2021-06-15,5,185.0,129.0,True,PESOS POTROS 2021.xlsx
Xanadu,H,2021-01-29,2021-07-15,6,201.0,131.0,True,PESOS POTROS 2021.xlsx
Xanadu,H,2021-01-29,2021-08-15,7,218.0,133.0,True,PESOS POTROS 2021.xlsx
Xanadu,H,2021-01-29,2021-09-15,8,246.0,136.0,True,PESOS POTROS 2021.xlsx
Xanadu,H,2021-01-29,2021-10-15,9,265.0,138.0,True,PESOS POTROS 2021.xlsx
Xanadu,H,2021-01-29,2021-11-15,10,293.0,139.0,True,PESOS POTROS 2021.xlsx
Xanadu,H,2021-01-29,2021-12-15,11,305.0,140.0,True,PESOS POTROS 2021.xlsx
Xanadu,H,2021-01-29,2022-01-15,12,314.0,142.0,True,PESOS POTROS 2021.xlsx
Xanadu,H,2021-01-29,2022-02-15,13,320.0,144.0,True,PESOS POTROS 2021.xlsx
Xanadu,H,2021-01-29,2022-04-15,15,345.0,146.0,True,PESOS POTROS 2021.xlsx
Xanadu,H,2021-01-29,2022-05-15,16,370.0,148.0,True,PESOS POTROS 2021.xlsx
Xanadu,H,2021-01-29,2022-06-15,17,389.0,150.0,True,PESOS POTROS 2021.xlsx
Xanadu,H,2021-01-29,2022-07-15,18,416.0,151.0,True,PESOS POTROS 2021.xlsx
Xanadu,H,2021-01-29,2022-08-15,19,439.0,152.0,True,PESOS POTROS 2021.xlsx
Xanadu,H,2021-01-29,2022-09-15,20,457.0,153.0,True,PESOS POTROS 2021.xlsx
Xanadu,H,2021-01-29,2022-10-15,21,421.0,153.0,True,PESOS POTROS 2021.xlsx
Xanadu,H,2021-01-29,2022-11-15,22,425.0,154.0,True,PESOS POTROS 2021.xlsx
Xanadu,H,2021-01-29,2022-12-15,23,437.0,154.0,True,PESOS POTROS 2021.xlsx
Yugoslava,H,2021-02-14,2021-02-14,0,54.0,,True,PESOS POTROS 2021.xlsx
Yugoslava,H,2021-02-14,2021-03-15,1,95.0,110.0,True,PESOS POTROS 2021.xlsx
Yugoslava,H,2021-02-14,2021-04-15,2,125.0,118.0,True,PESOS POTROS 2021.xlsx
Yugoslava,H,2021-02-14,2021-05-15,3,164.0,123.0,True,PESOS POTROS 2021.xlsx
Yugoslava,H,2021-02-14,2021-06-15,4,208.0,131.0,True,PESOS POTROS 2021.xlsx
Yugoslava,H,2021-02-14,2021-07-15,5,219.0,134.0,True,PESOS POTROS 2021.xlsx
Yugoslava,H,2021-02-14,2021-08-15,6,250.0,135.0,True,PESOS POTROS 2021.xlsx
Yugoslava,H,2021-02-14,2021-09-15,7,273.0,139.0,True,PESOS POTROS 2021.xlsx
Yugoslava,H,2021-02-14,2021-10-15,8,288.0,140.0,True,PESOS POTROS 2021.xlsx
Yugoslava,H,2021-02-14,2021-11-15,9,316.0,143.0,True,PESOS POTROS 2021.xlsx
Yugoslava,H,2021-02-14,2021-12-15,10,334.0,144.0,True,PESOS POTROS 2021.xlsx
Yugoslava,H,2021-02-14,2022-01-15,11,350.0,146.0,True,PESOS POTROS 2021.xlsx
Yugoslava,H,2021-02-14,2022-02-15,12,358.0,146.0,True,PESOS POTROS 2021.xlsx
Yugoslava,H,2021-02-14,2022-03-15,13,355.0,148.0,True,PESOS POTROS 2021.xlsx
Yugoslava,H,2021-02-14,2022-04-15,14,386.0,150.0,True,PESOS POTROS 2021.xlsx
Yugoslava,H,2021-02-14,2022-05-15,15,395.0,151.0,True,PESOS POTROS 2021.xlsx
Yugoslava,H,2021-02-14,2022-06-15,16,407.0,151.0,True,PESOS POTROS 2021.xlsx
Yugoslava,H,2021-02-14,2022-07-15,17,428.0,154.0,True,PESOS POTROS 2021.xlsx
Yugoslava,H,2021-02-14,2022-08-15,18,453.0,157.0,True,PESOS POTROS 2021.xlsx
Yugoslava,H,2021-02-14,2022-09-15,19,464.0,158.0,True,PESOS POTROS 2021.xlsx
Yugoslava,H,2021-02-14,2022-10-15,20,446.0,158.0,True,PESOS POTROS 2021.xlsx
Yugoslava,H,2021-02-14,2022-11-15,21,455.0,158.0,True,PESOS POTROS 2021.xlsx
Yugoslava,H,2021-02-14,2022-12-15,22,453.0,158.0,True,PESOS POTROS 2021.xlsx
Estampida,M,2020-01-02,2020-01-02,0,48.0,,True,PESOS POTROS 2021.xlsx
Estampida,M,2020-01-02,2021-02-15,13,121.0,117.0,True,PESOS POTROS 2021.xlsx
Estampida,M,2020-01-02,2021-03-15,14,152.0,122.0,True,PESOS POTROS 2021.xlsx
Estampida,M,2020-01-02,2021-04-15,15,182.0,126.0,True,PESOS POTROS 2021.xlsx
Estampida,M,2020-01-02,2021-05-15,16,208.0,129.0,True,PESOS POTROS 2021.xlsx
Estampida,M,2020-01-02,2021-06-15,17,224.0,132.0,True,PESOS POTROS 2021.xlsx
Estampida,M,2020-01-02,2021-07-15,18,261.0,136.0,True,PESOS POTROS 2021.xlsx
Estampida,M,2020-01-02,2021-08-15,19,284.0,138.0,True,PESOS POTROS 2021.xlsx
Estampida,M,2020-01-02,2021-09-15,20,311.0,140.0,True,PESOS POTROS 2021.xlsx
Estampida,M,2020-01-02,2021-10-15,21,324.0,142.0,True,PESOS POTROS 2021.xlsx
Estampida,M,2020-01-02,2021-11-15,22,348.0,144.0,True,PESOS POTROS 2021.xlsx
Estampida,M,2020-01-02,2021-12-15,23,363.0,144.0,True,PESOS POTROS 2021.xlsx
Estampida,M,2020-01-02,2022-01-15,24,363.0,145.0,True,PESOS POTROS 2021.xlsx
Estampida,M,2020-01-02,2022-02-15,25,380.0,147.0,True,PESOS POTROS 2021.xlsx
Estampida,M,2020-01-02,2022-03-15,26,386.0,148.0,True,PESOS POTROS 2021.xlsx
Estampida,M,2020-01-02,2022-04-15,27,412.0,150.0,True,PESOS POTROS 2021.xlsx
Estampida,M,2020-01-02,2022-05-15,28,413.0,151.0,True,PESOS POTROS 2021.xlsx
Estampida,M,2020-01-02,2022-06-15,29,436.0,152.0,True,PESOS POTROS 2021.xlsx
Estampida,M,2020-01-02,2022-07-15,30,444.0,154.0,True,PESOS POTROS 2021.xlsx
Estampida,M,2020-01-02,2022-08-15,31,459.0,155.0,True,PESOS POTROS 2021.xlsx
Estampida,M,2020-01-02,2022-09-15,32,467.0,155.0,True,PESOS POTROS 2021.xlsx
Estampida,M,2020-01-02,2022-10-15,33,461.0,155.0,True,PESOS POTROS 2021.xlsx
Estampida,M,2020-01-02,2022-11-15,34,475.0,155.0,True,PESOS POTROS 2021.xlsx
Estampida,M,2020-01-02,2022-12-15,35,479.0,155.0,True,PESOS POTROS 2021.xlsx
Go Vivian Go,M,2021-05-04,2021-05-04,0,62.0,,True,PESOS POTROS 2021.xlsx
Go Vivian Go,M,2021-05-04,2021-06-15,1,141.0,118.0,True,PESOS POTROS 2021.xlsx
Go Vivian Go,M,2021-05-04,2021-07-15,2,172.0,128.0,True,PESOS POTROS 2021.xlsx
Go Vivian Go,M,2021-05-04,2021-08-15,3,210.0,129.0,True,PESOS POTROS 2021.xlsx
Go Vivian Go,M,2021-05-04,2021-09-15,4,231.0,136.0,True,PESOS POTROS 2021.xlsx
Go Vivian Go,M,2021-05-04,2021-10-15,5,254.0,136.0,True,PESOS POTROS 2021.xlsx
Go Vivian Go,M,2021-05-04,2021-11-15,6,267.0,138.0,True,PESOS POTROS 2021.xlsx
Go Vivian Go,M,2021-05-04,2021-12-15,7,288.0,140.0,True,PESOS POTROS 2021.xlsx
Go Vivian Go,M,2021-05-04,2022-01-15,8,295.0,141.0,True,PESOS POTROS 2021.xlsx
Go Vivian Go,M,2021-05-04,2022-02-15,9,320.0,143.0,True,PESOS POTROS 2021.xlsx
Go Vivian Go,M,2021-05-04,2022-03-15,10,341.0,145.0,True,PESOS POTROS 2021.xlsx
Go Vivian Go,M,2021-05-04,2022-04-15,11,373.0,148.0,True,PESOS POTROS 2021.xlsx
Go Vivian Go,M,2021-05-04,2022-05-15,12,391.0,149.0,True,PESOS POTROS 2021.xlsx
Go Vivian Go,M,2021-05-04,2022-06-15,13,380.0,151.0,True,PESOS POTROS 2021.xlsx
Go Vivian Go,M,2021-05-04,2022-07-15,14,405.0,152.0,True,PESOS POTROS 2021.xlsx
Go Vivian Go,M,2021-05-04,2022-08-15,15,422.0,153.0,True,PESOS POTROS 2021.xlsx
Go Vivian Go,M,2021-05-04,2022-09-15,16,455.0,155.0,True,PESOS POTROS 2021.xlsx
Go Vivian Go,M,2021-05-04,2022-10-15,17,457.0,157.0,True,PESOS POTROS 2021.xlsx
Go Vivian Go,M,2021-05-04,2022-11-15,18,473.0,158.0,True,PESOS POTROS 2021.xlsx
Go Vivian Go,M,2021-05-04,2022-12-15,19,477.0,158.0,True,PESOS POTROS 2021.xlsx
Indian Lullaby,M,2021-05-05,2021-05-05,0,54.0,,True,PESOS POTROS 2021.xlsx
Indian Lullaby,M,2021-05-05,2021-06-15,1,109.0,113.0,True,PESOS POTROS 2021.xlsx
Indian Lullaby,M,2021-05-05,2021-07-15,2,148.0,120.0,True,PESOS POTROS 2021.xlsx
Indian Lullaby,M,2021-05-05,2021-08-15,3,200.0,121.0,True,PESOS POTROS 2021.xlsx
Indian Lullaby,M,2021-05-05,2021-09-15,4,228.0,130.0,True,PESOS POTROS 2021.xlsx
Indian Lullaby,M,2021-05-05,2021-10-15,5,252.0,130.0,True,PESOS POTROS 2021.xlsx
Indian Lullaby,M,2021-05-05,2021-11-15,6,278.0,133.0,True,PESOS POTROS 2021.xlsx
Indian Lullaby,M,2021-05-05,2021-12-15,7,288.0,135.0,True,PESOS POTROS 2021.xlsx
Indian Lullaby,M,2021-05-05,2022-01-15,8,300.0,137.0,True,PESOS POTROS 2021.xlsx
Indian Lullaby,M,2021-05-05,2022-02-15,9,321.0,140.0,True,PESOS POTROS 2021.xlsx
Indian Lullaby,M,2021-05-05,2022-03-15,10,334.0,141.0,True,PESOS POTROS 2021.xlsx
Indian Lullaby,M,2021-05-05,2022-04-15,11,366.0,144.0,True,PESOS POTROS 2021.xlsx
Indian Lullaby,M,2021-05-05,2022-05-15,12,387.0,145.0,True,PESOS POTROS 2021.xlsx
Indian Lullaby,M,2021-05-05,2022-06-15,13,394.0,149.0,True,PESOS POTROS 2021.xlsx
Indian Lullaby,M,2021-05-05,2022-07-15,14,425.0,149.0,True,PESOS POTROS 2021.xlsx
Indian Lullaby,M,2021-05-05,2022-08-15,15,445.0,151.0,True,PESOS POTROS 2021.xlsx
Indian Lullaby,M,2021-05-05,2022-09-15,16,471.0,152.0,True,PESOS POTROS 2021.xlsx
Indian Lullaby,M,2021-05-05,2022-10-15,17,460.0,153.0,True,PESOS POTROS 2021.xlsx
Indian Lullaby,M,2021-05-05,2022-11-15,18,485.0,153.0,True,PESOS POTROS 2021.xlsx
Indian Lullaby,M,2021-05-05,2022-12-15,19,484.0,153.0,True,PESOS POTROS 2021.xlsx
Kohunlich,M,2021-03-03,2021-03-03,0,55.0,,True,PESOS POTROS 2021.xlsx
Kohunlich,M,2021-03-03,2021-04-15,1,117.0,113.0,True,PESOS POTROS 2021.xlsx
Kohunlich,M,2021-03-03,2021-05-15,2,146.0,119.0,True,PESOS POTROS 2021.xlsx
Kohunlich,M,2021-03-03,2021-06-15,3,187.0,125.0,True,PESOS POTROS 2021.xlsx
Kohunlich,M,2021-03-03,2021-07-15,4,215.0,128.0,True,PESOS POTROS 2021.xlsx
Kohunlich,M,2021-03-03,2021-08-15,5,235.0,128.0,True,PESOS POTROS 2021.xlsx
Kohunlich,M,2021-03-03,2021-09-15,6,257.0,132.0,True,PESOS POTROS 2021.xlsx
Kohunlich,M,2021-03-03,2021-10-15,7,272.0,134.0,True,PESOS POTROS 2021.xlsx
Kohunlich,M,2021-03-03,2021-11-15,8,289.0,137.0,True,PESOS POTROS 2021.xlsx
Kohunlich,M,2021-03-03,2021-12-15,9,313.0,138.0,True,PESOS POTROS 2021.xlsx
Kohunlich,M,2021-03-03,2022-01-15,10,312.0,140.0,True,PESOS POTROS 2021.xlsx
Kohunlich,M,2021-03-03,2022-02-15,11,330.0,141.0,True,PESOS POTROS 2021.xlsx
Kohunlich,M,2021-03-03,2022-03-15,12,338.0,142.0,True,PESOS POTROS 2021.xlsx
Kohunlich,M,2021-03-03,2022-04-15,13,360.0,143.0,True,PESOS POTROS 2021.xlsx
Kohunlich,M,2021-03-03,2022-05-15,14,374.0,145.0,True,PESOS POTROS 2021.xlsx
Kohunlich,M,2021-03-03,2022-06-15,15,395.0,147.0,True,PESOS POTROS 2021.xlsx
Kohunlich,M,2021-03-03,2022-07-15,16,405.0,148.0,True,PESOS POTROS 2021.xlsx
Kohunlich,M,2021-03-03,2022-08-15,17,420.0,148.0,True,PESOS POTROS 2021.xlsx
Kohunlich,M,2021-03-03,2022-09-15,18,447.0,150.0,True,PESOS POTROS 2021.xlsx
Kohunlich,M,2021-03-03,2022-10-15,19,428.0,151.0,True,PESOS POTROS 2021.xlsx
Kohunlich,M,2021-03-03,2022-11-15,20,437.0,151.0,True,PESOS POTROS 2021.xlsx
Kohunlich,M,2021-03-03,2022-12-15,21,443.0,151.0,True,PESOS POTROS 2021.xlsx
Mila Race,M,2020-01-03,2020-01-03,0,47.0,,True,PESOS POTROS 2021.xlsx
Mila Race,M,2020-01-03,2021-02-15,13,115.0,115.0,True,PESOS POTROS 2021.xlsx
Mila Race,M,2020-01-03,2021-03-15,14,147.0,118.0,True,PESOS POTROS 2021.xlsx
Mila Race,M,2020-01-03,2021-04-15,15,179.0,122.0,True,PESOS POTROS 2021.xlsx
Mila Race,M,2020-01-03,2021-05-15,16,208.0,128.0,True,PESOS POTROS 2021.xlsx
Mila Race,M,2020-01-03,2021-06-15,17,223.0,130.0,True,PESOS POTROS 2021.xlsx
Mila Race,M,2020-01-03,2021-07-15,18,257.0,134.0,True,PESOS POTROS 2021.xlsx
Mila Race,M,2020-01-03,2021-08-15,19,288.0,136.0,True,PESOS POTROS 2021.xlsx
Mila Race,M,2020-01-03,2021-09-15,20,316.0,140.0,True,PESOS POTROS 2021.xlsx
Mila Race,M,2020-01-03,2021-10-15,21,331.0,141.0,True,PESOS POTROS 2021.xlsx
Mila Race,M,2020-01-03,2021-11-15,22,359.0,142.0,True,PESOS POTROS 2021.xlsx
Mila Race,M,2020-01-03,2021-12-15,23,366.0,143.0,True,PESOS POTROS 2021.xlsx
Mila Race,M,2020-01-03,2022-01-15,24,375.0,144.0,True,PESOS POTROS 2021.xlsx
Mila Race,M,2020-01-03,2022-02-15,25,384.0,147.0,True,PESOS POTROS 2021.xlsx
Mila Race,M,2020-01-03,2022-03-15,26,388.0,147.0,True,PESOS POTROS 2021.xlsx
Mila Race,M,2020-01-03,2022-04-15,27,415.0,148.0,True,PESOS POTROS 2021.xlsx
Mila Race,M,2020-01-03,2022-05-15,28,413.0,149.0,True,PESOS POTROS 2021.xlsx
Mila Race,M,2020-01-03,2022-06-15,29,442.0,151.0,True,PESOS POTROS 2021.xlsx
Mila Race,M,2020-01-03,2022-07-15,30,453.0,153.0,True,PESOS POTROS 2021.xlsx
Mila Race,M,2020-01-03,2022-08-15,31,470.0,154.0,True,PESOS POTROS 2021.xlsx
Mila Race,M,2020-01-03,2022-09-15,32,485.0,154.0,True,PESOS POTROS 2021.xlsx
Mila Race,M,2020-01-03,2022-10-15,33,479.0,155.0,True,PESOS POTROS 2021.xlsx
Mila Race,M,2020-01-03,2022-11-15,34,489.0,155.0,True,PESOS POTROS 2021.xlsx
Mila Race,M,2020-01-03,2022-12-15,35,496.0,155.0,True,PESOS POTROS 2021.xlsx
Viuda Alegre,M,2021-02-21,2021-02-21,0,50.0,,True,PESOS POTROS 2021.xlsx
Viuda Alegre,M,2021-02-21,2021-03-15,1,85.0,100.0,True,PESOS POTROS 2021.xlsx
Viuda Alegre,M,2021-02-21,2021-04-15,2,122.0,113.0,True,PESOS POTROS 2021.xlsx
Viuda Alegre,M,2021-02-21,2021-05-15,3,153.0,117.0,True,PESOS POTROS 2021.xlsx
Viuda Alegre,M,2021-02-21,2021-06-15,4,188.0,121.0,True,PESOS POTROS 2021.xlsx
Viuda Alegre,M,2021-02-21,2021-07-15,5,213.0,124.0,True,PESOS POTROS 2021.xlsx
Viuda Alegre,M,2021-02-21,2021-08-15,6,226.0,127.0,True,PESOS POTROS 2021.xlsx
Viuda Alegre,M,2021-02-21,2021-09-15,7,255.0,129.0,True,PESOS POTROS 2021.xlsx
Viuda Alegre,M,2021-02-21,2021-10-15,8,268.0,132.0,True,PESOS POTROS 2021.xlsx
Viuda Alegre,M,2021-02-21,2021-11-15,9,289.0,134.0,True,PESOS POTROS 2021.xlsx
Viuda Alegre,M,2021-02-21,2021-12-15,10,301.0,135.0,True,PESOS POTROS 2021.xlsx
Viuda Alegre,M,2021-02-21,2022-01-15,11,310.0,137.0,True,PESOS POTROS 2021.xlsx
Viuda Alegre,M,2021-02-21,2022-02-15,12,325.0,139.0,True,PESOS POTROS 2021.xlsx
Viuda Alegre,M,2021-02-21,2022-03-15,13,339.0,139.0,True,PESOS POTROS 2021.xlsx
Viuda Alegre,M,2021-02-21,2022-04-15,14,356.0,142.0,True,PESOS POTROS 2021.xlsx
Viuda Alegre,M,2021-02-21,2022-05-15,15,371.0,142.0,True,PESOS POTROS 2021.xlsx
Viuda Alegre,M,2021-02-21,2022-06-15,16,397.0,144.0,True,PESOS POTROS 2021.xlsx
Viuda Alegre,M,2021-02-21,2022-07-15,17,399.0,146.0,True,PESOS POTROS 2021.xlsx
Viuda Alegre,M,2021-02-21,2022-08-15,18,425.0,147.0,True,PESOS POTROS 2021.xlsx
Viuda Alegre,M,2021-02-21,2022-09-15,19,445.0,147.0,True,PESOS POTROS 2021.xlsx
Viuda Alegre,M,2021-02-21,2022-10-15,20,433.0,150.0,True,PESOS POTROS 2021.xlsx
Viuda Alegre,M,2021-02-21,2022-11-15,21,443.0,150.0,True,PESOS POTROS 2021.xlsx
Viuda Alegre,M,2021-02-21,2022-12-15,22,441.0,150.0,True,PESOS POTROS 2021.xlsx
Wendy,M,2021-03-03,2021-03-03,0,58.0,,True,PESOS POTROS 2021.xlsx
Wendy,M,2021-03-03,2021-04-15,1,115.0,114.0,True,PESOS POTROS 2021.xlsx
Wendy,M,2021-03-03,2021-05-15,2,152.0,120.0,True,PESOS POTROS 2021.xlsx
Wendy,M,2021-03-03,2021-06-15,3,196.0,127.0,True,PESOS POTROS 2021.xlsx
Wendy,M,2021-03-03,2021-07-15,4,229.0,132.0,True,PESOS POTROS 2021.xlsx
Wendy,M,2021-03-03,2021-08-15,5,252.0,132.0,True,PESOS POTROS 2021.xlsx
Wendy,M,2021-03-03,2021-09-15,6,285.0,135.0,True,PESOS POTROS 2021.xlsx
Wendy,M,2021-03-03,2021-10-15,7,298.0,135.0,True,PESOS POTROS 2021.xlsx
Wendy,M,2021-03-03,2021-11-15,8,311.0,138.0,True,PESOS POTROS 2021.xlsx
Wendy,M,2021-03-03,2021-12-15,9,317.0,140.0,True,PESOS POTROS 2021.xlsx
Wendy,M,2021-03-03,2022-01-15,10,322.0,141.0,True,PESOS POTROS 2021.xlsx
Wendy,M,2021-03-03,2022-02-15,11,343.0,143.0,True,PESOS POTROS 2021.xlsx
Wendy,M,2021-03-03,2022-03-15,12,363.0,144.0,True,PESOS POTROS 2021.xlsx
Wendy,M,2021-03-03,2022-04-15,13,388.0,146.0,True,PESOS POTROS 2021.xlsx
Wendy,M,2021-03-03,2022-05-15,14,396.0,148.0,True,PESOS POTROS 2021.xlsx
Wendy,M,2021-03-03,2022-06-15,15,418.0,149.0,True,PESOS POTROS 2021.xlsx
Wendy,M,2021-03-03,2022-07-15,16,433.0,150.0,True,PESOS POTROS 2021.xlsx
Wendy,M,2021-03-03,2022-08-15,17,455.0,152.0,True,PESOS POTROS 2021.xlsx
Wendy,M,2021-03-03,2022-09-15,18,480.0,152.0,True,PESOS POTROS 2021.xlsx
Wendy,M,2021-03-03,2022-10-15,19,471.0,153.0,True,PESOS POTROS 2021.xlsx
Wendy,M,2021-03-03,2022-11-15,20,482.0,154.0,True,PESOS POTROS 2021.xlsx
Wendy,M,2021-03-03,2022-12-15,21,489.0,154.0,True,PESOS POTROS 2021.xlsx
Bellota,H,2022-04-04,2022-04-04,0,70.0,,True,PESOS POTROS 2022.xlsx
Bellota,H,2022-04-04,2022-05-15,1,138.0,115.0,True,PESOS POTROS 2022.xlsx
Bellota,H,2022-04-04,2022-06-15,2,178.0,122.0,True,PESOS POTROS 2022.xlsx
Bellota,H,2022-04-04,2022-07-15,3,209.0,124.0,True,PESOS POTROS 2022.xlsx
Bellota,H,2022-04-04,2022-08-15,4,244.0,129.0,True,PESOS POTROS 2022.xlsx
Bellota,H,2022-04-04,2022-09-15,5,246.0,132.0,True,PESOS POTROS 2022.xlsx
Bellota,H,2022-04-04,2022-10-15,6,256.0,132.0,True,PESOS POTROS 2022.xlsx
Bellota,H,2022-04-04,2022-11-15,7,283.0,132.0,True,PESOS POTROS 2022.xlsx
Bellota,H,2022-04-04,2022-12-15,8,292.0,133.0,True,PESOS POTROS 2022.xlsx
Bellota,H,2022-04-04,2023-01-15,9,294.0,133.0,True,PESOS POTROS 2022.xlsx
Bellota,H,2022-04-04,2023-02-15,10,311.0,136.0,True,PESOS POTROS 2022.xlsx
Bellota,H,2022-04-04,2023-03-15,11,320.0,139.0,True,PESOS POTROS 2022.xlsx
Bellota,H,2022-04-04,2023-04-15,12,333.0,140.0,True,PESOS POTROS 2022.xlsx
Bellota,H,2022-04-04,2023-05-15,13,357.0,143.0,True,PESOS POTROS 2022.xlsx
Bellota,H,2022-04-04,2023-06-15,14,377.0,144.0,True,PESOS POTROS 2022.xlsx
Bellota,H,2022-04-04,2023-07-15,15,400.0,145.0,True,PESOS POTROS 2022.xlsx
Bellota,H,2022-04-04,2023-08-15,16,394.0,146.0,True,PESOS POTROS 2022.xlsx
Bellota,H,2022-04-04,2023-09-15,17,416.0,146.0,True,PESOS POTROS 2022.xlsx
Cantata,H,2022-01-24,2022-01-24,0,48.0,,True,PESOS POTROS 2022.xlsx
Cantata,H,2022-01-24,2022-02-15,1,75.0,105.0,True,PESOS POTROS 2022.xlsx
Cantata,H,2022-01-24,2022-03-15,2,106.0,111.0,True,PESOS POTROS 2022.xlsx
Cantata,H,2022-01-24,2022-04-15,3,141.0,120.0,True,PESOS POTROS 2022.xlsx
Cantata,H,2022-01-24,2022-05-15,4,176.0,124.0,True,PESOS POTROS 2022.xlsx
Cantata,H,2022-01-24,2022-06-15,5,213.0,128.0,True,PESOS POTROS 2022.xlsx
Cantata,H,2022-01-24,2022-07-15,6,245.0,133.0,True,PESOS POTROS 2022.xlsx
Cantata,H,2022-01-24,2022-08-15,7,245.0,133.0,True,PESOS POTROS 2022.xlsx
Cantata,H,2022-01-24,2022-09-15,8,288.0,136.0,True,PESOS POTROS 2022.xlsx
Cantata,H,2022-01-24,2022-10-15,9,306.0,138.0,True,PESOS POTROS 2022.xlsx
Cantata,H,2022-01-24,2022-11-15,10,322.0,139.0,True,PESOS POTROS 2022.xlsx
Cantata,H,2022-01-24,2022-12-15,11,323.0,139.0,True,PESOS POTROS 2022.xlsx
Cantata,H,2022-01-24,2023-01-15,12,324.0,139.0,True,PESOS POTROS 2022.xlsx
Cantata,H,2022-01-24,2023-02-15,13,330.0,141.0,True,PESOS POTROS 2022.xlsx
Cantata,H,2022-01-24,2023-03-15,14,343.0,143.0,True,PESOS POTROS 2022.xlsx
Cantata,H,2022-01-24,2023-04-15,15,364.0,145.0,True,PESOS POTROS 2022.xlsx
Cantata,H,2022-01-24,2023-05-15,16,383.0,146.0,True,PESOS POTROS 2022.xlsx
Cantata,H,2022-01-24,2023-06-15,17,409.0,147.0,True,PESOS POTROS 2022.xlsx
Cantata,H,2022-01-24,2023-07-15,18,427.0,149.0,True,PESOS POTROS 2022.xlsx
Cantata,H,2022-01-24,2023-08-15,19,416.0,151.0,True,PESOS POTROS 2022.xlsx
Cantata,H,2022-01-24,2023-09-15,20,428.0,151.0,True,PESOS POTROS 2022.xlsx
Daisy,H,2022-01-17,2022-01-17,0,42.0,,True,PESOS POTROS 2022.xlsx
Daisy,H,2022-01-17,2022-02-15,1,86.0,106.0,True,PESOS POTROS 2022.xlsx
Daisy,H,2022-01-17,2022-03-15,2,117.0,112.0,True,PESOS POTROS 2022.xlsx
Daisy,H,2022-01-17,2022-04-15,3,150.0,117.0,True,PESOS POTROS 2022.xlsx
Daisy,H,2022-01-17,2022-05-15,4,181.0,122.0,True,PESOS POTROS 2022.xlsx
Daisy,H,2022-01-17,2022-06-15,5,213.0,125.0,True,PESOS POTROS 2022.xlsx
Daisy,H,2022-01-17,2022-07-15,6,224.0,127.0,True,PESOS POTROS 2022.xlsx
Daisy,H,2022-01-17,2022-08-15,7,259.0,132.0,True,PESOS POTROS 2022.xlsx
Daisy,H,2022-01-17,2022-09-15,8,277.0,134.0,True,PESOS POTROS 2022.xlsx
Daisy,H,2022-01-17,2022-10-15,9,294.0,136.0,True,PESOS POTROS 2022.xlsx
Daisy,H,2022-01-17,2022-11-15,10,312.0,138.0,True,PESOS POTROS 2022.xlsx
Daisy,H,2022-01-17,2022-12-15,11,323.0,138.0,True,PESOS POTROS 2022.xlsx
Daisy,H,2022-01-17,2023-01-15,12,320.0,138.0,True,PESOS POTROS 2022.xlsx
Daisy,H,2022-01-17,2023-02-15,13,319.0,139.0,True,PESOS POTROS 2022.xlsx
Daisy,H,2022-01-17,2023-03-15,14,325.0,140.0,True,PESOS POTROS 2022.xlsx
Daisy,H,2022-01-17,2023-04-15,15,318.0,142.0,True,PESOS POTROS 2022.xlsx
Daisy,H,2022-01-17,2023-05-15,16,358.0,143.0,True,PESOS POTROS 2022.xlsx
Daisy,H,2022-01-17,2023-06-15,17,386.0,144.0,True,PESOS POTROS 2022.xlsx
Daisy,H,2022-01-17,2023-07-15,18,404.0,145.0,True,PESOS POTROS 2022.xlsx
Daisy,H,2022-01-17,2023-08-15,19,400.0,147.0,True,PESOS POTROS 2022.xlsx
Daisy,H,2022-01-17,2023-09-15,20,414.0,148.0,True,PESOS POTROS 2022.xlsx
Estampida,H,2022-01-16,2022-01-16,0,58.0,,True,PESOS POTROS 2022.xlsx
Estampida,H,2022-01-16,2022-02-15,1,101.0,115.0,True,PESOS POTROS 2022.xlsx
Estampida,H,2022-01-16,2022-03-15,2,132.0,122.0,True,PESOS POTROS 2022.xlsx
Estampida,H,2022-01-16,2022-04-15,3,167.0,127.0,True,PESOS POTROS 2022.xlsx
Estampida,H,2022-01-16,2022-05-15,4,199.0,131.0,True,PESOS POTROS 2022.xlsx
Estampida,H,2022-01-16,2022-06-15,5,230.0,135.0,True,PESOS POTROS 2022.xlsx
Estampida,H,2022-01-16,2022-07-15,6,242.0,137.0,True,PESOS POTROS 2022.xlsx
Estampida,H,2022-01-16,2022-08-15,7,275.0,140.0,True,PESOS POTROS 2022.xlsx
Estampida,H,2022-01-16,2022-09-15,8,295.0,144.0,True,PESOS POTROS 2022.xlsx
Estampida,H,2022-01-16,2022-10-15,9,314.0,144.0,True,PESOS POTROS 2022.xlsx
Estampida,H,2022-01-16,2022-11-15,10,316.0,146.0,True,PESOS POTROS 2022.xlsx
Estampida,H,2022-01-16,2022-12-15,11,329.0,146.0,True,PESOS POTROS 2022.xlsx
Estampida,H,2022-01-16,2023-01-15,12,333.0,146.0,True,PESOS POTROS 2022.xlsx
Estampida,H,2022-01-16,2023-02-15,13,336.0,148.0,True,PESOS POTROS 2022.xlsx
Estampida,H,2022-01-16,2023-03-15,14,328.0,149.0,True,PESOS POTROS 2022.xlsx
Estampida,H,2022-01-16,2023-04-15,15,344.0,150.0,True,PESOS POTROS 2022.xlsx
Estampida,H,2022-01-16,2023-05-15,16,371.0,152.0,True,PESOS POTROS 2022.xlsx
Estampida,H,2022-01-16,2023-06-15,17,398.0,154.0,True,PESOS POTROS 2022.xlsx
Estampida,H,2022-01-16,2023-07-15,18,423.0,156.0,True,PESOS POTROS 2022.xlsx
Estampida,H,2022-01-16,2023-08-15,19,424.0,157.0,True,PESOS POTROS 2022.xlsx
Estampida,H,2022-01-16,2023-09-15,20,440.0,157.0,True,PESOS POTROS 2022.xlsx
Feris,H,2022-01-03,2022-01-03,0,45.0,,True,PESOS POTROS 2022.xlsx
Feris,H,2022-01-03,2022-02-15,1,103.0,103.0,True,PESOS POTROS 2022.xlsx
Feris,H,2022-01-03,2022-03-15,2,136.0,116.0,True,PESOS POTROS 2022.xlsx
Feris,H,2022-01-03,2022-04-15,3,171.0,121.0,True,PESOS POTROS 2022.xlsx
Feris,H,2022-01-03,2022-05-15,4,197.0,125.0,True,PESOS POTROS 2022.xlsx
Feris,H,2022-01-03,2022-06-15,5,219.0,128.0,True,PESOS POTROS 2022.xlsx
Feris,H,2022-01-03,2022-07-15,6,242.0,131.0,True,PESOS POTROS 2022.xlsx
Feris,H,2022-01-03,2022-08-15,7,269.0,134.0,True,PESOS POTROS 2022.xlsx
Feris,H,2022-01-03,2022-09-15,8,290.0,137.0,True,PESOS POTROS 2022.xlsx
Feris,H,2022-01-03,2022-10-15,9,308.0,137.0,True,PESOS POTROS 2022.xlsx
Feris,H,2022-01-03,2022-11-15,10,321.0,139.0,True,PESOS POTROS 2022.xlsx
Feris,H,2022-01-03,2022-12-15,11,326.0,139.0,True,PESOS POTROS 2022.xlsx
Feris,H,2022-01-03,2023-01-15,12,319.0,139.0,True,PESOS POTROS 2022.xlsx
Feris,H,2022-01-03,2023-02-15,13,321.0,141.0,True,PESOS POTROS 2022.xlsx
Feris,H,2022-01-03,2023-03-15,14,316.0,141.0,True,PESOS POTROS 2022.xlsx
Feris,H,2022-01-03,2023-04-15,15,330.0,144.0,True,PESOS POTROS 2022.xlsx
Feris,H,2022-01-03,2023-05-15,16,359.0,145.0,True,PESOS POTROS 2022.xlsx
Feris,H,2022-01-03,2023-06-15,17,385.0,146.0,True,PESOS POTROS 2022.xlsx
Feris,H,2022-01-03,2023-07-15,18,397.0,147.0,True,PESOS POTROS 2022.xlsx
Feris,H,2022-01-03,2023-08-15,19,373.0,147.0,True,PESOS POTROS 2022.xlsx
Game Face,H,2022-01-11,2022-01-11,0,53.0,,True,PESOS POTROS 2022.xlsx
Game Face,H,2022-01-11,2022-02-15,1,101.0,108.0,True,PESOS POTROS 2022.xlsx
Game Face,H,2022-01-11,2022-03-15,2,135.0,115.0,True,PESOS POTROS 2022.xlsx
Game Face,H,2022-01-11,2022-04-15,3,171.0,121.0,True,PESOS POTROS 2022.xlsx
Game Face,H,2022-01-11,2022-05-15,4,197.0,125.0,True,PESOS POTROS 2022.xlsx
Game Face,H,2022-01-11,2022-06-15,5,224.0,127.0,True,PESOS POTROS 2022.xlsx
Game Face,H,2022-01-11,2022-07-15,6,252.0,132.0,True,PESOS POTROS 2022.xlsx
Game Face,H,2022-01-11,2022-08-15,7,278.0,133.0,True,PESOS POTROS 2022.xlsx
Game Face,H,2022-01-11,2022-09-15,8,296.0,135.0,True,PESOS POTROS 2022.xlsx
Game Face,H,2022-01-11,2022-10-15,9,309.0,138.0,True,PESOS POTROS 2022.xlsx
Game Face,H,2022-01-11,2022-11-15,10,328.0,140.0,True,PESOS POTROS 2022.xlsx
Game Face,H,2022-01-11,2022-12-15,11,333.0,140.0,True,PESOS POTROS 2022.xlsx
Game Face,H,2022-01-11,2023-01-15,12,335.0,140.0,True,PESOS POTROS 2022.xlsx
Game Face,H,2022-01-11,2023-02-15,13,345.0,142.0,True,PESOS POTROS 2022.xlsx
Game Face,H,2022-01-11,2023-03-15,14,352.0,144.0,True,PESOS POTROS 2022.xlsx
Game Face,H,2022-01-11,2023-04-15,15,352.0,144.0,True,PESOS POTROS 2022.xlsx
Game Face,H,2022-01-11,2023-05-15,16,380.0,145.0,True,PESOS POTROS 2022.xlsx
Game Face,H,2022-01-11,2023-06-15,17,401.0,146.0,True,PESOS POTROS 2022.xlsx
Game Face,H,2022-01-11,2023-07-15,18,430.0,148.0,True,PESOS POTROS 2022.xlsx
Game Face,H,2022-01-11,2023-08-15,19,432.0,149.0,True,PESOS POTROS 2022.xlsx
Game Face,H,2022-01-11,2023-09-15,20,453.0,150.0,True,PESOS POTROS 2022.xlsx
Ginette,H,2022-01-01,2022-01-01,0,32.0,,True,PESOS POTROS 2022.xlsx
Ginette,H,2022-01-01,2022-02-15,1,87.0,95.0,True,PESOS POTROS 2022.xlsx
Ginette,H,2022-01-01,2022-03-15,2,113.0,111.0,True,PESOS POTROS 2022.xlsx
Ginette,H,2022-01-01,2022-04-15,3,133.0,114.0,True,PESOS POTROS 2022.xlsx
Ginette,H,2022-01-01,2022-05-15,4,146.0,118.0,True,PESOS POTROS 2022.xlsx
Ginette,H,2022-01-01,2022-06-15,5,160.0,118.0,True,PESOS POTROS 2022.xlsx
Go Dawg,H,2022-01-12,2022-01-12,0,60.0,,True,PESOS POTROS 2022.xlsx
Go Dawg,H,2022-01-12,2022-02-15,1,112.0,115.0,True,PESOS POTROS 2022.xlsx
Go Dawg,H,2022-01-12,2022-03-15,2,140.0,121.0,True,PESOS POTROS 2022.xlsx
Go Dawg,H,2022-01-12,2022-04-15,3,176.0,126.0,True,PESOS POTROS 2022.xlsx
Go Dawg,H,2022-01-12,2022-05-15,4,197.0,128.0,True,PESOS POTROS 2022.xlsx
Go Dawg,H,2022-01-12,2022-06-15,5,216.0,131.0,True,PESOS POTROS 2022.xlsx
Go Dawg,H,2022-01-12,2022-07-15,6,241.0,135.0,True,PESOS POTROS 2022.xlsx
Go Dawg,H,2022-01-12,2022-08-15,7,267.0,136.0,True,PESOS POTROS 2022.xlsx
Go Dawg,H,2022-01-12,2022-09-15,8,282.0,139.0,True,PESOS POTROS 2022.xlsx
Go Dawg,H,2022-01-12,2022-10-15,9,308.0,141.0,True,PESOS POTROS 2022.xlsx
Go Dawg,H,2022-01-12,2022-11-15,10,327.0,142.0,True,PESOS POTROS 2022.xlsx
Go Dawg,H,2022-01-12,2022-12-15,11,325.0,142.0,True,PESOS POTROS 2022.xlsx
Go Dawg,H,2022-01-12,2023-01-15,12,319.0,142.0,True,PESOS POTROS 2022.xlsx
Go Dawg,H,2022-01-12,2023-02-15,13,313.0,142.0,True,PESOS POTROS 2022.xlsx
Go Dawg,H,2022-01-12,2023-03-15,14,332.0,144.0,True,PESOS POTROS 2022.xlsx
Go Dawg,H,2022-01-12,2023-04-15,15,340.0,146.0,True,PESOS POTROS 2022.xlsx
Go Dawg,H,2022-01-12,2023-05-15,16,366.0,147.0,True,PESOS POTROS 2022.xlsx
Go Dawg,H,2022-01-12,2023-06-15,17,390.0,148.0,True,PESOS POTROS 2022.xlsx
Go Dawg,H,2022-01-12,2023-07-15,18,416.0,149.0,True,PESOS POTROS 2022.xlsx
Go Dawg,H,2022-01-12,2023-08-15,19,408.0,151.0,True,PESOS POTROS 2022.xlsx
Go Dawg,H,2022-01-12,2023-09-15,20,428.0,152.0,True,PESOS POTROS 2022.xlsx
Jalmolomga,H,2022-02-19,2022-02-19,0,51.0,,True,PESOS POTROS 2022.xlsx
Jalmolomga,H,2022-02-19,2022-03-15,1,88.0,110.0,True,PESOS POTROS 2022.xlsx
Jalmolomga,H,2022-02-19,2022-04-15,2,122.0,116.0,True,PESOS POTROS 2022.xlsx
Jalmolomga,H,2022-02-19,2022-05-15,3,154.0,121.0,True,PESOS POTROS 2022.xlsx
Jalmolomga,H,2022-02-19,2022-06-15,4,192.0,125.0,True,PESOS POTROS 2022.xlsx
Jalmolomga,H,2022-02-19,2022-07-15,5,220.0,130.0,True,PESOS POTROS 2022.xlsx
Jalmolomga,H,2022-02-19,2022-08-15,6,225.0,132.0,True,PESOS POTROS 2022.xlsx
Jalmolomga,H,2022-02-19,2022-09-15,7,264.0,135.0,True,PESOS POTROS 2022.xlsx
Jalmolomga,H,2022-02-19,2022-10-15,8,279.0,136.0,True,PESOS POTROS 2022.xlsx
Jalmolomga,H,2022-02-19,2022-11-15,9,295.0,137.0,True,PESOS POTROS 2022.xlsx
Jalmolomga,H,2022-02-19,2022-12-15,10,302.0,138.0,True,PESOS POTROS 2022.xlsx
Jalmolomga,H,2022-02-19,2023-01-15,11,302.0,138.0,True,PESOS POTROS 2022.xlsx
Jalmolomga,H,2022-02-19,2023-02-15,12,306.0,140.0,True,PESOS POTROS 2022.xlsx
Jalmolomga,H,2022-02-19,2023-03-15,13,318.0,143.0,True,PESOS POTROS 2022.xlsx
Jalmolomga,H,2022-02-19,2023-04-15,14,323.0,145.0,True,PESOS POTROS 2022.xlsx
Jalmolomga,H,2022-02-19,2023-05-15,15,348.0,145.0,True,PESOS POTROS 2022.xlsx
Jalmolomga,H,2022-02-19,2023-06-15,16,375.0,147.0,True,PESOS POTROS 2022.xlsx
Jalmolomga,H,2022-02-19,2023-07-15,17,389.0,149.0,True,PESOS POTROS 2022.xlsx
Jalmolomga,H,2022-02-19,2023-08-15,18,390.0,150.0,True,PESOS POTROS 2022.xlsx
Jalmolomga,H,2022-02-19,2023-09-15,19,406.0,150.0,True,PESOS POTROS 2022.xlsx
Jatsa Pretty,H,2022-01-15,2022-01-15,0,60.0,,True,PESOS POTROS 2022.xlsx
Jatsa Pretty,H,2022-01-15,2022-02-15,1,110.0,115.0,True,PESOS POTROS 2022.xlsx
Jatsa Pretty,H,2022-01-15,2022-03-15,2,144.0,119.0,True,PESOS POTROS 2022.xlsx
Jatsa Pretty,H,2022-01-15,2022-04-15,3,183.0,126.0,True,PESOS POTROS 2022.xlsx
Jatsa Pretty,H,2022-01-15,2022-05-15,4,206.0,128.0,True,PESOS POTROS 2022.xlsx
Jatsa Pretty,H,2022-01-15,2022-06-15,5,237.0,131.0,True,PESOS POTROS 2022.xlsx
Jatsa Pretty,H,2022-01-15,2022-07-15,6,266.0,135.0,True,PESOS POTROS 2022.xlsx
Jatsa Pretty,H,2022-01-15,2022-08-15,7,280.0,136.0,True,PESOS POTROS 2022.xlsx
Jatsa Pretty,H,2022-01-15,2022-09-15,8,295.0,138.0,True,PESOS POTROS 2022.xlsx
Jatsa Pretty,H,2022-01-15,2022-10-15,9,313.0,139.0,True,PESOS POTROS 2022.xlsx
Jatsa Pretty,H,2022-01-15,2022-11-15,10,328.0,141.0,True,PESOS POTROS 2022.xlsx
Jatsa Pretty,H,2022-01-15,2022-12-15,11,322.0,141.0,True,PESOS POTROS 2022.xlsx
Jatsa Pretty,H,2022-01-15,2023-01-15,12,326.0,141.0,True,PESOS POTROS 2022.xlsx
Jatsa Pretty,H,2022-01-15,2023-02-15,13,320.0,143.0,True,PESOS POTROS 2022.xlsx
Jatsa Pretty,H,2022-01-15,2023-03-15,14,331.0,144.0,True,PESOS POTROS 2022.xlsx
Jatsa Pretty,H,2022-01-15,2023-04-15,15,341.0,145.0,True,PESOS POTROS 2022.xlsx
Jatsa Pretty,H,2022-01-15,2023-05-15,16,365.0,145.0,True,PESOS POTROS 2022.xlsx
Jatsa Pretty,H,2022-01-15,2023-06-15,17,399.0,147.0,True,PESOS POTROS 2022.xlsx
Jatsa Pretty,H,2022-01-15,2023-07-15,18,423.0,149.0,True,PESOS POTROS 2022.xlsx
Jatsa Pretty,H,2022-01-15,2023-08-15,19,427.0,150.0,True,PESOS POTROS 2022.xlsx
Jatsa Pretty,H,2022-01-15,2023-09-15,20,441.0,151.0,True,PESOS POTROS 2022.xlsx
Kohunlich,H,2022-03-24,2022-03-24,0,60.0,,True,PESOS POTROS 2022.xlsx
Kohunlich,H,2022-03-24,2022-04-15,1,98.0,113.0,True,PESOS POTROS 2022.xlsx
Kohunlich,H,2022-03-24,2022-05-15,2,137.0,118.0,True,PESOS POTROS 2022.xlsx
Kohunlich,H,2022-03-24,2022-06-15,3,181.0,125.0,True,PESOS POTROS 2022.xlsx
Kohunlich,H,2022-03-24,2022-07-15,4,221.0,129.0,True,PESOS POTROS 2022.xlsx
Kohunlich,H,2022-03-24,2022-08-15,5,255.0,134.0,True,PESOS POTROS 2022.xlsx
Kohunlich,H,2022-03-24,2022-09-15,6,255.0,136.0,True,PESOS POTROS 2022.xlsx
Kohunlich,H,2022-03-24,2022-10-15,7,285.0,137.0,True,PESOS POTROS 2022.xlsx
Kohunlich,H,2022-03-24,2022-11-15,8,305.0,138.0,True,PESOS POTROS 2022.xlsx
Kohunlich,H,2022-03-24,2022-12-15,9,311.0,140.0,True,PESOS POTROS 2022.xlsx
Kohunlich,H,2022-03-24,2023-01-15,10,311.0,140.0,True,PESOS POTROS 2022.xlsx
Kohunlich,H,2022-03-24,2023-02-15,11,320.0,143.0,True,PESOS POTROS 2022.xlsx
Kohunlich,H,2022-03-24,2023-03-15,12,334.0,145.0,True,PESOS POTROS 2022.xlsx
Kohunlich,H,2022-03-24,2023-04-15,13,346.0,147.0,True,PESOS POTROS 2022.xlsx
Kohunlich,H,2022-03-24,2023-05-15,14,377.0,148.0,True,PESOS POTROS 2022.xlsx
Kohunlich,H,2022-03-24,2023-06-15,15,400.0,149.0,True,PESOS POTROS 2022.xlsx
Kohunlich,H,2022-03-24,2023-07-15,16,427.0,150.0,True,PESOS POTROS 2022.xlsx
Kohunlich,H,2022-03-24,2023-08-15,17,418.0,152.0,True,PESOS POTROS 2022.xlsx
Kohunlich,H,2022-03-24,2023-09-15,18,439.0,153.0,True,PESOS POTROS 2022.xlsx
Life Again,H,2022-04-08,2022-04-08,0,56.0,,True,PESOS POTROS 2022.xlsx
Life Again,H,2022-04-08,2022-05-15,1,111.0,116.0,True,PESOS POTROS 2022.xlsx
Life Again,H,2022-04-08,2022-06-15,2,144.0,124.0,True,PESOS POTROS 2022.xlsx
Life Again,H,2022-04-08,2022-07-15,3,177.0,128.0,True,PESOS POTROS 2022.xlsx
Life Again,H,2022-04-08,2022-08-15,4,212.0,132.0,True,PESOS POTROS 2022.xlsx
Life Again,H,2022-04-08,2022-09-15,5,247.0,136.0,True,PESOS POTROS 2022.xlsx
Life Again,H,2022-04-08,2022-10-15,6,244.0,138.0,True,PESOS POTROS 2022.xlsx
Life Again,H,2022-04-08,2022-11-15,7,279.0,139.0,True,PESOS POTROS 2022.xlsx
Life Again,H,2022-04-08,2022-12-15,8,287.0,140.0,True,PESOS POTROS 2022.xlsx
Life Again,H,2022-04-08,2023-01-15,9,288.0,141.0,True,PESOS POTROS 2022.xlsx
Life Again,H,2022-04-08,2023-02-15,10,301.0,144.0,True,PESOS POTROS 2022.xlsx
Life Again,H,2022-04-08,2023-03-15,11,313.0,146.0,True,PESOS POTROS 2022.xlsx
Life Again,H,2022-04-08,2023-04-15,12,331.0,147.0,True,PESOS POTROS 2022.xlsx
Life Again,H,2022-04-08,2023-05-15,13,359.0,149.0,True,PESOS POTROS 2022.xlsx
Life Again,H,2022-04-08,2023-06-15,14,387.0,151.0,True,PESOS POTROS 2022.xlsx
Life Again,H,2022-04-08,2023-07-15,15,398.0,152.0,True,PESOS POTROS 2022.xlsx
Life Again,H,2022-04-08,2023-08-15,16,399.0,155.0,True,PESOS POTROS 2022.xlsx
Life Again,H,2022-04-08,2023-09-15,17,418.0,155.0,True,PESOS POTROS 2022.xlsx
Lushia,H,2022-01-10,2022-01-10,0,56.0,,True,PESOS POTROS 2022.xlsx
Lushia,H,2022-01-10,2022-02-15,1,114.0,115.0,True,PESOS POTROS 2022.xlsx
Lushia,H,2022-01-10,2022-03-15,2,147.0,119.0,True,PESOS POTROS 2022.xlsx
Lushia,H,2022-01-10,2022-04-15,3,182.0,122.0,True,PESOS POTROS 2022.xlsx
Lushia,H,2022-01-10,2022-05-15,4,209.0,127.0,True,PESOS POTROS 2022.xlsx
Lushia,H,2022-01-10,2022-06-15,5,238.0,129.0,True,PESOS POTROS 2022.xlsx
Lushia,H,2022-01-10,2022-07-15,6,262.0,133.0,True,PESOS POTROS 2022.xlsx
Lushia,H,2022-01-10,2022-08-15,7,288.0,135.0,True,PESOS POTROS 2022.xlsx
Lushia,H,2022-01-10,2022-09-15,8,302.0,137.0,True,PESOS POTROS 2022.xlsx
Lushia,H,2022-01-10,2022-10-15,9,321.0,139.0,True,PESOS POTROS 2022.xlsx
Lushia,H,2022-01-10,2022-11-15,10,336.0,140.0,True,PESOS POTROS 2022.xlsx
Lushia,H,2022-01-10,2022-12-15,11,337.0,140.0,True,PESOS POTROS 2022.xlsx
Lushia,H,2022-01-10,2023-01-15,12,330.0,140.0,True,PESOS POTROS 2022.xlsx
Lushia,H,2022-01-10,2023-02-15,13,335.0,141.0,True,PESOS POTROS 2022.xlsx
Lushia,H,2022-01-10,2023-03-15,14,342.0,143.0,True,PESOS POTROS 2022.xlsx
Lushia,H,2022-01-10,2023-04-15,15,342.0,144.0,True,PESOS POTROS 2022.xlsx
Lushia,H,2022-01-10,2023-05-15,16,380.0,145.0,True,PESOS POTROS 2022.xlsx
Lushia,H,2022-01-10,2023-06-15,17,400.0,147.0,True,PESOS POTROS 2022.xlsx
Lushia,H,2022-01-10,2023-07-15,18,426.0,148.0,True,PESOS POTROS 2022.xlsx
Lushia,H,2022-01-10,2023-08-15,19,422.0,150.0,True,PESOS POTROS 2022.xlsx
Lushia,H,2022-01-10,2023-09-15,20,444.0,151.0,True,PESOS POTROS 2022.xlsx
Spyin Feelin,H,2022-04-18,2022-04-18,0,62.0,,True,PESOS POTROS 2022.xlsx
Spyin Feelin,H,2022-04-18,2022-05-15,1,98.0,113.0,True,PESOS POTROS 2022.xlsx
Spyin Feelin,H,2022-04-18,2022-06-15,2,140.0,122.0,True,PESOS POTROS 2022.xlsx
Spyin Feelin,H,2022-04-18,2022-07-15,3,168.0,123.0,True,PESOS POTROS 2022.xlsx
Spyin Feelin,H,2022-04-18,2022-08-15,4,195.0,130.0,True,PESOS POTROS 2022.xlsx
Spyin Feelin,H,2022-04-18,2022-09-15,5,227.0,135.0,True,PESOS POTROS 2022.xlsx
Spyin Feelin,H,2022-04-18,2022-10-15,6,239.0,135.0,True,PESOS POTROS 2022.xlsx
Spyin Feelin,H,2022-04-18,2022-11-15,7,268.0,137.0,True,PESOS POTROS 2022.xlsx
Spyin Feelin,H,2022-04-18,2022-12-15,8,274.0,138.0,True,PESOS POTROS 2022.xlsx
Spyin Feelin,H,2022-04-18,2023-01-15,9,279.0,138.0,True,PESOS POTROS 2022.xlsx
Spyin Feelin,H,2022-04-18,2023-02-15,10,290.0,141.0,True,PESOS POTROS 2022.xlsx
Spyin Feelin,H,2022-04-18,2023-03-15,11,298.0,143.0,True,PESOS POTROS 2022.xlsx
Spyin Feelin,H,2022-04-18,2023-04-15,12,316.0,145.0,True,PESOS POTROS 2022.xlsx
Spyin Feelin,H,2022-04-18,2023-05-15,13,335.0,146.0,True,PESOS POTROS 2022.xlsx
Spyin Feelin,H,2022-04-18,2023-06-15,14,369.0,148.0,True,PESOS POTROS 2022.xlsx
Spyin Feelin,H,2022-04-18,2023-07-15,15,388.0,149.0,True,PESOS POTROS 2022.xlsx
Spyin Feelin,H,2022-04-18,2023-08-15,16,391.0,152.0,True,PESOS POTROS 2022.xlsx
Spyin Feelin,H,2022-04-18,2023-09-15,17,404.0,152.0,True,PESOS POTROS 2022.xlsx
Strawberry Day,H,2022-01-24,2022-01-24,0,55.0,,True,PESOS POTROS 2022.xlsx
Strawberry Day,H,2022-01-24,2022-02-15,1,99.0,108.0,True,PESOS POTROS 2022.xlsx
Strawberry Day,H,2022-01-24,2022-03-15,2,133.0,115.0,True,PESOS POTROS 2022.xlsx
Strawberry Day,H,2022-01-24,2022-04-15,3,169.0,121.0,True,PESOS POTROS 2022.xlsx
Strawberry Day,H,2022-01-24,2022-05-15,4,190.0,124.0,True,PESOS POTROS 2022.xlsx
Strawberry Day,H,2022-01-24,2022-06-15,5,224.0,130.0,True,PESOS POTROS 2022.xlsx
Strawberry Day,H,2022-01-24,2022-07-15,6,232.0,132.0,True,PESOS POTROS 2022.xlsx
Strawberry Day,H,2022-01-24,2022-08-15,7,260.0,135.0,True,PESOS POTROS 2022.xlsx
Strawberry Day,H,2022-01-24,2022-09-15,8,275.0,137.0,True,PESOS POTROS 2022.xlsx
Strawberry Day,H,2022-01-24,2022-10-15,9,299.0,138.0,True,PESOS POTROS 2022.xlsx
Strawberry Day,H,2022-01-24,2022-11-15,10,320.0,140.0,True,PESOS POTROS 2022.xlsx
Strawberry Day,H,2022-01-24,2022-12-15,11,320.0,140.0,True,PESOS POTROS 2022.xlsx
Strawberry Day,H,2022-01-24,2023-01-15,12,323.0,140.0,True,PESOS POTROS 2022.xlsx
Strawberry Day,H,2022-01-24,2023-02-15,13,324.0,141.0,True,PESOS POTROS 2022.xlsx
Strawberry Day,H,2022-01-24,2023-03-15,14,344.0,143.0,True,PESOS POTROS 2022.xlsx
Strawberry Day,H,2022-01-24,2023-04-15,15,347.0,145.0,True,PESOS POTROS 2022.xlsx
Strawberry Day,H,2022-01-24,2023-05-15,16,385.0,146.0,True,PESOS POTROS 2022.xlsx
Strawberry Day,H,2022-01-24,2023-06-15,17,417.0,148.0,True,PESOS POTROS 2022.xlsx
Strawberry Day,H,2022-01-24,2023-07-15,18,435.0,149.0,True,PESOS POTROS 2022.xlsx
Strawberry Day,H,2022-01-24,2023-08-15,19,436.0,151.0,True,PESOS POTROS 2022.xlsx
Strawberry Day,H,2022-01-24,2023-09-15,20,447.0,151.0,True,PESOS POTROS 2022.xlsx
Xanadu,H,2022-03-11,2022-03-11,0,59.0,,True,PESOS POTROS 2022.xlsx
Xanadu,H,2022-03-11,2022-04-15,1,105.0,114.0,True,PESOS POTROS 2022.xlsx
Xanadu,H,2022-03-11,2022-05-15,2,136.0,119.0,True,PESOS POTROS 2022.xlsx
Xanadu,H,2022-03-11,2022-06-15,3,179.0,125.0,True,PESOS POTROS 2022.xlsx
Xanadu,H,2022-03-11,2022-07-15,4,214.0,128.0,True,PESOS POTROS 2022.xlsx
Xanadu,H,2022-03-11,2022-08-15,5,246.0,131.0,True,PESOS POTROS 2022.xlsx
Xanadu,H,2022-03-11,2022-09-15,6,244.0,134.0,True,PESOS POTROS 2022.xlsx
Xanadu,H,2022-03-11,2022-10-15,7,282.0,135.0,True,PESOS POTROS 2022.xlsx
Xanadu,H,2022-03-11,2022-11-15,8,305.0,136.0,True,PESOS POTROS 2022.xlsx
Xanadu,H,2022-03-11,2022-12-15,9,319.0,137.0,True,PESOS POTROS 2022.xlsx
Xanadu,H,2022-03-11,2023-01-15,10,310.0,137.0,True,PESOS POTROS 2022.xlsx
Xanadu,H,2022-03-11,2023-02-15,11,316.0,139.0,True,PESOS POTROS 2022.xlsx
Xanadu,H,2022-03-11,2023-03-15,12,328.0,141.0,True,PESOS POTROS 2022.xlsx
Xanadu,H,2022-03-11,2023-04-15,13,338.0,144.0,True,PESOS POTROS 2022.xlsx
Xanadu,H,2022-03-11,2023-05-15,14,363.0,146.0,True,PESOS POTROS 2022.xlsx
Xanadu,H,2022-03-11,2023-06-15,15,387.0,147.0,True,PESOS POTROS 2022.xlsx
Xanadu,H,2022-03-11,2023-07-15,16,402.0,148.0,True,PESOS POTROS 2022.xlsx
Xanadu,H,2022-03-11,2023-08-15,17,393.0,150.0,True,PESOS POTROS 2022.xlsx
Xibelita,H,2022-01-21,2022-01-21,0,57.0,,True,PESOS POTROS 2022.xlsx
Xibelita,H,2022-01-21,2022-02-15,1,100.0,112.0,True,PESOS POTROS 2022.xlsx
Xibelita,H,2022-01-21,2022-03-15,2,135.0,118.0,True,PESOS POTROS 2022.xlsx
Xibelita,H,2022-01-21,2022-04-15,3,172.0,125.0,True,PESOS POTROS 2022.xlsx
Xibelita,H,2022-01-21,2022-05-15,4,202.0,127.0,True,PESOS POTROS 2022.xlsx
Xibelita,H,2022-01-21,2022-06-15,5,242.0,130.0,True,PESOS POTROS 2022.xlsx
Xibelita,H,2022-01-21,2022-07-15,6,249.0,132.0,True,PESOS POTROS 2022.xlsx
Xibelita,H,2022-01-21,2022-08-15,7,280.0,135.0,True,PESOS POTROS 2022.xlsx
Xibelita,H,2022-01-21,2022-09-15,8,301.0,137.0,True,PESOS POTROS 2022.xlsx
Xibelita,H,2022-01-21,2022-10-15,9,318.0,138.0,True,PESOS POTROS 2022.xlsx
Xibelita,H,2022-01-21,2022-11-15,10,329.0,140.0,True,PESOS POTROS 2022.xlsx
Xibelita,H,2022-01-21,2022-12-15,11,339.0,140.0,True,PESOS POTROS 2022.xlsx
Xibelita,H,2022-01-21,2023-01-15,12,332.0,140.0,True,PESOS POTROS 2022.xlsx
Xibelita,H,2022-01-21,2023-02-15,13,327.0,142.0,True,PESOS POTROS 2022.xlsx
Xibelita,H,2022-01-21,2023-03-15,14,342.0,143.0,True,PESOS POTROS 2022.xlsx
Xibelita,H,2022-01-21,2023-04-15,15,351.0,145.0,True,PESOS POTROS 2022.xlsx
Xibelita,H,2022-01-21,2023-05-15,16,381.0,146.0,True,PESOS POTROS 2022.xlsx
Xibelita,H,2022-01-21,2023-06-15,17,411.0,147.0,True,PESOS POTROS 2022.xlsx
Xibelita,H,2022-01-21,2023-07-15,18,435.0,149.0,True,PESOS POTROS 2022.xlsx
Xibelita,H,2022-01-21,2023-08-15,19,424.0,149.0,True,PESOS POTROS 2022.xlsx
Xibelita,H,2022-01-21,2023-09-15,20,437.0,150.0,True,PESOS POTROS 2022.xlsx
Zavaleta,H,2022-02-25,2022-02-25,0,54.0,,True,PESOS POTROS 2022.xlsx
Zavaleta,H,2022-02-25,2022-03-15,1,89.0,110.0,True,PESOS POTROS 2022.xlsx
Zavaleta,H,2022-02-25,2022-04-15,2,129.0,116.0,True,PESOS POTROS 2022.xlsx
Zavaleta,H,2022-02-25,2022-05-15,3,168.0,123.0,True,PESOS POTROS 2022.xlsx
Zavaleta,H,2022-02-25,2022-06-15,4,206.0,130.0,True,PESOS POTROS 2022.xlsx
Zavaleta,H,2022-02-25,2022-07-15,5,237.0,135.0,True,PESOS POTROS 2022.xlsx
Zavaleta,H,2022-02-25,2022-08-15,6,240.0,135.0,True,PESOS POTROS 2022.xlsx
Zavaleta,H,2022-02-25,2022-09-15,7,278.0,138.0,True,PESOS POTROS 2022.xlsx
Zavaleta,H,2022-02-25,2022-10-15,8,294.0,140.0,True,PESOS POTROS 2022.xlsx
Zavaleta,H,2022-02-25,2022-11-15,9,313.0,141.0,True,PESOS POTROS 2022.xlsx
Zavaleta,H,2022-02-25,2022-12-15,10,327.0,142.0,True,PESOS POTROS 2022.xlsx
Zavaleta,H,2022-02-25,2023-01-15,11,334.0,142.0,True,PESOS POTROS 2022.xlsx
Zavaleta,H,2022-02-25,2023-02-15,12,341.0,145.0,True,PESOS POTROS 2022.xlsx
Zavaleta,H,2022-02-25,2023-03-15,13,355.0,147.0,True,PESOS POTROS 2022.xlsx
Zavaleta,H,2022-02-25,2023-04-15,14,369.0,149.0,True,PESOS POTROS 2022.xlsx
Zavaleta,H,2022-02-25,2023-05-15,15,395.0,151.0,True,PESOS POTROS 2022.xlsx
Zavaleta,H,2022-02-25,2023-06-15,16,418.0,151.0,True,PESOS POTROS 2022.xlsx
Zavaleta,H,2022-02-25,2023-07-15,17,445.0,153.0,True,PESOS POTROS 2022.xlsx
Zavaleta,H,2022-02-25,2023-08-15,18,437.0,156.0,True,PESOS POTROS 2022.xlsx
Zavaleta,H,2022-02-25,2023-09-15,19,454.0,157.0,True,PESOS POTROS 2022.xlsx
Casty,M,2022-01-27,2022-01-27,0,55.0,,True,PESOS POTROS 2022.xlsx
Casty,M,2022-01-27,2022-02-15,1,92.0,110.0,True,PESOS POTROS 2022.xlsx
Casty,M,2022-01-27,2022-03-15,2,126.0,116.0,True,PESOS POTROS 2022.xlsx
Casty,M,2022-01-27,2022-04-15,3,161.0,124.0,True,PESOS POTROS 2022.xlsx
Casty,M,2022-01-27,2022-05-15,4,192.0,128.0,True,PESOS POTROS 2022.xlsx
Casty,M,2022-01-27,2022-06-15,5,229.0,130.0,True,PESOS POTROS 2022.xlsx
Casty,M,2022-01-27,2022-07-15,6,245.0,133.0,True,PESOS POTROS 2022.xlsx
Casty,M,2022-01-27,2022-08-15,7,276.0,138.0,True,PESOS POTROS 2022.xlsx
Casty,M,2022-01-27,2022-09-15,8,297.0,140.0,True,PESOS POTROS 2022.xlsx
Casty,M,2022-01-27,2022-10-15,9,318.0,141.0,True,PESOS POTROS 2022.xlsx
Casty,M,2022-01-27,2022-11-15,10,334.0,143.0,True,PESOS POTROS 2022.xlsx
Casty,M,2022-01-27,2022-12-15,11,339.0,143.0,True,PESOS POTROS 2022.xlsx
Casty,M,2022-01-27,2023-01-15,12,348.0,144.0,True,PESOS POTROS 2022.xlsx
Casty,M,2022-01-27,2023-02-15,13,355.0,145.0,True,PESOS POTROS 2022.xlsx
Casty,M,2022-01-27,2023-03-15,14,367.0,147.0,True,PESOS POTROS 2022.xlsx
Casty,M,2022-01-27,2023-04-15,15,383.0,150.0,True,PESOS POTROS 2022.xlsx
Casty,M,2022-01-27,2023-05-15,16,411.0,150.0,True,PESOS POTROS 2022.xlsx
Casty,M,2022-01-27,2023-06-15,17,431.0,152.0,True,PESOS POTROS 2022.xlsx
Casty,M,2022-01-27,2023-07-15,18,453.0,153.0,True,PESOS POTROS 2022.xlsx
Casty,M,2022-01-27,2023-08-15,19,448.0,153.0,True,PESOS POTROS 2022.xlsx
Casty,M,2022-01-27,2023-09-15,20,462.0,153.0,True,PESOS POTROS 2022.xlsx
Fofi,M,2022-04-14,2022-04-14,0,52.0,,True,PESOS POTROS 2022.xlsx
Fofi,M,2022-04-14,2022-05-15,1,97.0,111.0,True,PESOS POTROS 2022.xlsx
Fofi,M,2022-04-14,2022-06-15,2,138.0,119.0,True,PESOS POTROS 2022.xlsx
Fofi,M,2022-04-14,2022-07-15,3,176.0,125.0,True,PESOS POTROS 2022.xlsx
Fofi,M,2022-04-14,2022-08-15,4,205.0,129.0,True,PESOS POTROS 2022.xlsx
Fofi,M,2022-04-14,2022-09-15,5,233.0,133.0,True,PESOS POTROS 2022.xlsx
Fofi,M,2022-04-14,2022-10-15,6,240.0,134.0,True,PESOS POTROS 2022.xlsx
Fofi,M,2022-04-14,2022-11-15,7,271.0,136.0,True,PESOS POTROS 2022.xlsx
Fofi,M,2022-04-14,2022-12-15,8,274.0,136.0,True,PESOS POTROS 2022.xlsx
Fofi,M,2022-04-14,2023-01-15,9,284.0,137.0,True,PESOS POTROS 2022.xlsx
Fofi,M,2022-04-14,2023-02-15,10,266.0,138.0,True,PESOS POTROS 2022.xlsx
Fofi,M,2022-04-14,2023-03-15,11,293.0,140.0,True,PESOS POTROS 2022.xlsx
Fofi,M,2022-04-14,2023-04-15,12,324.0,142.0,True,PESOS POTROS 2022.xlsx
Fofi,M,2022-04-14,2023-05-15,13,347.0,145.0,True,PESOS POTROS 2022.xlsx
Fofi,M,2022-04-14,2023-06-15,14,374.0,147.0,True,PESOS POTROS 2022.xlsx
Fofi,M,2022-04-14,2023-07-15,15,395.0,147.0,True,PESOS POTROS 2022.xlsx
Fofi,M,2022-04-14,2023-08-15,16,394.0,148.0,True,PESOS POTROS 2022.xlsx
Fofi,M,2022-04-14,2023-09-15,17,413.0,149.0,True,PESOS POTROS 2022.xlsx
Indian Lullaby,M,2022-05-03,2022-05-03,0,59.0,,True,PESOS POTROS 2022.xlsx
Indian Lullaby,M,2022-05-03,2022-06-15,1,123.0,117.0,True,PESOS POTROS 2022.xlsx
Indian Lullaby,M,2022-05-03,2022-07-15,2,167.0,123.0,True,PESOS POTROS 2022.xlsx
Indian Lullaby,M,2022-05-03,2022-08-15,3,202.0,129.0,True,PESOS POTROS 2022.xlsx
Indian Lullaby,M,2022-05-03,2022-09-15,4,238.0,132.0,True,PESOS POTROS 2022.xlsx
Indian Lullaby,M,2022-05-03,2022-10-15,5,238.0,134.0,True,PESOS POTROS 2022.xlsx
Indian Lullaby,M,2022-05-03,2022-11-15,6,264.0,135.0,True,PESOS POTROS 2022.xlsx
Indian Lullaby,M,2022-05-03,2022-12-15,7,276.0,136.0,True,PESOS POTROS 2022.xlsx
Indian Lullaby,M,2022-05-03,2023-01-15,8,287.0,137.0,True,PESOS POTROS 2022.xlsx
Indian Lullaby,M,2022-05-03,2023-02-15,9,281.0,138.0,True,PESOS POTROS 2022.xlsx
Indian Lullaby,M,2022-05-03,2023-03-15,10,309.0,141.0,True,PESOS POTROS 2022.xlsx
Indian Lullaby,M,2022-05-03,2023-04-15,11,337.0,145.0,True,PESOS POTROS 2022.xlsx
Indian Lullaby,M,2022-05-03,2023-05-15,12,375.0,146.0,True,PESOS POTROS 2022.xlsx
Indian Lullaby,M,2022-05-03,2023-06-15,13,402.0,148.0,True,PESOS POTROS 2022.xlsx
Indian Lullaby,M,2022-05-03,2023-07-15,14,427.0,149.0,True,PESOS POTROS 2022.xlsx
Indian Lullaby,M,2022-05-03,2023-08-15,15,436.0,150.0,True,PESOS POTROS 2022.xlsx
Indian Lullaby,M,2022-05-03,2023-09-15,16,456.0,151.0,True,PESOS POTROS 2022.xlsx
Mila Race,M,2022-01-22,2022-01-22,0,60.0,,True,PESOS POTROS 2022.xlsx
Mila Race,M,2022-01-22,2022-02-15,1,96.0,111.0,True,PESOS POTROS 2022.xlsx
Mila Race,M,2022-01-22,2022-03-15,2,132.0,118.0,True,PESOS POTROS 2022.xlsx
Mila Race,M,2022-01-22,2022-04-15,3,173.0,124.0,True,PESOS POTROS 2022.xlsx
Mila Race,M,2022-01-22,2022-05-15,4,207.0,128.0,True,PESOS POTROS 2022.xlsx
Mila Race,M,2022-01-22,2022-06-15,5,241.0,130.0,True,PESOS POTROS 2022.xlsx
Mila Race,M,2022-01-22,2022-07-15,6,252.0,132.0,True,PESOS POTROS 2022.xlsx
Mila Race,M,2022-01-22,2022-08-15,7,285.0,136.0,True,PESOS POTROS 2022.xlsx
Mila Race,M,2022-01-22,2022-09-15,8,308.0,139.0,True,PESOS POTROS 2022.xlsx
Mila Race,M,2022-01-22,2022-10-15,9,325.0,140.0,True,PESOS POTROS 2022.xlsx
Mila Race,M,2022-01-22,2022-11-15,10,349.0,142.0,True,PESOS POTROS 2022.xlsx
Mila Race,M,2022-01-22,2022-12-15,11,354.0,142.0,True,PESOS POTROS 2022.xlsx
Mila Race,M,2022-01-22,2023-01-15,12,350.0,142.0,True,PESOS POTROS 2022.xlsx
Mila Race,M,2022-01-22,2023-02-15,13,353.0,143.0,True,PESOS POTROS 2022.xlsx
Mila Race,M,2022-01-22,2023-03-15,14,361.0,145.0,True,PESOS POTROS 2022.xlsx
Mila Race,M,2022-01-22,2023-04-15,15,384.0,147.0,True,PESOS POTROS 2022.xlsx
Mila Race,M,2022-01-22,2023-05-15,16,415.0,148.0,True,PESOS POTROS 2022.xlsx
Mila Race,M,2022-01-22,2023-06-15,17,448.0,149.0,True,PESOS POTROS 2022.xlsx
Mila Race,M,2022-01-22,2023-07-15,18,458.0,151.0,True,PESOS POTROS 2022.xlsx
Mila Race,M,2022-01-22,2023-08-15,19,454.0,152.0,True,PESOS POTROS 2022.xlsx
Mila Race,M,2022-01-22,2023-09-15,20,471.0,152.0,True,PESOS POTROS 2022.xlsx
Viuda Alegre,M,2022-02-26,2022-02-26,0,54.0,,True,PESOS POTROS 2022.xlsx
Viuda Alegre,M,2022-02-26,2022-03-15,1,79.0,106.0,True,PESOS POTROS 2022.xlsx
Viuda Alegre,M,2022-02-26,2022-04-15,2,116.0,115.0,True,PESOS POTROS 2022.xlsx
Viuda Alegre,M,2022-02-26,2022-05-15,3,150.0,121.0,True,PESOS POTROS 2022.xlsx
Viuda Alegre,M,2022-02-26,2022-06-15,4,192.0,125.0,True,PESOS POTROS 2022.xlsx
Viuda Alegre,M,2022-02-26,2022-07-15,5,226.0,131.0,True,PESOS POTROS 2022.xlsx
Viuda Alegre,M,2022-02-26,2022-08-15,6,232.0,133.0,True,PESOS POTROS 2022.xlsx
Viuda Alegre,M,2022-02-26,2022-09-15,7,267.0,136.0,True,PESOS POTROS 2022.xlsx
Viuda Alegre,M,2022-02-26,2022-10-15,8,285.0,137.0,True,PESOS POTROS 2022.xlsx
Viuda Alegre,M,2022-02-26,2022-11-15,9,303.0,138.0,True,PESOS POTROS 2022.xlsx
Viuda Alegre,M,2022-02-26,2022-12-15,10,316.0,138.0,True,PESOS POTROS 2022.xlsx
Viuda Alegre,M,2022-02-26,2023-01-15,11,313.0,139.0,True,PESOS POTROS 2022.xlsx
Viuda Alegre,M,2022-02-26,2023-02-15,12,325.0,141.0,True,PESOS POTROS 2022.xlsx
Viuda Alegre,M,2022-02-26,2023-03-15,13,327.0,143.0,True,PESOS POTROS 2022.xlsx
Viuda Alegre,M,2022-02-26,2023-04-15,14,350.0,145.0,True,PESOS POTROS 2022.xlsx
Viuda Alegre,M,2022-02-26,2023-05-15,15,379.0,145.0,True,PESOS POTROS 2022.xlsx
Viuda Alegre,M,2022-02-26,2023-06-15,16,400.0,147.0,True,PESOS POTROS 2022.xlsx
Viuda Alegre,M,2022-02-26,2023-07-15,17,420.0,149.0,True,PESOS POTROS 2022.xlsx
Viuda Alegre,M,2022-02-26,2023-08-15,18,423.0,150.0,True,PESOS POTROS 2022.xlsx
Viuda Alegre,M,2022-02-26,2023-09-15,19,435.0,150.0,True,PESOS POTROS 2022.xlsx
Wendy,M,2022-03-16,2022-03-16,0,60.0,,True,PESOS POTROS 2022.xlsx
Wendy,M,2022-03-16,2022-04-15,1,113.0,118.0,True,PESOS POTROS 2022.xlsx
Wendy,M,2022-03-16,2022-05-15,2,147.0,124.0,True,PESOS POTROS 2022.xlsx
Wendy,M,2022-03-16,2022-06-15,3,186.0,130.0,True,PESOS POTROS 2022.xlsx
Wendy,M,2022-03-16,2022-07-15,4,219.0,135.0,True,PESOS POTROS 2022.xlsx
Wendy,M,2022-03-16,2022-08-15,5,250.0,138.0,True,PESOS POTROS 2022.xlsx
Wendy,M,2022-03-16,2022-09-15,6,254.0,141.0,True,PESOS POTROS 2022.xlsx
Wendy,M,2022-03-16,2022-10-15,7,283.0,143.0,True,PESOS POTROS 2022.xlsx
Wendy,M,2022-03-16,2022-11-15,8,306.0,143.0,True,PESOS POTROS 2022.xlsx
Wendy,M,2022-03-16,2022-12-15,9,309.0,143.0,True,PESOS POTROS 2022.xlsx
Wendy,M,2022-03-16,2023-01-15,10,313.0,145.0,True,PESOS POTROS 2022.xlsx
Wendy,M,2022-03-16,2023-02-15,11,306.0,146.0,True,PESOS POTROS 2022.xlsx
Wendy,M,2022-03-16,2023-03-15,12,325.0,148.0,True,PESOS POTROS 2022.xlsx
Wendy,M,2022-03-16,2023-04-15,13,341.0,149.0,True,PESOS POTROS 2022.xlsx
Wendy,M,2022-03-16,2023-05-15,14,368.0,151.0,True,PESOS POTROS 2022.xlsx
Wendy,M,2022-03-16,2023-06-15,15,371.0,152.0,True,PESOS POTROS 2022.xlsx
Wendy,M,2022-03-16,2023-07-15,16,406.0,154.0,True,PESOS POTROS 2022.xlsx
Wendy,M,2022-03-16,2023-08-15,17,405.0,154.0,True,PESOS POTROS 2022.xlsx
Wendy,M,2022-03-16,2023-09-15,18,426.0,156.0,True,PESOS POTROS 2022.xlsx
Yugoslava,M,2022-02-03,2022-02-03,0,54.0,,True,PESOS POTROS 2022.xlsx
Yugoslava,M,2022-02-03,2022-03-15,1,116.0,113.0,True,PESOS POTROS 2022.xlsx
Yugoslava,M,2022-02-03,2022-04-15,2,150.0,122.0,True,PESOS POTROS 2022.xlsx
Yugoslava,M,2022-02-03,2022-05-15,3,180.0,126.0,True,PESOS POTROS 2022.xlsx
Yugoslava,M,2022-02-03,2022-06-15,4,219.0,130.0,True,PESOS POTROS 2022.xlsx
Yugoslava,M,2022-02-03,2022-07-15,5,252.0,134.0,True,PESOS POTROS 2022.xlsx
Yugoslava,M,2022-02-03,2022-08-15,6,249.0,136.0,True,PESOS POTROS 2022.xlsx
Yugoslava,M,2022-02-03,2022-09-15,7,279.0,137.0,True,PESOS POTROS 2022.xlsx
Yugoslava,M,2022-02-03,2022-10-15,8,297.0,139.0,True,PESOS POTROS 2022.xlsx
Yugoslava,M,2022-02-03,2022-11-15,9,307.0,140.0,True,PESOS POTROS 2022.xlsx
Yugoslava,M,2022-02-03,2022-12-15,10,317.0,141.0,True,PESOS POTROS 2022.xlsx
Yugoslava,M,2022-02-03,2023-01-15,11,309.0,142.0,True,PESOS POTROS 2022.xlsx
Yugoslava,M,2022-02-03,2023-02-15,12,304.0,143.0,True,PESOS POTROS 2022.xlsx
Yugoslava,M,2022-02-03,2023-03-15,13,317.0,146.0,True,PESOS POTROS 2022.xlsx
Yugoslava,M,2022-02-03,2023-04-15,14,325.0,147.0,True,PESOS POTROS 2022.xlsx
Yugoslava,M,2022-02-03,2023-05-15,15,359.0,148.0,True,PESOS POTROS 2022.xlsx
Yugoslava,M,2022-02-03,2023-06-15,16,385.0,149.0,True,PESOS POTROS 2022.xlsx
Yugoslava,M,2022-02-03,2023-07-15,17,408.0,151.0,True,PESOS POTROS 2022.xlsx
Yugoslava,M,2022-02-03,2023-08-15,18,402.0,152.0,True,PESOS POTROS 2022.xlsx
Yugoslava,M,2022-02-03,2023-09-15,19,422.0,152.0,True,PESOS POTROS 2022.xlsx
Zambuka,M,2022-04-09,2022-04-09,0,59.0,,True,PESOS POTROS 2022.xlsx
Zambuka,M,2022-04-09,2022-05-15,1,113.0,114.0,True,PESOS POTROS 2022.xlsx
Zambuka,M,2022-04-09,2022-06-15,2,157.0,121.0,True,PESOS POTROS 2022.xlsx
Zambuka,M,2022-04-09,2022-07-15,3,191.0,125.0,True,PESOS POTROS 2022.xlsx
Zambuka,M,2022-04-09,2022-08-15,4,229.0,129.0,True,PESOS POTROS 2022.xlsx
Zambuka,M,2022-04-09,2022-09-15,5,233.0,134.0,True,PESOS POTROS 2022.xlsx
Zambuka,M,2022-04-09,2022-10-15,6,262.0,135.0,True,PESOS POTROS 2022.xlsx
Zambuka,M,2022-04-09,2022-11-15,7,292.0,135.0,True,PESOS POTROS 2022.xlsx
Zambuka,M,2022-04-09,2022-12-15,8,295.0,136.0,True,PESOS POTROS 2022.xlsx
Zambuka,M,2022-04-09,2023-01-15,9,299.0,137.0,True,PESOS POTROS 2022.xlsx
Zambuka,M,2022-04-09,2023-02-15,10,300.0,138.0,True,PESOS POTROS 2022.xlsx
Zambuka,M,2022-04-09,2023-03-15,11,318.0,141.0,True,PESOS POTROS 2022.xlsx
Zambuka,M,2022-04-09,2023-04-15,12,333.0,144.0,True,PESOS POTROS 2022.xlsx
Zambuka,M,2022-04-09,2023-05-15,13,359.0,145.0,True,PESOS POTROS 2022.xlsx
Zambuka,M,2022-04-09,2023-06-15,14,383.0,147.0,True,PESOS POTROS 2022.xlsx
Zambuka,M,2022-04-09,2023-07-15,15,398.0,149.0,True,PESOS POTROS 2022.xlsx
Zambuka,M,2022-04-09,2023-08-15,16,398.0,149.0,True,PESOS POTROS 2022.xlsx
Zambuka,M,2022-04-09,2023-09-15,17,420.0,151.0,True,PESOS POTROS 2022.xlsx
Fofi,H,2023-03-28,2023-03-28,0,57.0,,True,PESOS POTROS 2023.xlsx
Fofi,H,2023-03-28,2023-04-15,1,89.0,110.0,True,PESOS POTROS 2023.xlsx
Fofi,H,2023-03-28,2023-05-15,2,124.0,116.0,True,PESOS POTROS 2023.xlsx
Fofi,H,2023-03-28,2023-06-15,3,163.0,121.0,True,PESOS POTROS 2023.xlsx
Fofi,H,2023-03-28,2023-07-15,4,186.0,124.0,True,PESOS POTROS 2023.xlsx
Fofi,H,2023-03-28,2023-08-15,5,226.0,131.0,True,PESOS POTROS 2023.xlsx
Fofi,H,2023-03-28,2023-09-15,6,250.0,133.0,True,PESOS POTROS 2023.xlsx
Fofi,H,2023-03-28,2023-10-15,7,273.0,134.0,True,PESOS POTROS 2023.xlsx
Fofi,H,2023-03-28,2023-11-15,8,286.0,135.0,True,PESOS POTROS 2023.xlsx
Fofi,H,2023-03-28,2023-12-15,9,296.0,138.0,True,PESOS POTROS 2023.xlsx
Fofi,H,2023-03-28,2024-01-15,10,319.0,141.0,True,PESOS POTROS 2023.xlsx
Fofi,H,2023-03-28,2024-02-15,11,321.0,142.0,True,PESOS POTROS 2023.xlsx
Fofi,H,2023-03-28,2024-03-15,12,336.0,143.0,True,PESOS POTROS 2023.xlsx
Fofi,H,2023-03-28,2024-04-15,13,348.0,145.0,True,PESOS POTROS 2023.xlsx
Fofi,H,2023-03-28,2024-05-15,14,374.0,146.0,True,PESOS POTROS 2023.xlsx
Fofi,H,2023-03-28,2024-06-15,15,407.0,149.0,True,PESOS POTROS 2023.xlsx
Fofi,H,2023-03-28,2024-07-15,16,427.0,150.0,True,PESOS POTROS 2023.xlsx
Fofi,H,2023-03-28,2024-08-15,17,450.0,151.0,True,PESOS POTROS 2023.xlsx
Fofi,H,2023-03-28,2024-09-15,18,466.0,151.0,True,PESOS POTROS 2023.xlsx
Fofi,H,2023-03-28,2024-10-15,19,460.0,153.0,True,PESOS POTROS 2023.xlsx
Fofi,H,2023-03-28,2024-11-15,20,462.0,155.0,True,PESOS POTROS 2023.xlsx
Game Face,H,2023-01-14,2023-01-14,0,61.0,,True,PESOS POTROS 2023.xlsx
Game Face,H,2023-01-14,2023-02-15,1,99.0,111.0,True,PESOS POTROS 2023.xlsx
Game Face,H,2023-01-14,2023-03-15,2,125.0,116.0,True,PESOS POTROS 2023.xlsx
Game Face,H,2023-01-14,2023-04-15,3,154.0,122.0,True,PESOS POTROS 2023.xlsx
Game Face,H,2023-01-14,2023-05-15,4,191.0,125.0,True,PESOS POTROS 2023.xlsx
Game Face,H,2023-01-14,2023-06-15,5,228.0,129.0,True,PESOS POTROS 2023.xlsx
Game Face,H,2023-01-14,2023-07-15,6,231.0,132.0,True,PESOS POTROS 2023.xlsx
Game Face,H,2023-01-14,2023-08-15,7,253.0,135.0,True,PESOS POTROS 2023.xlsx
Game Face,H,2023-01-14,2023-09-15,8,282.0,136.0,True,PESOS POTROS 2023.xlsx
Game Face,H,2023-01-14,2023-10-15,9,299.0,137.0,True,PESOS POTROS 2023.xlsx
Game Face,H,2023-01-14,2023-11-15,10,318.0,138.0,True,PESOS POTROS 2023.xlsx
Game Face,H,2023-01-14,2023-12-15,11,317.0,140.0,True,PESOS POTROS 2023.xlsx
Game Face,H,2023-01-14,2024-01-15,12,320.0,141.0,True,PESOS POTROS 2023.xlsx
Game Face,H,2023-01-14,2024-02-15,13,333.0,142.0,True,PESOS POTROS 2023.xlsx
Game Face,H,2023-01-14,2024-03-15,14,351.0,144.0,True,PESOS POTROS 2023.xlsx
Game Face,H,2023-01-14,2024-04-15,15,376.0,146.0,True,PESOS POTROS 2023.xlsx
Game Face,H,2023-01-14,2024-05-15,16,401.0,148.0,True,PESOS POTROS 2023.xlsx
Game Face,H,2023-01-14,2024-06-15,17,425.0,149.0,True,PESOS POTROS 2023.xlsx
Game Face,H,2023-01-14,2024-07-15,18,443.0,150.0,True,PESOS POTROS 2023.xlsx
Game Face,H,2023-01-14,2024-08-15,19,461.0,151.0,True,PESOS POTROS 2023.xlsx
Game Face,H,2023-01-14,2024-09-15,20,470.0,152.0,True,PESOS POTROS 2023.xlsx
Game Face,H,2023-01-14,2024-10-15,21,468.0,152.0,True,PESOS POTROS 2023.xlsx
Game Face,H,2023-01-14,2024-11-15,22,478.0,154.0,True,PESOS POTROS 2023.xlsx
Harriet,H,2023-03-31,2023-03-31,0,42.0,,True,PESOS POTROS 2023.xlsx
Harriet,H,2023-03-31,2023-05-15,1,104.0,106.0,True,PESOS POTROS 2023.xlsx
Harriet,H,2023-03-31,2023-06-15,2,134.0,112.0,True,PESOS POTROS 2023.xlsx
Harriet,H,2023-03-31,2023-07-15,3,152.0,115.0,True,PESOS POTROS 2023.xlsx
Harriet,H,2023-03-31,2023-08-15,4,177.0,119.0,True,PESOS POTROS 2023.xlsx
Harriet,H,2023-03-31,2023-09-15,5,198.0,123.0,True,PESOS POTROS 2023.xlsx
Harriet,H,2023-03-31,2023-10-15,6,201.0,125.0,True,PESOS POTROS 2023.xlsx
Harriet,H,2023-03-31,2023-11-15,7,212.0,125.0,True,PESOS POTROS 2023.xlsx
Harriet,H,2023-03-31,2023-12-15,8,235.0,128.0,True,PESOS POTROS 2023.xlsx
Harriet,H,2023-03-31,2024-01-15,9,262.0,131.0,True,PESOS POTROS 2023.xlsx
Harriet,H,2023-03-31,2024-02-15,10,278.0,132.0,True,PESOS POTROS 2023.xlsx
Harriet,H,2023-03-31,2024-03-15,11,289.0,134.0,True,PESOS POTROS 2023.xlsx
Harriet,H,2023-03-31,2024-04-15,12,310.0,138.0,True,PESOS POTROS 2023.xlsx
Harriet,H,2023-03-31,2024-05-15,13,329.0,139.0,True,PESOS POTROS 2023.xlsx
Harriet,H,2023-03-31,2024-06-15,14,356.0,142.0,True,PESOS POTROS 2023.xlsx
Harriet,H,2023-03-31,2024-07-15,15,377.0,143.0,True,PESOS POTROS 2023.xlsx
Harriet,H,2023-03-31,2024-08-15,16,400.0,144.0,True,PESOS POTROS 2023.xlsx
Harriet,H,2023-03-31,2024-09-15,17,408.0,145.0,True,PESOS POTROS 2023.xlsx
Harriet,H,2023-03-31,2024-10-15,18,400.0,146.0,True,PESOS POTROS 2023.xlsx
Harriet,H,2023-03-31,2024-11-15,19,400.0,147.0,True,PESOS POTROS 2023.xlsx
Harrods,H,2023-04-10,2023-04-10,0,48.0,,True,PESOS POTROS 2023.xlsx
Harrods,H,2023-04-10,2023-05-15,1,99.0,108.0,True,PESOS POTROS 2023.xlsx
Harrods,H,2023-04-10,2023-06-15,2,137.0,117.0,True,PESOS POTROS 2023.xlsx
Harrods,H,2023-04-10,2023-07-15,3,169.0,123.0,True,PESOS POTROS 2023.xlsx
Harrods,H,2023-04-10,2023-08-15,4,205.0,125.0,True,PESOS POTROS 2023.xlsx
Harrods,H,2023-04-10,2023-09-15,5,240.0,130.0,True,PESOS POTROS 2023.xlsx
Harrods,H,2023-04-10,2023-10-15,6,246.0,131.0,True,PESOS POTROS 2023.xlsx
Harrods,H,2023-04-10,2023-11-15,7,270.0,133.0,True,PESOS POTROS 2023.xlsx
Harrods,H,2023-04-10,2023-12-15,8,277.0,135.0,True,PESOS POTROS 2023.xlsx
Harrods,H,2023-04-10,2024-01-15,9,296.0,138.0,True,PESOS POTROS 2023.xlsx
Harrods,H,2023-04-10,2024-02-15,10,309.0,140.0,True,PESOS POTROS 2023.xlsx
Harrods,H,2023-04-10,2024-03-15,11,324.0,142.0,True,PESOS POTROS 2023.xlsx
Harrods,H,2023-04-10,2024-04-15,12,340.0,145.0,True,PESOS POTROS 2023.xlsx
Harrods,H,2023-04-10,2024-05-15,13,360.0,147.0,True,PESOS POTROS 2023.xlsx
Harrods,H,2023-04-10,2024-06-15,14,388.0,149.0,True,PESOS POTROS 2023.xlsx
Harrods,H,2023-04-10,2024-07-15,15,407.0,149.0,True,PESOS POTROS 2023.xlsx
Harrods,H,2023-04-10,2024-08-15,16,430.0,150.0,True,PESOS POTROS 2023.xlsx
Harrods,H,2023-04-10,2024-09-15,17,450.0,151.0,True,PESOS POTROS 2023.xlsx
Harrods,H,2023-04-10,2024-10-15,18,440.0,152.0,True,PESOS POTROS 2023.xlsx
Harrods,H,2023-04-10,2024-11-15,19,441.0,153.0,True,PESOS POTROS 2023.xlsx
Jalmolonga,H,2023-02-10,2023-02-10,0,55.0,,True,PESOS POTROS 2023.xlsx
Jalmolonga,H,2023-02-10,2023-03-15,1,93.0,110.0,True,PESOS POTROS 2023.xlsx
Jalmolonga,H,2023-02-10,2023-04-15,2,126.0,116.0,True,PESOS POTROS 2023.xlsx
Jalmolonga,H,2023-02-10,2023-05-15,3,156.0,122.0,True,PESOS POTROS 2023.xlsx
Jalmolonga,H,2023-02-10,2023-06-15,4,192.0,127.0,True,PESOS POTROS 2023.xlsx
Jalmolonga,H,2023-02-10,2023-07-15,5,221.0,130.0,True,PESOS POTROS 2023.xlsx
Jalmolonga,H,2023-02-10,2023-08-15,6,235.0,133.0,True,PESOS POTROS 2023.xlsx
Jalmolonga,H,2023-02-10,2023-09-15,7,255.0,135.0,True,PESOS POTROS 2023.xlsx
Jalmolonga,H,2023-02-10,2023-10-15,8,272.0,136.0,True,PESOS POTROS 2023.xlsx
Jalmolonga,H,2023-02-10,2023-11-15,9,286.0,137.0,True,PESOS POTROS 2023.xlsx
Jalmolonga,H,2023-02-10,2023-12-15,10,290.0,138.0,True,PESOS POTROS 2023.xlsx
Jalmolonga,H,2023-02-10,2024-01-15,11,290.0,140.0,True,PESOS POTROS 2023.xlsx
Jalmolonga,H,2023-02-10,2024-02-15,12,297.0,142.0,True,PESOS POTROS 2023.xlsx
Jalmolonga,H,2023-02-10,2024-03-15,13,318.0,142.0,True,PESOS POTROS 2023.xlsx
Jalmolonga,H,2023-02-10,2024-04-15,14,336.0,145.0,True,PESOS POTROS 2023.xlsx
Jalmolonga,H,2023-02-10,2024-05-15,15,360.0,147.0,True,PESOS POTROS 2023.xlsx
Jalmolonga,H,2023-02-10,2024-06-15,16,382.0,148.0,True,PESOS POTROS 2023.xlsx
Jalmolonga,H,2023-02-10,2024-07-15,17,398.0,149.0,True,PESOS POTROS 2023.xlsx
Jalmolonga,H,2023-02-10,2024-08-15,18,416.0,150.0,True,PESOS POTROS 2023.xlsx
Jalmolonga,H,2023-02-10,2024-09-15,19,436.0,151.0,True,PESOS POTROS 2023.xlsx
Jalmolonga,H,2023-02-10,2024-10-15,20,403.0,151.0,True,PESOS POTROS 2023.xlsx
Jalmolonga,H,2023-02-10,2024-11-15,21,425.0,152.0,True,PESOS POTROS 2023.xlsx
Lushia,H,2023-02-04,2023-02-04,0,65.0,,True,PESOS POTROS 2023.xlsx
Lushia,H,2023-02-04,2023-03-15,1,119.0,114.0,True,PESOS POTROS 2023.xlsx
Lushia,H,2023-02-04,2023-04-15,2,155.0,122.0,True,PESOS POTROS 2023.xlsx
Lushia,H,2023-02-04,2023-05-15,3,178.0,125.0,True,PESOS POTROS 2023.xlsx
Lushia,H,2023-02-04,2023-06-15,4,202.0,131.0,True,PESOS POTROS 2023.xlsx
Lushia,H,2023-02-04,2023-07-15,5,232.0,135.0,True,PESOS POTROS 2023.xlsx
Lushia,H,2023-02-04,2023-08-15,6,251.0,136.0,True,PESOS POTROS 2023.xlsx
Lushia,H,2023-02-04,2023-09-15,7,275.0,136.0,True,PESOS POTROS 2023.xlsx
Lushia,H,2023-02-04,2023-10-15,8,293.0,138.0,True,PESOS POTROS 2023.xlsx
Lushia,H,2023-02-04,2023-11-15,9,300.0,139.0,True,PESOS POTROS 2023.xlsx
Lushia,H,2023-02-04,2023-12-15,10,300.0,141.0,True,PESOS POTROS 2023.xlsx
Lushia,H,2023-02-04,2024-01-15,11,310.0,144.0,True,PESOS POTROS 2023.xlsx
Lushia,H,2023-02-04,2024-02-15,12,324.0,146.0,True,PESOS POTROS 2023.xlsx
Lushia,H,2023-02-04,2024-03-15,13,338.0,147.0,True,PESOS POTROS 2023.xlsx
Lushia,H,2023-02-04,2024-04-15,14,360.0,149.0,True,PESOS POTROS 2023.xlsx
Lushia,H,2023-02-04,2024-05-15,15,383.0,151.0,True,PESOS POTROS 2023.xlsx
Lushia,H,2023-02-04,2024-06-15,16,399.0,154.0,True,PESOS POTROS 2023.xlsx
Lushia,H,2023-02-04,2024-07-15,17,400.0,154.0,True,PESOS POTROS 2023.xlsx
Lushia,H,2023-02-04,2024-08-15,18,415.0,154.0,True,PESOS POTROS 2023.xlsx
Lushia,H,2023-02-04,2024-09-15,19,430.0,154.0,True,PESOS POTROS 2023.xlsx
Lushia,H,2023-02-04,2024-10-15,20,435.0,155.0,True,PESOS POTROS 2023.xlsx
Lushia,H,2023-02-04,2024-11-15,21,440.0,157.0,True,PESOS POTROS 2023.xlsx
Mila Race,H,2023-01-19,2023-01-19,0,53.0,,True,PESOS POTROS 2023.xlsx
Mila Race,H,2023-01-19,2023-02-15,1,93.0,108.0,True,PESOS POTROS 2023.xlsx
Mila Race,H,2023-01-19,2023-03-15,2,116.0,113.0,True,PESOS POTROS 2023.xlsx
Mila Race,H,2023-01-19,2023-04-15,3,151.0,117.0,True,PESOS POTROS 2023.xlsx
Mila Race,H,2023-01-19,2023-05-15,4,189.0,122.0,True,PESOS POTROS 2023.xlsx
Mila Race,H,2023-01-19,2023-06-15,5,223.0,127.0,True,PESOS POTROS 2023.xlsx
Mila Race,H,2023-01-19,2023-07-15,6,228.0,131.0,True,PESOS POTROS 2023.xlsx
Mila Race,H,2023-01-19,2023-08-15,7,249.0,132.0,True,PESOS POTROS 2023.xlsx
Mila Race,H,2023-01-19,2023-09-15,8,278.0,135.0,True,PESOS POTROS 2023.xlsx
Mila Race,H,2023-01-19,2023-10-15,9,301.0,136.0,True,PESOS POTROS 2023.xlsx
Mila Race,H,2023-01-19,2023-11-15,10,304.0,136.0,True,PESOS POTROS 2023.xlsx
Mila Race,H,2023-01-19,2023-12-15,11,311.0,139.0,True,PESOS POTROS 2023.xlsx
Mila Race,H,2023-01-19,2024-01-15,12,312.0,140.0,True,PESOS POTROS 2023.xlsx
Mila Race,H,2023-01-19,2024-02-15,13,323.0,142.0,True,PESOS POTROS 2023.xlsx
Yugoslava,H,2023-05-15,2023-05-15,0,56.0,,True,PESOS POTROS 2023.xlsx
Yugoslava,H,2023-05-15,2023-06-15,1,104.0,109.0,True,PESOS POTROS 2023.xlsx
Yugoslava,H,2023-05-15,2023-07-15,2,134.0,116.0,True,PESOS POTROS 2023.xlsx
Yugoslava,H,2023-05-15,2023-08-15,3,168.0,123.0,True,PESOS POTROS 2023.xlsx
Yugoslava,H,2023-05-15,2023-09-15,4,202.0,127.0,True,PESOS POTROS 2023.xlsx
Yugoslava,H,2023-05-15,2023-10-15,5,219.0,128.0,True,PESOS POTROS 2023.xlsx
Yugoslava,H,2023-05-15,2023-11-15,6,238.0,130.0,True,PESOS POTROS 2023.xlsx
Yugoslava,H,2023-05-15,2023-12-15,7,250.0,132.0,True,PESOS POTROS 2023.xlsx
Yugoslava,H,2023-05-15,2024-01-15,8,270.0,135.0,True,PESOS POTROS 2023.xlsx
Yugoslava,H,2023-05-15,2024-02-15,9,286.0,138.0,True,PESOS POTROS 2023.xlsx
Yugoslava,H,2023-05-15,2024-03-15,10,297.0,140.0,True,PESOS POTROS 2023.xlsx
Yugoslava,H,2023-05-15,2024-04-15,11,311.0,142.0,True,PESOS POTROS 2023.xlsx
Yugoslava,H,2023-05-15,2024-05-15,12,331.0,144.0,True,PESOS POTROS 2023.xlsx
Yugoslava,H,2023-05-15,2024-06-15,13,353.0,146.0,True,PESOS POTROS 2023.xlsx
Yugoslava,H,2023-05-15,2024-07-15,14,370.0,146.0,True,PESOS POTROS 2023.xlsx
Yugoslava,H,2023-05-15,2024-10-15,17,391.0,148.0,True,PESOS POTROS 2023.xlsx
Yugoslava,H,2023-05-15,2024-11-15,18,398.0,150.0,True,PESOS POTROS 2023.xlsx
Zambuka,H,2023-04-18,2023-04-18,0,59.0,,True,PESOS POTROS 2023.xlsx
Zambuka,H,2023-04-18,2023-05-15,1,89.0,110.0,True,PESOS POTROS 2023.xlsx
Zambuka,H,2023-04-18,2023-06-15,2,127.0,116.0,True,PESOS POTROS 2023.xlsx
Zambuka,H,2023-04-18,2023-07-15,3,163.0,121.0,True,PESOS POTROS 2023.xlsx
Zambuka,H,2023-04-18,2023-08-15,4,191.0,125.0,True,PESOS POTROS 2023.xlsx
Zambuka,H,2023-04-18,2023-09-15,5,238.0,130.0,True,PESOS POTROS 2023.xlsx
Zambuka,H,2023-04-18,2023-10-15,6,248.0,133.0,True,PESOS POTROS 2023.xlsx
Zambuka,H,2023-04-18,2023-11-15,7,272.0,134.0,True,PESOS POTROS 2023.xlsx
Zambuka,H,2023-04-18,2023-12-15,8,278.0,137.0,True,PESOS POTROS 2023.xlsx
Zambuka,H,2023-04-18,2024-01-15,9,302.0,139.0,True,PESOS POTROS 2023.xlsx
Zambuka,H,2023-04-18,2024-02-15,10,312.0,141.0,True,PESOS POTROS 2023.xlsx
Zambuka,H,2023-04-18,2024-03-15,11,332.0,143.0,True,PESOS POTROS 2023.xlsx
Zambuka,H,2023-04-18,2024-04-15,12,353.0,146.0,True,PESOS POTROS 2023.xlsx
Zambuka,H,2023-04-18,2024-05-15,13,372.0,148.0,True,PESOS POTROS 2023.xlsx
Zambuka,H,2023-04-18,2024-06-15,14,396.0,151.0,True,PESOS POTROS 2023.xlsx
Zambuka,H,2023-04-18,2024-07-15,15,403.0,152.0,True,PESOS POTROS 2023.xlsx
Zambuka,H,2023-04-18,2024-08-15,16,429.0,152.0,True,PESOS POTROS 2023.xlsx
Zambuka,H,2023-04-18,2024-09-15,17,437.0,153.0,True,PESOS POTROS 2023.xlsx
Zambuka,H,2023-04-18,2024-10-15,18,461.0,154.0,True,PESOS POTROS 2023.xlsx
Zambuka,H,2023-04-18,2024-11-15,19,474.0,157.0,True,PESOS POTROS 2023.xlsx
Zavaleta,H,2023-02-15,2023-02-15,0,55.0,,True,PESOS POTROS 2023.xlsx
Zavaleta,H,2023-02-15,2023-03-15,1,104.0,113.0,True,PESOS POTROS 2023.xlsx
Zavaleta,H,2023-02-15,2023-04-15,2,141.0,120.0,True,PESOS POTROS 2023.xlsx
Zavaleta,H,2023-02-15,2023-05-15,3,181.0,125.0,True,PESOS POTROS 2023.xlsx
Zavaleta,H,2023-02-15,2023-06-15,4,212.0,129.0,True,PESOS POTROS 2023.xlsx
Zavaleta,H,2023-02-15,2023-07-15,5,234.0,132.0,True,PESOS POTROS 2023.xlsx
Zavaleta,H,2023-02-15,2023-08-15,6,260.0,135.0,True,PESOS POTROS 2023.xlsx
Zavaleta,H,2023-02-15,2023-09-15,7,290.0,137.0,True,PESOS POTROS 2023.xlsx
Zavaleta,H,2023-02-15,2023-10-15,8,299.0,137.0,True,PESOS POTROS 2023.xlsx
Zavaleta,H,2023-02-15,2023-11-15,9,319.0,140.0,True,PESOS POTROS 2023.xlsx
Zavaleta,H,2023-02-15,2023-12-15,10,314.0,141.0,True,PESOS POTROS 2023.xlsx
Zavaleta,H,2023-02-15,2024-01-15,11,320.0,143.0,True,PESOS POTROS 2023.xlsx
Zavaleta,H,2023-02-15,2024-02-15,12,339.0,145.0,True,PESOS POTROS 2023.xlsx
Zavaleta,H,2023-02-15,2024-03-15,13,354.0,146.0,True,PESOS POTROS 2023.xlsx
Zavaleta,H,2023-02-15,2024-04-15,14,379.0,148.0,True,PESOS POTROS 2023.xlsx
Zavaleta,H,2023-02-15,2024-05-15,15,409.0,150.0,True,PESOS POTROS 2023.xlsx
Zavaleta,H,2023-02-15,2024-06-15,16,433.0,152.0,True,PESOS POTROS 2023.xlsx
Zavaleta,H,2023-02-15,2024-07-15,17,450.0,152.0,True,PESOS POTROS 2023.xlsx
Zavaleta,H,2023-02-15,2024-08-15,18,478.0,153.0,True,PESOS POTROS 2023.xlsx
Zavaleta,H,2023-02-15,2024-09-15,19,496.0,153.0,True,PESOS POTROS 2023.xlsx
Zavaleta,H,2023-02-15,2024-10-15,20,488.0,154.0,True,PESOS POTROS 2023.xlsx
Zavaleta,H,2023-02-15,2024-11-15,21,491.0,156.0,True,PESOS POTROS 2023.xlsx
Daisy,M,2023-01-29,2023-01-29,0,50.0,,True,PESOS POTROS 2023.xlsx
Daisy,M,2023-01-29,2023-02-15,1,75.0,104.0,True,PESOS POTROS 2023.xlsx
Daisy,M,2023-01-29,2023-04-15,3,144.0,116.0,True,PESOS POTROS 2023.xlsx
Daisy,M,2023-01-29,2023-05-15,4,177.0,120.0,True,PESOS POTROS 2023.xlsx
Daisy,M,2023-01-29,2023-06-15,5,207.0,125.0,True,PESOS POTROS 2023.xlsx
Daisy,M,2023-01-29,2023-07-15,6,212.0,129.0,True,PESOS POTROS 2023.xlsx
Daisy,M,2023-01-29,2023-08-15,7,239.0,129.0,True,PESOS POTROS 2023.xlsx
Daisy,M,2023-01-29,2023-09-15,8,257.0,130.0,True,PESOS POTROS 2023.xlsx
Daisy,M,2023-01-29,2023-10-15,9,281.0,133.0,True,PESOS POTROS 2023.xlsx
Daisy,M,2023-01-29,2023-11-15,10,299.0,135.0,True,PESOS POTROS 2023.xlsx
Daisy,M,2023-01-29,2023-12-15,11,298.0,137.0,True,PESOS POTROS 2023.xlsx
Daisy,M,2023-01-29,2024-01-15,12,318.0,139.0,True,PESOS POTROS 2023.xlsx
Daisy,M,2023-01-29,2024-02-15,13,327.0,141.0,True,PESOS POTROS 2023.xlsx
Daisy,M,2023-01-29,2024-04-15,15,351.0,144.0,True,PESOS POTROS 2023.xlsx
Daisy,M,2023-01-29,2024-05-15,16,370.0,146.0,True,PESOS POTROS 2023.xlsx
Daisy,M,2023-01-29,2024-06-15,17,385.0,147.0,True,PESOS POTROS 2023.xlsx
Daisy,M,2023-01-29,2024-07-15,18,393.0,148.0,True,PESOS POTROS 2023.xlsx
Daisy,M,2023-01-29,2024-08-15,19,414.0,149.0,True,PESOS POTROS 2023.xlsx
Daisy,M,2023-01-29,2024-09-15,20,428.0,149.0,True,PESOS POTROS 2023.xlsx
Daisy,M,2023-01-29,2024-10-15,21,429.0,150.0,True,PESOS POTROS 2023.xlsx
Daisy,M,2023-01-29,2024-11-15,22,438.0,151.0,True,PESOS POTROS 2023.xlsx
Feris,M,2023-01-07,2023-01-07,0,52.0,,True,PESOS POTROS 2023.xlsx
Feris,M,2023-01-07,2023-02-15,1,114.0,112.0,True,PESOS POTROS 2023.xlsx
Feris,M,2023-01-07,2023-03-15,2,146.0,116.0,True,PESOS POTROS 2023.xlsx
Feris,M,2023-01-07,2023-04-15,3,184.0,123.0,True,PESOS POTROS 2023.xlsx
Feris,M,2023-01-07,2023-05-15,4,219.0,127.0,True,PESOS POTROS 2023.xlsx
Feris,M,2023-01-07,2023-06-15,5,256.0,130.0,True,PESOS POTROS 2023.xlsx
Feris,M,2023-01-07,2023-07-15,6,256.0,133.0,True,PESOS POTROS 2023.xlsx
Feris,M,2023-01-07,2023-08-15,7,287.0,133.0,True,PESOS POTROS 2023.xlsx
Feris,M,2023-01-07,2023-09-15,8,318.0,136.0,True,PESOS POTROS 2023.xlsx
Feris,M,2023-01-07,2023-10-15,9,316.0,137.0,True,PESOS POTROS 2023.xlsx
Feris,M,2023-01-07,2023-11-15,10,339.0,137.0,True,PESOS POTROS 2023.xlsx
Feris,M,2023-01-07,2023-12-15,11,333.0,140.0,True,PESOS POTROS 2023.xlsx
Feris,M,2023-01-07,2024-01-15,12,350.0,142.0,True,PESOS POTROS 2023.xlsx
Feris,M,2023-01-07,2024-02-15,13,365.0,143.0,True,PESOS POTROS 2023.xlsx
Feris,M,2023-01-07,2024-03-15,14,380.0,145.0,True,PESOS POTROS 2023.xlsx
Feris,M,2023-01-07,2024-04-15,15,399.0,147.0,True,PESOS POTROS 2023.xlsx
Feris,M,2023-01-07,2024-05-15,16,425.0,149.0,True,PESOS POTROS 2023.xlsx
Feris,M,2023-01-07,2024-06-15,17,449.0,151.0,True,PESOS POTROS 2023.xlsx
Feris,M,2023-01-07,2024-07-15,18,454.0,151.0,True,PESOS POTROS 2023.xlsx
Feris,M,2023-01-07,2024-08-15,19,466.0,152.0,True,PESOS POTROS 2023.xlsx
Feris,M,2023-01-07,2024-09-15,20,504.0,153.0,True,PESOS POTROS 2023.xlsx
Feris,M,2023-01-07,2024-10-15,21,500.0,153.0,True,PESOS POTROS 2023.xlsx
Feris,M,2023-01-07,2024-11-15,22,510.0,155.0,True,PESOS POTROS 2023.xlsx
Go Vivian Go,M,2023-01-28,2023-01-28,0,55.0,,True,PESOS POTROS 2023.xlsx
Go Vivian Go,M,2023-01-28,2023-02-15,1,81.0,108.0,True,PESOS POTROS 2023.xlsx
Go Vivian Go,M,2023-01-28,2023-04-15,3,148.0,123.0,True,PESOS POTROS 2023.xlsx
Go Vivian Go,M,2023-01-28,2023-05-15,4,181.0,128.0,True,PESOS POTROS 2023.xlsx
Go Vivian Go,M,2023-01-28,2023-06-15,5,214.0,133.0,True,PESOS POTROS 2023.xlsx
Go Vivian Go,M,2023-01-28,2023-07-15,6,217.0,136.0,True,PESOS POTROS 2023.xlsx
Go Vivian Go,M,2023-01-28,2023-08-15,7,246.0,138.0,True,PESOS POTROS 2023.xlsx
Go Vivian Go,M,2023-01-28,2023-09-15,8,275.0,140.0,True,PESOS POTROS 2023.xlsx
Go Vivian Go,M,2023-01-28,2023-10-15,9,295.0,141.0,True,PESOS POTROS 2023.xlsx
Go Vivian Go,M,2023-01-28,2023-11-15,10,308.0,142.0,True,PESOS POTROS 2023.xlsx
Go Vivian Go,M,2023-01-28,2023-12-15,11,300.0,144.0,True,PESOS POTROS 2023.xlsx
Go Vivian Go,M,2023-01-28,2024-01-15,12,322.0,145.0,True,PESOS POTROS 2023.xlsx
Go Vivian Go,M,2023-01-28,2024-02-15,13,333.0,148.0,True,PESOS POTROS 2023.xlsx
Go Vivian Go,M,2023-01-28,2024-03-15,14,346.0,151.0,True,PESOS POTROS 2023.xlsx
Go Vivian Go,M,2023-01-28,2024-04-15,15,365.0,152.0,True,PESOS POTROS 2023.xlsx
Go Vivian Go,M,2023-01-28,2024-05-15,16,375.0,154.0,True,PESOS POTROS 2023.xlsx
Go Vivian Go,M,2023-01-28,2024-06-15,17,399.0,156.0,True,PESOS POTROS 2023.xlsx
Go Vivian Go,M,2023-01-28,2024-07-15,18,415.0,156.0,True,PESOS POTROS 2023.xlsx
Go Vivian Go,M,2023-01-28,2024-08-15,19,436.0,157.0,True,PESOS POTROS 2023.xlsx
Go Vivian Go,M,2023-01-28,2024-09-15,20,458.0,157.0,True,PESOS POTROS 2023.xlsx
Go Vivian Go,M,2023-01-28,2024-10-15,21,455.0,159.0,True,PESOS POTROS 2023.xlsx
Go Vivian Go,M,2023-01-28,2024-11-15,22,468.0,160.0,True,PESOS POTROS 2023.xlsx
Kohunlich,M,2023-03-19,2023-03-19,0,61.0,,True,PESOS POTROS 2023.xlsx
Kohunlich,M,2023-03-19,2023-04-15,1,106.0,112.0,True,PESOS POTROS 2023.xlsx
Kohunlich,M,2023-03-19,2023-05-15,2,146.0,118.0,True,PESOS POTROS 2023.xlsx
Kohunlich,M,2023-03-19,2023-06-15,3,182.0,123.0,True,PESOS POTROS 2023.xlsx
Kohunlich,M,2023-03-19,2023-07-15,4,210.0,127.0,True,PESOS POTROS 2023.xlsx
Kohunlich,M,2023-03-19,2023-08-15,5,242.0,132.0,True,PESOS POTROS 2023.xlsx
Kohunlich,M,2023-03-19,2023-09-15,6,266.0,133.0,True,PESOS POTROS 2023.xlsx
Kohunlich,M,2023-03-19,2023-10-15,7,291.0,135.0,True,PESOS POTROS 2023.xlsx
Kohunlich,M,2023-03-19,2023-11-15,8,306.0,137.0,True,PESOS POTROS 2023.xlsx
Kohunlich,M,2023-03-19,2023-12-15,9,309.0,138.0,True,PESOS POTROS 2023.xlsx
Kohunlich,M,2023-03-19,2024-01-15,10,326.0,140.0,True,PESOS POTROS 2023.xlsx
Kohunlich,M,2023-03-19,2024-02-15,11,332.0,142.0,True,PESOS POTROS 2023.xlsx
Kohunlich,M,2023-03-19,2024-03-15,12,346.0,144.0,True,PESOS POTROS 2023.xlsx
Kohunlich,M,2023-03-19,2024-04-15,13,358.0,145.0,True,PESOS POTROS 2023.xlsx
Kohunlich,M,2023-03-19,2024-05-15,14,376.0,147.0,True,PESOS POTROS 2023.xlsx
Kohunlich,M,2023-03-19,2024-06-15,15,397.0,149.0,True,PESOS POTROS 2023.xlsx
Kohunlich,M,2023-03-19,2024-07-15,16,403.0,150.0,True,PESOS POTROS 2023.xlsx
Kohunlich,M,2023-03-19,2024-08-15,17,421.0,151.0,True,PESOS POTROS 2023.xlsx
Kohunlich,M,2023-03-19,2024-09-15,18,445.0,151.0,True,PESOS POTROS 2023.xlsx
Kohunlich,M,2023-03-19,2024-10-15,19,445.0,152.0,True,PESOS POTROS 2023.xlsx
Kohunlich,M,2023-03-19,2024-11-15,20,452.0,153.0,True,PESOS POTROS 2023.xlsx
Sevillana Again,M,2023-04-20,2023-04-20,0,51.0,,True,PESOS POTROS 2023.xlsx
Sevillana Again,M,2023-04-20,2023-05-15,1,83.0,105.0,True,PESOS POTROS 2023.xlsx
Sevillana Again,M,2023-04-20,2023-06-15,2,121.0,112.0,True,PESOS POTROS 2023.xlsx
Sevillana Again,M,2023-04-20,2023-07-15,3,154.0,116.0,True,PESOS POTROS 2023.xlsx
Sevillana Again,M,2023-04-20,2023-08-15,4,192.0,123.0,True,PESOS POTROS 2023.xlsx
Sevillana Again,M,2023-04-20,2023-09-15,5,232.0,126.0,True,PESOS POTROS 2023.xlsx
Sevillana Again,M,2023-04-20,2023-10-15,6,241.0,128.0,True,PESOS POTROS 2023.xlsx
Sevillana Again,M,2023-04-20,2023-11-15,7,258.0,130.0,True,PESOS POTROS 2023.xlsx
Sevillana Again,M,2023-04-20,2023-12-15,8,261.0,131.0,True,PESOS POTROS 2023.xlsx
Sevillana Again,M,2023-04-20,2024-01-15,9,277.0,133.0,True,PESOS POTROS 2023.xlsx
Sevillana Again,M,2023-04-20,2024-02-15,10,289.0,136.0,True,PESOS POTROS 2023.xlsx
Sevillana Again,M,2023-04-20,2024-03-15,11,292.0,138.0,True,PESOS POTROS 2023.xlsx
Sevillana Again,M,2023-04-20,2024-04-15,12,311.0,140.0,True,PESOS POTROS 2023.xlsx
Sevillana Again,M,2023-04-20,2024-05-15,13,324.0,142.0,True,PESOS POTROS 2023.xlsx
Sevillana Again,M,2023-04-20,2024-06-15,14,345.0,144.0,True,PESOS POTROS 2023.xlsx
Sevillana Again,M,2023-04-20,2024-07-15,15,360.0,145.0,True,PESOS POTROS 2023.xlsx
Sevillana Again,M,2023-04-20,2024-08-15,16,388.0,145.0,True,PESOS POTROS 2023.xlsx
Sevillana Again,M,2023-04-20,2024-09-15,17,412.0,146.0,True,PESOS POTROS 2023.xlsx
Sevillana Again,M,2023-04-20,2024-10-15,18,418.0,148.0,True,PESOS POTROS 2023.xlsx
Sevillana Again,M,2023-04-20,2024-11-15,19,434.0,150.0,True,PESOS POTROS 2023.xlsx
Viuda Alegre,M,2023-04-07,2023-04-07,0,56.0,,True,PESOS POTROS 2023.xlsx
Viuda Alegre,M,2023-04-07,2023-05-15,1,98.0,113.0,True,PESOS POTROS 2023.xlsx
Viuda Alegre,M,2023-04-07,2023-06-15,2,135.0,118.0,True,PESOS POTROS 2023.xlsx
Viuda Alegre,M,2023-04-07,2023-07-15,3,166.0,124.0,True,PESOS POTROS 2023.xlsx
Viuda Alegre,M,2023-04-07,2023-08-15,4,199.0,127.0,True,PESOS POTROS 2023.xlsx
Viuda Alegre,M,2023-04-07,2023-09-15,5,233.0,130.0,True,PESOS POTROS 2023.xlsx
Viuda Alegre,M,2023-04-07,2023-10-15,6,239.0,133.0,True,PESOS POTROS 2023.xlsx
Viuda Alegre,M,2023-04-07,2023-11-15,7,260.0,134.0,True,PESOS POTROS 2023.xlsx
Viuda Alegre,M,2023-04-07,2023-12-15,8,263.0,136.0,True,PESOS POTROS 2023.xlsx
Viuda Alegre,M,2023-04-07,2024-01-15,9,285.0,138.0,True,PESOS POTROS 2023.xlsx
Viuda Alegre,M,2023-04-07,2024-02-15,10,300.0,140.0,True,PESOS POTROS 2023.xlsx
Viuda Alegre,M,2023-04-07,2024-03-15,11,315.0,143.0,True,PESOS POTROS 2023.xlsx
Viuda Alegre,M,2023-04-07,2024-04-15,12,331.0,144.0,True,PESOS POTROS 2023.xlsx
Viuda Alegre,M,2023-04-07,2024-05-15,13,346.0,147.0,True,PESOS POTROS 2023.xlsx
Viuda Alegre,M,2023-04-07,2024-06-15,14,361.0,148.0,True,PESOS POTROS 2023.xlsx
Viuda Alegre,M,2023-04-07,2024-07-15,15,374.0,149.0,True,PESOS POTROS 2023.xlsx
Viuda Alegre,M,2023-04-07,2024-08-15,16,393.0,150.0,True,PESOS POTROS 2023.xlsx
Viuda Alegre,M,2023-04-07,2024-09-15,17,415.0,150.0,True,PESOS POTROS 2023.xlsx
Viuda Alegre,M,2023-04-07,2024-10-15,18,408.0,152.0,True,PESOS POTROS 2023.xlsx
Viuda Alegre,M,2023-04-07,2024-11-15,19,421.0,154.0,True,PESOS POTROS 2023.xlsx
Dragonberry,H,2024-01-26,2024-01-26,0,59.0,,True,PESOS POTROS 2024.xlsx
Dragonberry,H,2024-01-26,2024-02-15,1,97.0,107.0,True,PESOS POTROS 2024.xlsx
Dragonberry,H,2024-01-26,2024-03-15,2,118.0,114.0,True,PESOS POTROS 2024.xlsx
Dragonberry,H,2024-01-26,2024-04-15,3,151.0,121.0,True,PESOS POTROS 2024.xlsx
Dragonberry,H,2024-01-26,2024-05-15,4,189.0,125.0,True,PESOS POTROS 2024.xlsx
Dragonberry,H,2024-01-26,2024-06-15,5,228.0,131.0,True,PESOS POTROS 2024.xlsx
Dragonberry,H,2024-01-26,2024-07-15,6,250.0,134.0,True,PESOS POTROS 2024.xlsx
Dragonberry,H,2024-01-26,2024-08-15,7,265.0,135.0,True,PESOS POTROS 2024.xlsx
Dragonberry,H,2024-01-26,2024-09-15,8,291.0,138.0,True,PESOS POTROS 2024.xlsx
Dragonberry,H,2024-01-26,2024-10-15,9,312.0,140.0,True,PESOS POTROS 2024.xlsx
Dragonberry,H,2024-01-26,2024-11-15,10,325.0,142.0,True,PESOS POTROS 2024.xlsx
Dragonberry,H,2024-01-26,2024-12-15,11,341.0,143.0,True,PESOS POTROS 2024.xlsx
Dragonberry,H,2024-01-26,2025-01-15,12,340.0,145.0,True,PESOS POTROS 2024.xlsx
Dragonberry,H,2024-01-26,2025-02-15,13,346.0,147.0,True,PESOS POTROS 2024.xlsx
Dragonberry,H,2024-01-26,2025-03-15,14,370.0,147.0,True,PESOS POTROS 2024.xlsx
Dragonberry,H,2024-01-26,2025-04-15,15,383.0,148.0,True,PESOS POTROS 2024.xlsx
Dragonberry,H,2024-01-26,2025-05-15,16,405.0,150.0,True,PESOS POTROS 2024.xlsx
Dragonberry,H,2024-01-26,2025-06-15,17,415.0,152.0,True,PESOS POTROS 2024.xlsx
Dragonberry,H,2024-01-26,2025-07-15,18,432.0,152.0,True,PESOS POTROS 2024.xlsx
Dragonberry,H,2024-01-26,2025-08-15,19,449.0,153.0,True,PESOS POTROS 2024.xlsx
Dragonberry,H,2024-01-26,2025-09-15,20,463.0,154.0,True,PESOS POTROS 2024.xlsx
Dragonberry,H,2024-01-26,2025-10-15,21,453.0,154.0,True,PESOS POTROS 2024.xlsx
Dragonberry,H,2024-01-26,2025-11-15,22,462.0,156.0,True,PESOS POTROS 2024.xlsx
Estampida,H,2024-04-21,2024-04-21,0,60.0,,True,PESOS POTROS 2024.xlsx
Estampida,H,2024-04-21,2024-05-15,1,96.0,112.0,True,PESOS POTROS 2024.xlsx
Estampida,H,2024-04-21,2024-06-15,2,116.0,118.0,True,PESOS POTROS 2024.xlsx
Estampida,H,2024-04-21,2024-07-15,3,133.0,122.0,True,PESOS POTROS 2024.xlsx
Estampida,H,2024-04-21,2024-08-15,4,167.0,126.0,True,PESOS POTROS 2024.xlsx
Estampida,H,2024-04-21,2024-09-15,5,198.0,130.0,True,PESOS POTROS 2024.xlsx
Estampida,H,2024-04-21,2024-10-15,6,217.0,132.0,True,PESOS POTROS 2024.xlsx
Estampida,H,2024-04-21,2024-11-15,7,236.0,134.0,True,PESOS POTROS 2024.xlsx
Estampida,H,2024-04-21,2024-12-15,8,252.0,136.0,True,PESOS POTROS 2024.xlsx
Estampida,H,2024-04-21,2025-01-15,9,260.0,138.0,True,PESOS POTROS 2024.xlsx
Estampida,H,2024-04-21,2025-02-15,10,280.0,141.0,True,PESOS POTROS 2024.xlsx
Estampida,H,2024-04-21,2025-03-15,11,282.0,142.0,True,PESOS POTROS 2024.xlsx
Estampida,H,2024-04-21,2025-04-15,12,305.0,144.0,True,PESOS POTROS 2024.xlsx
Estampida,H,2024-04-21,2025-05-15,13,333.0,146.0,True,PESOS POTROS 2024.xlsx
Estampida,H,2024-04-21,2025-06-15,14,357.0,148.0,True,PESOS POTROS 2024.xlsx
Estampida,H,2024-04-21,2025-07-15,15,377.0,149.0,True,PESOS POTROS 2024.xlsx
Estampida,H,2024-04-21,2025-08-15,16,396.0,150.0,True,PESOS POTROS 2024.xlsx
Estampida,H,2024-04-21,2025-09-15,17,409.0,151.0,True,PESOS POTROS 2024.xlsx
Estampida,H,2024-04-21,2025-10-15,18,411.0,151.0,True,PESOS POTROS 2024.xlsx
Estampida,H,2024-04-21,2025-11-15,19,415.0,154.0,True,PESOS POTROS 2024.xlsx
Giovannina,H,2024-01-22,2024-01-22,0,59.0,,True,PESOS POTROS 2024.xlsx
Giovannina,H,2024-01-22,2024-02-15,1,107.0,114.0,True,PESOS POTROS 2024.xlsx
Giovannina,H,2024-01-22,2024-03-15,2,141.0,120.0,True,PESOS POTROS 2024.xlsx
Giovannina,H,2024-01-22,2024-04-15,3,185.0,129.0,True,PESOS POTROS 2024.xlsx
Giovannina,H,2024-01-22,2024-05-15,4,219.0,131.0,True,PESOS POTROS 2024.xlsx
Giovannina,H,2024-01-22,2024-06-15,5,245.0,135.0,True,PESOS POTROS 2024.xlsx
Giovannina,H,2024-01-22,2024-07-15,6,262.0,138.0,True,PESOS POTROS 2024.xlsx
Giovannina,H,2024-01-22,2024-08-15,7,285.0,139.0,True,PESOS POTROS 2024.xlsx
Giovannina,H,2024-01-22,2024-09-15,8,308.0,142.0,True,PESOS POTROS 2024.xlsx
Giovannina,H,2024-01-22,2024-10-15,9,328.0,143.0,True,PESOS POTROS 2024.xlsx
Giovannina,H,2024-01-22,2024-11-15,10,345.0,146.0,True,PESOS POTROS 2024.xlsx
Giovannina,H,2024-01-22,2024-12-15,11,351.0,146.0,True,PESOS POTROS 2024.xlsx
Giovannina,H,2024-01-22,2025-01-15,12,352.0,147.0,True,PESOS POTROS 2024.xlsx
Giovannina,H,2024-01-22,2025-02-15,13,359.0,149.0,True,PESOS POTROS 2024.xlsx
Giovannina,H,2024-01-22,2025-03-15,14,382.0,150.0,True,PESOS POTROS 2024.xlsx
Giovannina,H,2024-01-22,2025-04-15,15,383.0,151.0,True,PESOS POTROS 2024.xlsx
Giovannina,H,2024-01-22,2025-05-15,16,383.0,151.0,True,PESOS POTROS 2024.xlsx
Giovannina,H,2024-01-22,2025-06-15,17,424.0,153.0,True,PESOS POTROS 2024.xlsx
Giovannina,H,2024-01-22,2025-07-15,18,455.0,153.0,True,PESOS POTROS 2024.xlsx
Giovannina,H,2024-01-22,2025-08-15,19,466.0,154.0,True,PESOS POTROS 2024.xlsx
Giovannina,H,2024-01-22,2025-09-15,20,486.0,155.0,True,PESOS POTROS 2024.xlsx
Giovannina,H,2024-01-22,2025-10-15,21,482.0,156.0,True,PESOS POTROS 2024.xlsx
Giovannina,H,2024-01-22,2025-11-15,22,480.0,157.0,True,PESOS POTROS 2024.xlsx
Hanka,H,2024-03-14,2024-03-14,0,52.0,,True,PESOS POTROS 2024.xlsx
Hanka,H,2024-03-14,2024-04-15,1,98.0,110.0,True,PESOS POTROS 2024.xlsx
Hanka,H,2024-03-14,2024-05-15,2,134.0,116.0,True,PESOS POTROS 2024.xlsx
Hanka,H,2024-03-14,2024-06-15,3,175.0,122.0,True,PESOS POTROS 2024.xlsx
Hanka,H,2024-03-14,2024-07-15,4,206.0,126.0,True,PESOS POTROS 2024.xlsx
Hanka,H,2024-03-14,2024-08-15,5,238.0,129.0,True,PESOS POTROS 2024.xlsx
Hanka,H,2024-03-14,2024-09-15,6,245.0,131.0,True,PESOS POTROS 2024.xlsx
Hanka,H,2024-03-14,2024-10-15,7,278.0,135.0,True,PESOS POTROS 2024.xlsx
Hanka,H,2024-03-14,2024-11-15,8,302.0,136.0,True,PESOS POTROS 2024.xlsx
Hanka,H,2024-03-14,2024-12-15,9,312.0,138.0,True,PESOS POTROS 2024.xlsx
Hanka,H,2024-03-14,2025-01-15,10,305.0,140.0,True,PESOS POTROS 2024.xlsx
Hanka,H,2024-03-14,2025-02-15,11,330.0,141.0,True,PESOS POTROS 2024.xlsx
Hanka,H,2024-03-14,2025-03-15,12,322.0,143.0,True,PESOS POTROS 2024.xlsx
Hanka,H,2024-03-14,2025-04-15,13,335.0,144.0,True,PESOS POTROS 2024.xlsx
Hanka,H,2024-03-14,2025-05-15,14,354.0,146.0,True,PESOS POTROS 2024.xlsx
Hanka,H,2024-03-14,2025-06-15,15,381.0,147.0,True,PESOS POTROS 2024.xlsx
Hanka,H,2024-03-14,2025-07-15,16,406.0,148.0,True,PESOS POTROS 2024.xlsx
Hanka,H,2024-03-14,2025-08-15,17,417.0,149.0,True,PESOS POTROS 2024.xlsx
Hanka,H,2024-03-14,2025-09-15,18,438.0,150.0,True,PESOS POTROS 2024.xlsx
Hanka,H,2024-03-14,2025-10-15,19,445.0,150.0,True,PESOS POTROS 2024.xlsx
Hanka,H,2024-03-14,2025-11-15,20,449.0,153.0,True,PESOS POTROS 2024.xlsx
Life Again,H,2024-01-09,2024-01-09,0,49.0,,True,PESOS POTROS 2024.xlsx
Life Again,H,2024-01-09,2024-02-15,1,98.0,111.0,True,PESOS POTROS 2024.xlsx
Life Again,H,2024-01-09,2024-03-15,2,126.0,117.0,True,PESOS POTROS 2024.xlsx
Life Again,H,2024-01-09,2024-04-15,3,149.0,124.0,True,PESOS POTROS 2024.xlsx
Life Again,H,2024-01-09,2024-05-15,4,177.0,127.0,True,PESOS POTROS 2024.xlsx
Life Again,H,2024-01-09,2024-06-15,5,210.0,131.0,True,PESOS POTROS 2024.xlsx
Life Again,H,2024-01-09,2024-07-15,6,228.0,133.0,True,PESOS POTROS 2024.xlsx
Life Again,H,2024-01-09,2024-08-15,7,254.0,135.0,True,PESOS POTROS 2024.xlsx
Life Again,H,2024-01-09,2024-09-15,8,275.0,137.0,True,PESOS POTROS 2024.xlsx
Life Again,H,2024-01-09,2024-10-15,9,300.0,139.0,True,PESOS POTROS 2024.xlsx
Life Again,H,2024-01-09,2024-11-15,10,313.0,141.0,True,PESOS POTROS 2024.xlsx
Life Again,H,2024-01-09,2024-12-15,11,324.0,142.0,True,PESOS POTROS 2024.xlsx
Life Again,H,2024-01-09,2025-01-15,12,325.0,143.0,True,PESOS POTROS 2024.xlsx
Life Again,H,2024-01-09,2025-02-15,13,325.0,145.0,True,PESOS POTROS 2024.xlsx
Life Again,H,2024-01-09,2025-03-15,14,341.0,145.0,True,PESOS POTROS 2024.xlsx
Life Again,H,2024-01-09,2025-04-15,15,354.0,147.0,True,PESOS POTROS 2024.xlsx
Life Again,H,2024-01-09,2025-05-15,16,374.0,148.0,True,PESOS POTROS 2024.xlsx
Life Again,H,2024-01-09,2025-06-15,17,394.0,150.0,True,PESOS POTROS 2024.xlsx
Life Again,H,2024-01-09,2025-07-15,18,410.0,150.0,True,PESOS POTROS 2024.xlsx
Life Again,H,2024-01-09,2025-08-15,19,431.0,151.0,True,PESOS POTROS 2024.xlsx
Life Again,H,2024-01-09,2025-09-15,20,446.0,151.0,True,PESOS POTROS 2024.xlsx
Life Again,H,2024-01-09,2025-10-15,21,438.0,152.0,True,PESOS POTROS 2024.xlsx
Life Again,H,2024-01-09,2025-11-15,22,443.0,153.0,True,PESOS POTROS 2024.xlsx
Mi Pebeta,H,2024-04-04,2024-04-04,0,48.0,,True,PESOS POTROS 2024.xlsx
Mi Pebeta,H,2024-04-04,2024-05-15,1,99.0,109.0,True,PESOS POTROS 2024.xlsx
Mi Pebeta,H,2024-04-04,2024-06-15,2,134.0,115.0,True,PESOS POTROS 2024.xlsx
Mi Pebeta,H,2024-04-04,2024-07-15,3,166.0,120.0,True,PESOS POTROS 2024.xlsx
Mi Pebeta,H,2024-04-04,2024-08-15,4,195.0,124.0,True,PESOS POTROS 2024.xlsx
Mi Pebeta,H,2024-04-04,2024-09-15,5,216.0,127.0,True,PESOS POTROS 2024.xlsx
Mi Pebeta,H,2024-04-04,2024-10-15,6,213.0,128.0,True,PESOS POTROS 2024.xlsx
Mi Pebeta,H,2024-04-04,2024-11-15,7,242.0,130.0,True,PESOS POTROS 2024.xlsx
Mi Pebeta,H,2024-04-04,2024-12-15,8,258.0,131.0,True,PESOS POTROS 2024.xlsx
Mi Pebeta,H,2024-04-04,2025-01-15,9,265.0,133.0,True,PESOS POTROS 2024.xlsx
Mi Pebeta,H,2024-04-04,2025-02-15,10,291.0,135.0,True,PESOS POTROS 2024.xlsx
Mi Pebeta,H,2024-04-04,2025-03-15,11,302.0,137.0,True,PESOS POTROS 2024.xlsx
Mi Pebeta,H,2024-04-04,2025-04-15,12,320.0,139.0,True,PESOS POTROS 2024.xlsx
Mi Pebeta,H,2024-04-04,2025-05-15,13,342.0,142.0,True,PESOS POTROS 2024.xlsx
Mi Pebeta,H,2024-04-04,2025-06-15,14,360.0,143.0,True,PESOS POTROS 2024.xlsx
Mi Pebeta,H,2024-04-04,2025-07-15,15,385.0,144.0,True,PESOS POTROS 2024.xlsx
Mi Pebeta,H,2024-04-04,2025-08-15,16,394.0,145.0,True,PESOS POTROS 2024.xlsx
Mi Pebeta,H,2024-04-04,2025-09-15,17,415.0,147.0,True,PESOS POTROS 2024.xlsx
Mi Pebeta,H,2024-04-04,2025-10-15,18,417.0,148.0,True,PESOS POTROS 2024.xlsx
Mi Pebeta,H,2024-04-04,2025-11-15,19,426.0,150.0,True,PESOS POTROS 2024.xlsx
Sevillana Again,H,2024-04-19,2024-04-19,0,52.0,,True,PESOS POTROS 2024.xlsx
Sevillana Again,H,2024-04-19,2024-05-15,1,89.0,112.0,True,PESOS POTROS 2024.xlsx
Sevillana Again,H,2024-04-19,2024-06-15,2,123.0,117.0,True,PESOS POTROS 2024.xlsx
Sevillana Again,H,2024-04-19,2024-07-15,3,157.0,122.0,True,PESOS POTROS 2024.xlsx
Sevillana Again,H,2024-04-19,2024-08-15,4,186.0,127.0,True,PESOS POTROS 2024.xlsx
Sevillana Again,H,2024-04-19,2024-09-15,5,201.0,130.0,True,PESOS POTROS 2024.xlsx
Sevillana Again,H,2024-04-19,2024-10-15,6,208.0,133.0,True,PESOS POTROS 2024.xlsx
Sevillana Again,H,2024-04-19,2024-11-15,7,234.0,135.0,True,PESOS POTROS 2024.xlsx
Sevillana Again,H,2024-04-19,2024-12-15,8,251.0,135.0,True,PESOS POTROS 2024.xlsx
Sevillana Again,H,2024-04-19,2025-01-15,9,262.0,137.0,True,PESOS POTROS 2024.xlsx
Sevillana Again,H,2024-04-19,2025-02-15,10,285.0,139.0,True,PESOS POTROS 2024.xlsx
Sevillana Again,H,2024-04-19,2025-03-15,11,293.0,141.0,True,PESOS POTROS 2024.xlsx
Sevillana Again,H,2024-04-19,2025-04-15,12,307.0,142.0,True,PESOS POTROS 2024.xlsx
Sevillana Again,H,2024-04-19,2025-05-15,13,330.0,145.0,True,PESOS POTROS 2024.xlsx
Sevillana Again,H,2024-04-19,2025-06-15,14,346.0,146.0,True,PESOS POTROS 2024.xlsx
Sevillana Again,H,2024-04-19,2025-07-15,15,367.0,147.0,True,PESOS POTROS 2024.xlsx
Sevillana Again,H,2024-04-19,2025-08-15,16,382.0,147.0,True,PESOS POTROS 2024.xlsx
Sevillana Again,H,2024-04-19,2025-09-15,17,393.0,149.0,True,PESOS POTROS 2024.xlsx
Sevillana Again,H,2024-04-19,2025-10-15,18,388.0,150.0,True,PESOS POTROS 2024.xlsx
Sevillana Again,H,2024-04-19,2025-11-15,19,396.0,152.0,True,PESOS POTROS 2024.xlsx
Viuda Alegre,H,2024-03-31,2024-03-31,0,61.0,,True,PESOS POTROS 2024.xlsx
Viuda Alegre,H,2024-03-31,2024-05-15,1,119.0,114.0,True,PESOS POTROS 2024.xlsx
Viuda Alegre,H,2024-03-31,2024-06-15,2,159.0,121.0,True,PESOS POTROS 2024.xlsx
Viuda Alegre,H,2024-03-31,2024-07-15,3,191.0,125.0,True,PESOS POTROS 2024.xlsx
Viuda Alegre,H,2024-03-31,2024-08-15,4,223.0,128.0,True,PESOS POTROS 2024.xlsx
Viuda Alegre,H,2024-03-31,2024-09-15,5,235.0,130.0,True,PESOS POTROS 2024.xlsx
Viuda Alegre,H,2024-03-31,2024-10-15,6,240.0,132.0,True,PESOS POTROS 2024.xlsx
Viuda Alegre,H,2024-03-31,2024-11-15,7,272.0,133.0,True,PESOS POTROS 2024.xlsx
Viuda Alegre,H,2024-03-31,2024-12-15,8,281.0,135.0,True,PESOS POTROS 2024.xlsx
Viuda Alegre,H,2024-03-31,2025-01-15,9,288.0,137.0,True,PESOS POTROS 2024.xlsx
Viuda Alegre,H,2024-03-31,2025-02-15,10,300.0,139.0,True,PESOS POTROS 2024.xlsx
Viuda Alegre,H,2024-03-31,2025-03-15,11,309.0,139.0,True,PESOS POTROS 2024.xlsx
Viuda Alegre,H,2024-03-31,2025-04-15,12,339.0,140.0,True,PESOS POTROS 2024.xlsx
Viuda Alegre,H,2024-03-31,2025-05-15,13,361.0,141.0,True,PESOS POTROS 2024.xlsx
Viuda Alegre,H,2024-03-31,2025-06-15,14,387.0,144.0,True,PESOS POTROS 2024.xlsx
Viuda Alegre,H,2024-03-31,2025-07-15,15,405.0,145.0,True,PESOS POTROS 2024.xlsx
Bellota,M,2024-04-15,2024-04-15,0,72.0,,True,PESOS POTROS 2024.xlsx
Bellota,M,2024-04-15,2024-05-15,1,119.0,116.0,True,PESOS POTROS 2024.xlsx
Bellota,M,2024-04-15,2024-06-15,2,157.0,121.0,True,PESOS POTROS 2024.xlsx
Bellota,M,2024-04-15,2024-07-15,3,193.0,128.0,True,PESOS POTROS 2024.xlsx
Bellota,M,2024-04-15,2024-08-15,4,228.0,132.0,True,PESOS POTROS 2024.xlsx
Bellota,M,2024-04-15,2024-09-15,5,260.0,134.0,True,PESOS POTROS 2024.xlsx
Bellota,M,2024-04-15,2024-10-15,6,265.0,138.0,True,PESOS POTROS 2024.xlsx
Bellota,M,2024-04-15,2024-11-15,7,292.0,139.0,True,PESOS POTROS 2024.xlsx
Bellota,M,2024-04-15,2024-12-15,8,312.0,141.0,True,PESOS POTROS 2024.xlsx
Bellota,M,2024-04-15,2025-01-15,9,321.0,142.0,True,PESOS POTROS 2024.xlsx
Bellota,M,2024-04-15,2025-02-15,10,331.0,144.0,True,PESOS POTROS 2024.xlsx
Bellota,M,2024-04-15,2025-03-15,11,342.0,146.0,True,PESOS POTROS 2024.xlsx
Bellota,M,2024-04-15,2025-04-15,12,363.0,148.0,True,PESOS POTROS 2024.xlsx
Bellota,M,2024-04-15,2025-05-15,13,382.0,149.0,True,PESOS POTROS 2024.xlsx
Bellota,M,2024-04-15,2025-06-15,14,414.0,151.0,True,PESOS POTROS 2024.xlsx
Bellota,M,2024-04-15,2025-07-15,15,449.0,152.0,True,PESOS POTROS 2024.xlsx
Bellota,M,2024-04-15,2025-08-15,16,471.0,153.0,True,PESOS POTROS 2024.xlsx
Bellota,M,2024-04-15,2025-09-15,17,489.0,154.0,True,PESOS POTROS 2024.xlsx
Bellota,M,2024-04-15,2025-10-15,18,496.0,155.0,True,PESOS POTROS 2024.xlsx
Bellota,M,2024-04-15,2025-11-15,19,507.0,156.0,True,PESOS POTROS 2024.xlsx
Cantata,M,2024-03-24,2024-03-24,0,56.0,,True,PESOS POTROS 2024.xlsx
Cantata,M,2024-03-24,2024-04-15,1,92.0,108.0,True,PESOS POTROS 2024.xlsx
Cantata,M,2024-03-24,2024-05-15,2,132.0,118.0,True,PESOS POTROS 2024.xlsx
Cantata,M,2024-03-24,2024-06-15,3,167.0,124.0,True,PESOS POTROS 2024.xlsx
Cantata,M,2024-03-24,2024-07-15,4,196.0,128.0,True,PESOS POTROS 2024.xlsx
Cantata,M,2024-03-24,2024-08-15,5,231.0,131.0,True,PESOS POTROS 2024.xlsx
Cantata,M,2024-03-24,2024-09-15,6,241.0,135.0,True,PESOS POTROS 2024.xlsx
Cantata,M,2024-03-24,2024-10-15,7,271.0,137.0,True,PESOS POTROS 2024.xlsx
Cantata,M,2024-03-24,2024-11-15,8,291.0,137.0,True,PESOS POTROS 2024.xlsx
Cantata,M,2024-03-24,2024-12-15,9,302.0,138.0,True,PESOS POTROS 2024.xlsx
Cantata,M,2024-03-24,2025-01-15,10,315.0,140.0,True,PESOS POTROS 2024.xlsx
Cantata,M,2024-03-24,2025-02-15,11,332.0,142.0,True,PESOS POTROS 2024.xlsx
Cantata,M,2024-03-24,2025-03-15,12,345.0,144.0,True,PESOS POTROS 2024.xlsx
Cantata,M,2024-03-24,2025-04-15,13,367.0,146.0,True,PESOS POTROS 2024.xlsx
Cantata,M,2024-03-24,2025-05-15,14,381.0,148.0,True,PESOS POTROS 2024.xlsx
Cantata,M,2024-03-24,2025-06-15,15,405.0,150.0,True,PESOS POTROS 2024.xlsx
Cantata,M,2024-03-24,2025-07-15,16,436.0,150.0,True,PESOS POTROS 2024.xlsx
Cantata,M,2024-03-24,2025-08-15,17,452.0,152.0,True,PESOS POTROS 2024.xlsx
Cantata,M,2024-03-24,2025-09-15,18,473.0,155.0,True,PESOS POTROS 2024.xlsx
Cantata,M,2024-03-24,2025-10-15,19,469.0,155.0,True,PESOS POTROS 2024.xlsx
Cantata,M,2024-03-24,2025-11-15,20,483.0,155.0,True,PESOS POTROS 2024.xlsx
Daisy,M,2024-01-09,2024-01-09,0,61.0,,True,PESOS POTROS 2024.xlsx
Daisy,M,2024-01-09,2024-02-15,1,109.0,111.0,True,PESOS POTROS 2024.xlsx
Daisy,M,2024-01-09,2024-03-15,2,147.0,121.0,True,PESOS POTROS 2024.xlsx
Daisy,M,2024-01-09,2024-04-15,3,179.0,127.0,True,PESOS POTROS 2024.xlsx
Daisy,M,2024-01-09,2024-05-15,4,207.0,130.0,True,PESOS POTROS 2024.xlsx
Daisy,M,2024-01-09,2024-06-15,5,236.0,134.0,True,PESOS POTROS 2024.xlsx
Daisy,M,2024-01-09,2024-07-15,6,262.0,135.0,True,PESOS POTROS 2024.xlsx
Daisy,M,2024-01-09,2024-08-15,7,285.0,138.0,True,PESOS POTROS 2024.xlsx
Daisy,M,2024-01-09,2024-09-15,8,307.0,140.0,True,PESOS POTROS 2024.xlsx
Daisy,M,2024-01-09,2024-10-15,9,326.0,142.0,True,PESOS POTROS 2024.xlsx
Daisy,M,2024-01-09,2024-11-15,10,345.0,144.0,True,PESOS POTROS 2024.xlsx
Daisy,M,2024-01-09,2024-12-15,11,353.0,144.0,True,PESOS POTROS 2024.xlsx
Daisy,M,2024-01-09,2025-01-15,12,356.0,147.0,True,PESOS POTROS 2024.xlsx
Daisy,M,2024-01-09,2025-02-15,13,361.0,148.0,True,PESOS POTROS 2024.xlsx
Daisy,M,2024-01-09,2025-03-15,14,365.0,148.0,True,PESOS POTROS 2024.xlsx
Daisy,M,2024-01-09,2025-04-15,15,383.0,151.0,True,PESOS POTROS 2024.xlsx
Daisy,M,2024-01-09,2025-05-15,16,400.0,152.0,True,PESOS POTROS 2024.xlsx
Daisy,M,2024-01-09,2025-06-15,17,418.0,152.0,True,PESOS POTROS 2024.xlsx
Daisy,M,2024-01-09,2025-07-15,18,452.0,153.0,True,PESOS POTROS 2024.xlsx
Daisy,M,2024-01-09,2025-08-15,19,464.0,153.0,True,PESOS POTROS 2024.xlsx
Daisy,M,2024-01-09,2025-09-15,20,478.0,155.0,True,PESOS POTROS 2024.xlsx
Daisy,M,2024-01-09,2025-10-15,21,483.0,157.0,True,PESOS POTROS 2024.xlsx
Daisy,M,2024-01-09,2025-11-15,22,484.0,159.0,True,PESOS POTROS 2024.xlsx
Feris,M,2024-04-04,2024-04-04,0,62.0,,True,PESOS POTROS 2024.xlsx
Feris,M,2024-04-04,2024-05-15,1,109.0,119.0,True,PESOS POTROS 2024.xlsx
Feris,M,2024-04-04,2024-06-15,2,150.0,125.0,True,PESOS POTROS 2024.xlsx
Feris,M,2024-04-04,2024-07-15,3,177.0,129.0,True,PESOS POTROS 2024.xlsx
Feris,M,2024-04-04,2024-08-15,4,218.0,133.0,True,PESOS POTROS 2024.xlsx
Feris,M,2024-04-04,2024-09-15,5,233.0,137.0,True,PESOS POTROS 2024.xlsx
Feris,M,2024-04-04,2024-10-15,6,256.0,138.0,True,PESOS POTROS 2024.xlsx
Feris,M,2024-04-04,2024-11-15,7,281.0,140.0,True,PESOS POTROS 2024.xlsx
Feris,M,2024-04-04,2024-12-15,8,292.0,142.0,True,PESOS POTROS 2024.xlsx
Feris,M,2024-04-04,2025-01-15,9,306.0,144.0,True,PESOS POTROS 2024.xlsx
Feris,M,2024-04-04,2025-02-15,10,322.0,147.0,True,PESOS POTROS 2024.xlsx
Feris,M,2024-04-04,2025-03-15,11,342.0,149.0,True,PESOS POTROS 2024.xlsx
Feris,M,2024-04-04,2025-04-15,12,364.0,151.0,True,PESOS POTROS 2024.xlsx
Feris,M,2024-04-04,2025-05-15,13,388.0,153.0,True,PESOS POTROS 2024.xlsx
Feris,M,2024-04-04,2025-06-15,14,418.0,154.0,True,PESOS POTROS 2024.xlsx
Feris,M,2024-04-04,2025-07-15,15,451.0,155.0,True,PESOS POTROS 2024.xlsx
Feris,M,2024-04-04,2025-08-15,16,469.0,157.0,True,PESOS POTROS 2024.xlsx
Feris,M,2024-04-04,2025-09-15,17,495.0,160.0,True,PESOS POTROS 2024.xlsx
Feris,M,2024-04-04,2025-10-15,18,482.0,160.0,True,PESOS POTROS 2024.xlsx
Feris,M,2024-04-04,2025-11-15,19,494.0,162.0,True,PESOS POTROS 2024.xlsx
Fofi,M,2024-04-08,2024-04-08,0,68.0,,True,PESOS POTROS 2024.xlsx
Fofi,M,2024-04-08,2024-05-15,1,108.0,115.0,True,PESOS POTROS 2024.xlsx
Fofi,M,2024-04-08,2024-06-15,2,143.0,121.0,True,PESOS POTROS 2024.xlsx
Fofi,M,2024-04-08,2024-07-15,3,180.0,125.0,True,PESOS POTROS 2024.xlsx
Fofi,M,2024-04-08,2024-08-15,4,216.0,129.0,True,PESOS POTROS 2024.xlsx
Fofi,M,2024-04-08,2024-09-15,5,246.0,133.0,True,PESOS POTROS 2024.xlsx
Fofi,M,2024-04-08,2024-10-15,6,251.0,135.0,True,PESOS POTROS 2024.xlsx
Fofi,M,2024-04-08,2024-11-15,7,278.0,138.0,True,PESOS POTROS 2024.xlsx
Fofi,M,2024-04-08,2024-12-15,8,291.0,138.0,True,PESOS POTROS 2024.xlsx
Fofi,M,2024-04-08,2025-01-15,9,298.0,140.0,True,PESOS POTROS 2024.xlsx
Fofi,M,2024-04-08,2025-02-15,10,306.0,142.0,True,PESOS POTROS 2024.xlsx
Fofi,M,2024-04-08,2025-03-15,11,315.0,143.0,True,PESOS POTROS 2024.xlsx
Fofi,M,2024-04-08,2025-04-15,12,342.0,147.0,True,PESOS POTROS 2024.xlsx
Fofi,M,2024-04-08,2025-05-15,13,364.0,148.0,True,PESOS POTROS 2024.xlsx
Fofi,M,2024-04-08,2025-06-15,14,387.0,149.0,True,PESOS POTROS 2024.xlsx
Fofi,M,2024-04-08,2025-07-15,15,413.0,150.0,True,PESOS POTROS 2024.xlsx
Fofi,M,2024-04-08,2025-08-15,16,433.0,151.0,True,PESOS POTROS 2024.xlsx
Fofi,M,2024-04-08,2025-09-15,17,452.0,154.0,True,PESOS POTROS 2024.xlsx
Fofi,M,2024-04-08,2025-10-15,18,468.0,154.0,True,PESOS POTROS 2024.xlsx
Fofi,M,2024-04-08,2025-11-15,19,476.0,155.0,True,PESOS POTROS 2024.xlsx
Game Face,M,2024-02-21,2024-02-21,0,60.0,,True,PESOS POTROS 2024.xlsx
Game Face,M,2024-02-21,2024-03-15,1,93.0,110.0,True,PESOS POTROS 2024.xlsx
Game Face,M,2024-02-21,2024-04-15,2,122.0,119.0,True,PESOS POTROS 2024.xlsx
Game Face,M,2024-02-21,2024-05-15,3,153.0,122.0,True,PESOS POTROS 2024.xlsx
Game Face,M,2024-02-21,2024-06-15,4,190.0,128.0,True,PESOS POTROS 2024.xlsx
Game Face,M,2024-02-21,2024-07-15,5,221.0,131.0,True,PESOS POTROS 2024.xlsx
Game Face,M,2024-02-21,2024-08-15,6,242.0,132.0,True,PESOS POTROS 2024.xlsx
Game Face,M,2024-02-21,2024-09-15,7,262.0,134.0,True,PESOS POTROS 2024.xlsx
Game Face,M,2024-02-21,2024-10-15,8,269.0,138.0,True,PESOS POTROS 2024.xlsx
Game Face,M,2024-02-21,2024-11-15,9,305.0,139.0,True,PESOS POTROS 2024.xlsx
Game Face,M,2024-02-21,2024-12-15,10,318.0,140.0,True,PESOS POTROS 2024.xlsx
Game Face,M,2024-02-21,2025-01-15,11,321.0,141.0,True,PESOS POTROS 2024.xlsx
Game Face,M,2024-02-21,2025-02-15,12,314.0,143.0,True,PESOS POTROS 2024.xlsx
Game Face,M,2024-02-21,2025-03-15,13,320.0,143.0,True,PESOS POTROS 2024.xlsx
Game Face,M,2024-02-21,2025-04-15,14,348.0,145.0,True,PESOS POTROS 2024.xlsx
Game Face,M,2024-02-21,2025-05-15,15,367.0,148.0,True,PESOS POTROS 2024.xlsx
Game Face,M,2024-02-21,2025-06-15,16,398.0,148.0,True,PESOS POTROS 2024.xlsx
Game Face,M,2024-02-21,2025-07-15,17,424.0,149.0,True,PESOS POTROS 2024.xlsx
Game Face,M,2024-02-21,2025-08-15,18,408.0,150.0,True,PESOS POTROS 2024.xlsx
Game Face,M,2024-02-21,2025-09-15,19,447.0,151.0,True,PESOS POTROS 2024.xlsx
Game Face,M,2024-02-21,2025-10-15,20,460.0,152.0,True,PESOS POTROS 2024.xlsx
Game Face,M,2024-02-21,2025-11-15,21,465.0,154.0,True,PESOS POTROS 2024.xlsx
Ginette,M,2024-01-16,2024-01-16,0,53.0,,True,PESOS POTROS 2024.xlsx
Ginette,M,2024-01-16,2024-02-15,1,92.0,107.0,True,PESOS POTROS 2024.xlsx
Ginette,M,2024-01-16,2024-03-15,2,124.0,116.0,True,PESOS POTROS 2024.xlsx
Ginette,M,2024-01-16,2024-04-15,3,166.0,121.0,True,PESOS POTROS 2024.xlsx
Ginette,M,2024-01-16,2024-05-15,4,198.0,126.0,True,PESOS POTROS 2024.xlsx
Ginette,M,2024-01-16,2024-06-15,5,223.0,130.0,True,PESOS POTROS 2024.xlsx
Ginette,M,2024-01-16,2024-07-15,6,243.0,132.0,True,PESOS POTROS 2024.xlsx
Ginette,M,2024-01-16,2024-08-15,7,272.0,135.0,True,PESOS POTROS 2024.xlsx
Ginette,M,2024-01-16,2024-09-15,8,295.0,137.0,True,PESOS POTROS 2024.xlsx
Ginette,M,2024-01-16,2024-10-15,9,319.0,138.0,True,PESOS POTROS 2024.xlsx
Ginette,M,2024-01-16,2024-11-15,10,337.0,140.0,True,PESOS POTROS 2024.xlsx
Ginette,M,2024-01-16,2024-12-15,11,340.0,140.0,True,PESOS POTROS 2024.xlsx
Ginette,M,2024-01-16,2025-01-15,12,336.0,141.0,True,PESOS POTROS 2024.xlsx
Ginette,M,2024-01-16,2025-02-15,13,357.0,143.0,True,PESOS POTROS 2024.xlsx
Ginette,M,2024-01-16,2025-03-15,14,363.0,144.0,True,PESOS POTROS 2024.xlsx
Ginette,M,2024-01-16,2025-04-15,15,394.0,146.0,True,PESOS POTROS 2024.xlsx
Ginette,M,2024-01-16,2025-05-15,16,399.0,147.0,True,PESOS POTROS 2024.xlsx
Ginette,M,2024-01-16,2025-06-15,17,428.0,148.0,True,PESOS POTROS 2024.xlsx
Ginette,M,2024-01-16,2025-07-15,18,448.0,149.0,True,PESOS POTROS 2024.xlsx
Ginette,M,2024-01-16,2025-08-15,19,461.0,150.0,True,PESOS POTROS 2024.xlsx
Ginette,M,2024-01-16,2025-09-15,20,474.0,150.0,True,PESOS POTROS 2024.xlsx
Ginette,M,2024-01-16,2025-10-15,21,485.0,151.0,True,PESOS POTROS 2024.xlsx
Ginette,M,2024-01-16,2025-11-15,22,487.0,153.0,True,PESOS POTROS 2024.xlsx
Go Dawg,M,2024-03-22,2024-03-22,0,60.0,,True,PESOS POTROS 2024.xlsx
Go Dawg,M,2024-03-22,2024-04-15,1,98.0,112.0,True,PESOS POTROS 2024.xlsx
Go Dawg,M,2024-03-22,2024-05-15,2,134.0,120.0,True,PESOS POTROS 2024.xlsx
Go Dawg,M,2024-03-22,2024-06-15,3,169.0,125.0,True,PESOS POTROS 2024.xlsx
Go Dawg,M,2024-03-22,2024-07-15,4,199.0,130.0,True,PESOS POTROS 2024.xlsx
Go Dawg,M,2024-03-22,2024-08-15,5,229.0,132.0,True,PESOS POTROS 2024.xlsx
Go Dawg,M,2024-03-22,2024-09-15,6,238.0,135.0,True,PESOS POTROS 2024.xlsx
Go Dawg,M,2024-03-22,2024-10-15,7,268.0,137.0,True,PESOS POTROS 2024.xlsx
Go Dawg,M,2024-03-22,2024-11-15,8,281.0,137.0,True,PESOS POTROS 2024.xlsx
Go Dawg,M,2024-03-22,2024-12-15,9,288.0,140.0,True,PESOS POTROS 2024.xlsx
Go Dawg,M,2024-03-22,2025-01-15,10,300.0,141.0,True,PESOS POTROS 2024.xlsx
Go Dawg,M,2024-03-22,2025-02-15,11,316.0,142.0,True,PESOS POTROS 2024.xlsx
Go Dawg,M,2024-03-22,2025-03-15,12,328.0,143.0,True,PESOS POTROS 2024.xlsx
Go Dawg,M,2024-03-22,2025-04-15,13,347.0,145.0,True,PESOS POTROS 2024.xlsx
Go Dawg,M,2024-03-22,2025-05-15,14,361.0,147.0,True,PESOS POTROS 2024.xlsx
Go Dawg,M,2024-03-22,2025-06-15,15,383.0,148.0,True,PESOS POTROS 2024.xlsx
Go Dawg,M,2024-03-22,2025-07-15,16,410.0,149.0,True,PESOS POTROS 2024.xlsx
Go Dawg,M,2024-03-22,2025-08-15,17,423.0,150.0,True,PESOS POTROS 2024.xlsx
Go Dawg,M,2024-03-22,2025-09-15,18,446.0,151.0,True,PESOS POTROS 2024.xlsx
Go Dawg,M,2024-03-22,2025-10-15,19,454.0,152.0,True,PESOS POTROS 2024.xlsx
Go Dawg,M,2024-03-22,2025-11-15,20,455.0,153.0,True,PESOS POTROS 2024.xlsx
Harrods,M,2024-04-03,2024-04-03,0,55.0,,True,PESOS POTROS 2024.xlsx
Harrods,M,2024-04-03,2024-05-15,1,108.0,113.0,True,PESOS POTROS 2024.xlsx
Harrods,M,2024-04-03,2024-06-15,2,147.0,119.0,True,PESOS POTROS 2024.xlsx
Harrods,M,2024-04-03,2024-07-15,3,183.0,124.0,True,PESOS POTROS 2024.xlsx
Harrods,M,2024-04-03,2024-08-15,4,212.0,126.0,True,PESOS POTROS 2024.xlsx
Harrods,M,2024-04-03,2024-09-15,5,242.0,130.0,True,PESOS POTROS 2024.xlsx
Harrods,M,2024-04-03,2024-10-15,6,246.0,132.0,True,PESOS POTROS 2024.xlsx
Harrods,M,2024-04-03,2024-11-15,7,271.0,133.0,True,PESOS POTROS 2024.xlsx
Harrods,M,2024-04-03,2024-12-15,8,280.0,135.0,True,PESOS POTROS 2024.xlsx
Harrods,M,2024-04-03,2025-01-15,9,291.0,137.0,True,PESOS POTROS 2024.xlsx
Harrods,M,2024-04-03,2025-02-15,10,301.0,139.0,True,PESOS POTROS 2024.xlsx
Harrods,M,2024-04-03,2025-03-15,11,303.0,140.0,True,PESOS POTROS 2024.xlsx
Harrods,M,2024-04-03,2025-04-15,12,327.0,142.0,True,PESOS POTROS 2024.xlsx
Harrods,M,2024-04-03,2025-05-15,13,345.0,143.0,True,PESOS POTROS 2024.xlsx
Harrods,M,2024-04-03,2025-06-15,14,347.0,145.0,True,PESOS POTROS 2024.xlsx
Harrods,M,2024-04-03,2025-07-15,15,397.0,145.0,True,PESOS POTROS 2024.xlsx
Harrods,M,2024-04-03,2025-08-15,16,408.0,147.0,True,PESOS POTROS 2024.xlsx
Harrods,M,2024-04-03,2025-09-15,17,428.0,148.0,True,PESOS POTROS 2024.xlsx
Harrods,M,2024-04-03,2025-10-15,18,435.0,150.0,True,PESOS POTROS 2024.xlsx
Harrods,M,2024-04-03,2025-11-15,19,447.0,150.0,True,PESOS POTROS 2024.xlsx
Jalmolonga,M,2024-02-01,2024-02-01,0,54.0,,True,PESOS POTROS 2024.xlsx
Jalmolonga,M,2024-02-01,2024-03-15,1,113.0,112.0,True,PESOS POTROS 2024.xlsx
Jalmolonga,M,2024-02-01,2024-04-15,2,133.0,118.0,True,PESOS POTROS 2024.xlsx
Jalmolonga,M,2024-02-01,2024-05-15,3,168.0,123.0,True,PESOS POTROS 2024.xlsx
Jalmolonga,M,2024-02-01,2024-06-15,4,208.0,127.0,True,PESOS POTROS 2024.xlsx
Jalmolonga,M,2024-02-01,2024-07-15,5,236.0,128.0,True,PESOS POTROS 2024.xlsx
Jalmolonga,M,2024-02-01,2024-08-15,6,250.0,131.0,True,PESOS POTROS 2024.xlsx
Jalmolonga,M,2024-02-01,2024-09-15,7,273.0,133.0,True,PESOS POTROS 2024.xlsx
Jalmolonga,M,2024-02-01,2024-10-15,8,293.0,135.0,True,PESOS POTROS 2024.xlsx
Jalmolonga,M,2024-02-01,2024-11-15,9,315.0,136.0,True,PESOS POTROS 2024.xlsx
Jalmolonga,M,2024-02-01,2024-12-15,10,320.0,138.0,True,PESOS POTROS 2024.xlsx
Jalmolonga,M,2024-02-01,2025-01-15,11,315.0,139.0,True,PESOS POTROS 2024.xlsx
Jalmolonga,M,2024-02-01,2025-02-15,12,327.0,141.0,True,PESOS POTROS 2024.xlsx
Jalmolonga,M,2024-02-01,2025-03-15,13,334.0,142.0,True,PESOS POTROS 2024.xlsx
Jalmolonga,M,2024-02-01,2025-04-15,14,358.0,143.0,True,PESOS POTROS 2024.xlsx
Jalmolonga,M,2024-02-01,2025-05-15,15,369.0,144.0,True,PESOS POTROS 2024.xlsx
Jalmolonga,M,2024-02-01,2025-06-15,16,393.0,145.0,True,PESOS POTROS 2024.xlsx
Jalmolonga,M,2024-02-01,2025-07-15,17,416.0,146.0,True,PESOS POTROS 2024.xlsx
Jalmolonga,M,2024-02-01,2025-08-15,18,431.0,147.0,True,PESOS POTROS 2024.xlsx
Jalmolonga,M,2024-02-01,2025-09-15,19,446.0,148.0,True,PESOS POTROS 2024.xlsx
Jalmolonga,M,2024-02-01,2025-10-15,20,460.0,149.0,True,PESOS POTROS 2024.xlsx
Jalmolonga,M,2024-02-01,2025-11-15,21,458.0,151.0,True,PESOS POTROS 2024.xlsx
Kohunlich,M,2024-03-02,2024-03-02,0,49.0,,True,PESOS POTROS 2024.xlsx
Kohunlich,M,2024-03-02,2024-04-15,1,110.0,112.0,True,PESOS POTROS 2024.xlsx
Kohunlich,M,2024-03-02,2024-05-15,2,140.0,117.0,True,PESOS POTROS 2024.xlsx
Kohunlich,M,2024-03-02,2024-06-15,3,170.0,123.0,True,PESOS POTROS 2024.xlsx
Kohunlich,M,2024-03-02,2024-07-15,4,198.0,126.0,True,PESOS POTROS 2024.xlsx
Kohunlich,M,2024-03-02,2024-08-15,5,221.0,128.0,True,PESOS POTROS 2024.xlsx
Kohunlich,M,2024-03-02,2024-09-15,6,226.0,131.0,True,PESOS POTROS 2024.xlsx
Kohunlich,M,2024-03-02,2024-10-15,7,259.0,132.0,True,PESOS POTROS 2024.xlsx
Kohunlich,M,2024-03-02,2024-11-15,8,268.0,133.0,True,PESOS POTROS 2024.xlsx
Kohunlich,M,2024-03-02,2024-12-15,9,278.0,135.0,True,PESOS POTROS 2024.xlsx
Kohunlich,M,2024-03-02,2025-01-15,10,286.0,137.0,True,PESOS POTROS 2024.xlsx
Kohunlich,M,2024-03-02,2025-02-15,11,297.0,139.0,True,PESOS POTROS 2024.xlsx
Kohunlich,M,2024-03-02,2025-03-15,12,304.0,139.0,True,PESOS POTROS 2024.xlsx
Kohunlich,M,2024-03-02,2025-04-15,13,324.0,141.0,True,PESOS POTROS 2024.xlsx
Kohunlich,M,2024-03-02,2025-05-15,14,334.0,143.0,True,PESOS POTROS 2024.xlsx
Kohunlich,M,2024-03-02,2025-06-15,15,351.0,143.0,True,PESOS POTROS 2024.xlsx
Kohunlich,M,2024-03-02,2025-07-15,16,370.0,144.0,True,PESOS POTROS 2024.xlsx
Kohunlich,M,2024-03-02,2025-08-15,17,382.0,145.0,True,PESOS POTROS 2024.xlsx
Kohunlich,M,2024-03-02,2025-09-15,18,396.0,146.0,True,PESOS POTROS 2024.xlsx
Kohunlich,M,2024-03-02,2025-10-15,19,408.0,147.0,True,PESOS POTROS 2024.xlsx
Kohunlich,M,2024-03-02,2025-11-15,20,407.0,147.0,True,PESOS POTROS 2024.xlsx
Lushia,M,2024-02-13,2024-02-13,0,66.0,,True,PESOS POTROS 2024.xlsx
Lushia,M,2024-02-13,2024-03-15,1,107.0,113.0,True,PESOS POTROS 2024.xlsx
Lushia,M,2024-02-13,2024-04-15,2,135.0,119.0,True,PESOS POTROS 2024.xlsx
Lushia,M,2024-02-13,2024-05-15,3,164.0,124.0,True,PESOS POTROS 2024.xlsx
Lushia,M,2024-02-13,2024-06-15,4,198.0,128.0,True,PESOS POTROS 2024.xlsx
Lushia,M,2024-02-13,2024-07-15,5,223.0,131.0,True,PESOS POTROS 2024.xlsx
Lushia,M,2024-02-13,2024-08-15,6,242.0,133.0,True,PESOS POTROS 2024.xlsx
Lushia,M,2024-02-13,2024-09-15,7,264.0,134.0,True,PESOS POTROS 2024.xlsx
Lushia,M,2024-02-13,2024-10-15,8,282.0,136.0,True,PESOS POTROS 2024.xlsx
Lushia,M,2024-02-13,2024-11-15,9,301.0,138.0,True,PESOS POTROS 2024.xlsx
Lushia,M,2024-02-13,2024-12-15,10,306.0,139.0,True,PESOS POTROS 2024.xlsx
Lushia,M,2024-02-13,2025-01-15,11,307.0,141.0,True,PESOS POTROS 2024.xlsx
Lushia,M,2024-02-13,2025-02-15,12,311.0,143.0,True,PESOS POTROS 2024.xlsx
Lushia,M,2024-02-13,2025-03-15,13,316.0,144.0,True,PESOS POTROS 2024.xlsx
Lushia,M,2024-02-13,2025-04-15,14,338.0,145.0,True,PESOS POTROS 2024.xlsx
Lushia,M,2024-02-13,2025-05-15,15,354.0,148.0,True,PESOS POTROS 2024.xlsx
Lushia,M,2024-02-13,2025-06-15,16,377.0,147.0,True,PESOS POTROS 2024.xlsx
Lushia,M,2024-02-13,2025-07-15,17,402.0,148.0,True,PESOS POTROS 2024.xlsx
Lushia,M,2024-02-13,2025-08-15,18,417.0,149.0,True,PESOS POTROS 2024.xlsx
Lushia,M,2024-02-13,2025-09-15,19,431.0,150.0,True,PESOS POTROS 2024.xlsx
Lushia,M,2024-02-13,2025-10-15,20,434.0,150.0,True,PESOS POTROS 2024.xlsx
Lushia,M,2024-02-13,2025-11-15,21,438.0,153.0,True,PESOS POTROS 2024.xlsx
Mila Race,M,2024-04-03,2024-04-03,0,59.0,,True,PESOS POTROS 2024.xlsx
Mila Race,M,2024-04-03,2024-05-15,1,119.0,114.0,True,PESOS POTROS 2024.xlsx
Mila Race,M,2024-04-03,2024-06-15,2,157.0,120.0,True,PESOS POTROS 2024.xlsx
Mila Race,M,2024-04-03,2024-07-15,3,185.0,124.0,True,PESOS POTROS 2024.xlsx
Mila Race,M,2024-04-03,2024-08-15,4,214.0,127.0,True,PESOS POTROS 2024.xlsx
Mila Race,M,2024-04-03,2024-09-15,5,219.0,130.0,True,PESOS POTROS 2024.xlsx
Mila Race,M,2024-04-03,2024-10-15,6,246.0,131.0,True,PESOS POTROS 2024.xlsx
Mila Race,M,2024-04-03,2024-11-15,7,269.0,132.0,True,PESOS POTROS 2024.xlsx
Mila Race,M,2024-04-03,2024-12-15,8,282.0,133.0,True,PESOS POTROS 2024.xlsx
Mila Race,M,2024-04-03,2025-01-15,9,288.0,135.0,True,PESOS POTROS 2024.xlsx
Mila Race,M,2024-04-03,2025-02-15,10,295.0,137.0,True,PESOS POTROS 2024.xlsx
Mila Race,M,2024-04-03,2025-03-15,11,305.0,139.0,True,PESOS POTROS 2024.xlsx
Mila Race,M,2024-04-03,2025-04-15,12,322.0,141.0,True,PESOS POTROS 2024.xlsx
Mila Race,M,2024-04-03,2025-05-15,13,340.0,143.0,True,PESOS POTROS 2024.xlsx
Mila Race,M,2024-04-03,2025-06-15,14,363.0,144.0,True,PESOS POTROS 2024.xlsx
Mila Race,M,2024-04-03,2025-07-15,15,381.0,144.0,True,PESOS POTROS 2024.xlsx
Mila Race,M,2024-04-03,2025-08-15,16,397.0,146.0,True,PESOS POTROS 2024.xlsx
Mila Race,M,2024-04-03,2025-09-15,17,416.0,147.0,True,PESOS POTROS 2024.xlsx
Mila Race,M,2024-04-03,2025-10-15,18,427.0,148.0,True,PESOS POTROS 2024.xlsx
Mila Race,M,2024-04-03,2025-11-15,19,426.0,148.0,True,PESOS POTROS 2024.xlsx
Strawberry Day,M,2024-01-20,2024-01-20,0,62.0,,True,PESOS POTROS 2024.xlsx
Strawberry Day,M,2024-01-20,2024-02-15,1,110.0,114.0,True,PESOS POTROS 2024.xlsx
Strawberry Day,M,2024-01-20,2024-03-15,2,145.0,120.0,True,PESOS POTROS 2024.xlsx
Strawberry Day,M,2024-01-20,2024-04-15,3,183.0,128.0,True,PESOS POTROS 2024.xlsx
Strawberry Day,M,2024-01-20,2024-05-15,4,209.0,131.0,True,PESOS POTROS 2024.xlsx
Strawberry Day,M,2024-01-20,2024-06-15,5,233.0,134.0,True,PESOS POTROS 2024.xlsx
Strawberry Day,M,2024-01-20,2024-07-15,6,246.0,136.0,True,PESOS POTROS 2024.xlsx
Strawberry Day,M,2024-01-20,2024-08-15,7,266.0,138.0,True,PESOS POTROS 2024.xlsx
Strawberry Day,M,2024-01-20,2024-09-15,8,290.0,140.0,True,PESOS POTROS 2024.xlsx
Strawberry Day,M,2024-01-20,2024-10-15,9,308.0,142.0,True,PESOS POTROS 2024.xlsx
Strawberry Day,M,2024-01-20,2024-11-15,10,322.0,144.0,True,PESOS POTROS 2024.xlsx
Strawberry Day,M,2024-01-20,2024-12-15,11,329.0,144.0,True,PESOS POTROS 2024.xlsx
Strawberry Day,M,2024-01-20,2025-01-15,12,332.0,145.0,True,PESOS POTROS 2024.xlsx
Strawberry Day,M,2024-01-20,2025-02-15,13,335.0,147.0,True,PESOS POTROS 2024.xlsx
Strawberry Day,M,2024-01-20,2025-03-15,14,344.0,148.0,True,PESOS POTROS 2024.xlsx
Strawberry Day,M,2024-01-20,2025-04-15,15,363.0,149.0,True,PESOS POTROS 2024.xlsx
Strawberry Day,M,2024-01-20,2025-05-15,16,379.0,151.0,True,PESOS POTROS 2024.xlsx
Strawberry Day,M,2024-01-20,2025-06-15,17,395.0,152.0,True,PESOS POTROS 2024.xlsx
Strawberry Day,M,2024-01-20,2025-07-15,18,418.0,152.0,True,PESOS POTROS 2024.xlsx
Strawberry Day,M,2024-01-20,2025-08-15,19,430.0,152.0,True,PESOS POTROS 2024.xlsx
Strawberry Day,M,2024-01-20,2025-09-15,20,442.0,153.0,True,PESOS POTROS 2024.xlsx
Strawberry Day,M,2024-01-20,2025-10-15,21,447.0,153.0,True,PESOS POTROS 2024.xlsx
Strawberry Day,M,2024-01-20,2025-11-15,22,460.0,156.0,True,PESOS POTROS 2024.xlsx
Xanadu,M,2024-02-14,2024-02-14,0,51.0,,True,PESOS POTROS 2024.xlsx
Xanadu,M,2024-02-14,2024-03-15,1,90.0,112.0,True,PESOS POTROS 2024.xlsx
Xanadu,M,2024-02-14,2024-04-15,2,119.0,117.0,True,PESOS POTROS 2024.xlsx
Xanadu,M,2024-02-14,2024-05-15,3,150.0,120.0,True,PESOS POTROS 2024.xlsx
Xanadu,M,2024-02-14,2024-06-15,4,185.0,126.0,True,PESOS POTROS 2024.xlsx
Xanadu,M,2024-02-14,2024-07-15,5,203.0,130.0,True,PESOS POTROS 2024.xlsx
Xanadu,M,2024-02-14,2024-08-15,6,227.0,132.0,True,PESOS POTROS 2024.xlsx
Xanadu,M,2024-02-14,2024-09-15,7,251.0,135.0,True,PESOS POTROS 2024.xlsx
Xanadu,M,2024-02-14,2024-10-15,8,271.0,137.0,True,PESOS POTROS 2024.xlsx
Xanadu,M,2024-02-14,2024-11-15,9,290.0,139.0,True,PESOS POTROS 2024.xlsx
Xanadu,M,2024-02-14,2024-12-15,10,298.0,139.0,True,PESOS POTROS 2024.xlsx
Xanadu,M,2024-02-14,2025-01-15,11,300.0,141.0,True,PESOS POTROS 2024.xlsx
Xanadu,M,2024-02-14,2025-02-15,12,306.0,142.0,True,PESOS POTROS 2024.xlsx
Xanadu,M,2024-02-14,2025-03-15,13,311.0,143.0,True,PESOS POTROS 2024.xlsx
Xanadu,M,2024-02-14,2025-04-15,14,332.0,146.0,True,PESOS POTROS 2024.xlsx
Xanadu,M,2024-02-14,2025-05-15,15,349.0,148.0,True,PESOS POTROS 2024.xlsx
Xanadu,M,2024-02-14,2025-06-15,16,366.0,148.0,True,PESOS POTROS 2024.xlsx
Xanadu,M,2024-02-14,2025-07-15,17,394.0,149.0,True,PESOS POTROS 2024.xlsx
Xanadu,M,2024-02-14,2025-08-15,18,407.0,150.0,True,PESOS POTROS 2024.xlsx
Xanadu,M,2024-02-14,2025-09-15,19,422.0,150.0,True,PESOS POTROS 2024.xlsx
Xanadu,M,2024-02-14,2025-10-15,20,422.0,151.0,True,PESOS POTROS 2024.xlsx
Xanadu,M,2024-02-14,2025-11-15,21,425.0,153.0,True,PESOS POTROS 2024.xlsx
Zambuka,M,2024-04-30,2024-04-30,0,58.0,,True,PESOS POTROS 2024.xlsx
Zambuka,M,2024-04-30,2024-06-15,2,103.0,116.0,True,PESOS POTROS 2024.xlsx
Zambuka,M,2024-04-30,2024-08-15,4,172.0,126.0,True,PESOS POTROS 2024.xlsx
Zambuka,M,2024-04-30,2024-09-15,5,196.0,130.0,True,PESOS POTROS 2024.xlsx
Zambuka,M,2024-04-30,2024-11-15,7,229.0,135.0,True,PESOS POTROS 2024.xlsx
Zambuka,M,2024-04-30,2025-01-15,9,262.0,138.0,True,PESOS POTROS 2024.xlsx
Zambuka,M,2024-04-30,2025-02-15,10,279.0,140.0,True,PESOS POTROS 2024.xlsx
Zambuka,M,2024-04-30,2025-04-15,12,308.0,144.0,True,PESOS POTROS 2024.xlsx
Zambuka,M,2024-04-30,2025-06-15,14,346.0,148.0,True,PESOS POTROS 2024.xlsx
Zambuka,M,2024-04-30,2025-08-15,16,390.0,152.0,True,PESOS POTROS 2024.xlsx
Zambuka,M,2024-04-30,2025-09-15,17,416.0,154.0,True,PESOS POTROS 2024.xlsx
Zambuka,M,2024-04-30,2025-11-15,19,433.0,156.0,True,PESOS POTROS 2024.xlsx
Zavaleta,M,2024-02-24,2024-02-24,0,59.0,,True,PESOS POTROS 2024.xlsx
Zavaleta,M,2024-02-24,2024-03-15,1,95.0,110.0,True,PESOS POTROS 2024.xlsx
Zavaleta,M,2024-02-24,2024-04-15,2,141.0,117.0,True,PESOS POTROS 2024.xlsx
Zavaleta,M,2024-02-24,2024-05-15,3,183.0,122.0,True,PESOS POTROS 2024.xlsx
Zavaleta,M,2024-02-24,2024-06-15,4,227.0,128.0,True,PESOS POTROS 2024.xlsx
Zavaleta,M,2024-02-24,2024-07-15,5,258.0,131.0,True,PESOS POTROS 2024.xlsx
Zavaleta,M,2024-02-24,2024-08-15,6,256.0,131.0,True,PESOS POTROS 2024.xlsx
Zavaleta,M,2024-02-24,2024-09-15,7,297.0,133.0,True,PESOS POTROS 2024.xlsx
Zavaleta,M,2024-02-24,2024-10-15,8,318.0,136.0,True,PESOS POTROS 2024.xlsx
Zavaleta,M,2024-02-24,2024-11-15,9,344.0,138.0,True,PESOS POTROS 2024.xlsx
Zavaleta,M,2024-02-24,2024-12-15,10,353.0,139.0,True,PESOS POTROS 2024.xlsx
Zavaleta,M,2024-02-24,2025-01-15,11,353.0,140.0,True,PESOS POTROS 2024.xlsx
Zavaleta,M,2024-02-24,2025-02-15,12,365.0,141.0,True,PESOS POTROS 2024.xlsx
Zavaleta,M,2024-02-24,2025-03-15,13,382.0,143.0,True,PESOS POTROS 2024.xlsx
Zavaleta,M,2024-02-24,2025-04-15,14,405.0,145.0,True,PESOS POTROS 2024.xlsx
Zavaleta,M,2024-02-24,2025-05-15,15,418.0,147.0,True,PESOS POTROS 2024.xlsx
Zavaleta,M,2024-02-24,2025-06-15,16,447.0,147.0,True,PESOS POTROS 2024.xlsx
Zavaleta,M,2024-02-24,2025-07-15,17,476.0,148.0,True,PESOS POTROS 2024.xlsx
Zavaleta,M,2024-02-24,2025-08-15,18,496.0,150.0,True,PESOS POTROS 2024.xlsx
Zavaleta,M,2024-02-24,2025-09-15,19,511.0,150.0,True,PESOS POTROS 2024.xlsx
Zavaleta,M,2024-02-24,2025-10-15,20,516.0,151.0,True,PESOS POTROS 2024.xlsx
Zavaleta,M,2024-02-24,2025-11-15,21,518.0,153.0,True,PESOS POTROS 2024.xlsx
Bellota,H,2025-04-12,2025-04-12,0,69.0,,True,PESOS POTROS 2025.xlsx
Bellota,H,2025-04-12,2025-05-15,1,125.0,116.0,True,PESOS POTROS 2025.xlsx
Bellota,H,2025-04-12,2025-06-15,2,163.0,123.0,True,PESOS POTROS 2025.xlsx
Bellota,H,2025-04-12,2025-07-15,3,196.0,127.0,True,PESOS POTROS 2025.xlsx
Bellota,H,2025-04-12,2025-08-15,4,232.0,132.0,True,PESOS POTROS 2025.xlsx
Bellota,H,2025-04-12,2025-09-15,5,263.0,135.0,True,PESOS POTROS 2025.xlsx
Bellota,H,2025-04-12,2025-10-15,6,294.0,137.0,True,PESOS POTROS 2025.xlsx
Bellota,H,2025-04-12,2025-11-15,7,314.0,139.0,True,PESOS POTROS 2025.xlsx
Bellota,H,2025-04-12,2025-12-15,8,328.0,140.0,True,PESOS POTROS 2025.xlsx
Bellota,H,2025-04-12,2026-01-15,9,329.0,142.0,True,PESOS POTROS 2025.xlsx
Bellota,H,2025-04-12,2026-02-15,10,342.0,144.0,True,PESOS POTROS 2025.xlsx
Daisy,H,2025-01-05,2025-01-05,0,55.0,,True,PESOS POTROS 2025.xlsx
Daisy,H,2025-01-05,2025-02-15,1,110.0,111.0,True,PESOS POTROS 2025.xlsx
Daisy,H,2025-01-05,2025-03-15,2,137.0,116.0,True,PESOS POTROS 2025.xlsx
Daisy,H,2025-01-05,2025-04-15,3,179.0,123.0,True,PESOS POTROS 2025.xlsx
Daisy,H,2025-01-05,2025-05-15,4,202.0,126.0,True,PESOS POTROS 2025.xlsx
Daisy,H,2025-01-05,2025-06-15,5,232.0,130.0,True,PESOS POTROS 2025.xlsx
Daisy,H,2025-01-05,2025-07-15,6,249.0,132.0,True,PESOS POTROS 2025.xlsx
Daisy,H,2025-01-05,2025-08-15,7,259.0,132.0,True,PESOS POTROS 2025.xlsx
Daisy,H,2025-01-05,2025-09-15,8,282.0,135.0,True,PESOS POTROS 2025.xlsx
Daisy,H,2025-01-05,2025-10-15,9,301.0,137.0,True,PESOS POTROS 2025.xlsx
Daisy,H,2025-01-05,2025-11-15,10,320.0,138.0,True,PESOS POTROS 2025.xlsx
Daisy,H,2025-01-05,2025-12-15,11,335.0,139.0,True,PESOS POTROS 2025.xlsx
Daisy,H,2025-01-05,2026-01-15,12,324.0,141.0,True,PESOS POTROS 2025.xlsx
Daisy,H,2025-01-05,2026-02-15,13,326.0,142.0,True,PESOS POTROS 2025.xlsx
Feris,H,2025-04-02,2025-04-02,0,60.0,,True,PESOS POTROS 2025.xlsx
Feris,H,2025-04-02,2025-05-15,1,118.0,114.0,True,PESOS POTROS 2025.xlsx
Feris,H,2025-04-02,2025-06-15,2,157.0,122.0,True,PESOS POTROS 2025.xlsx
Feris,H,2025-04-02,2025-07-15,3,186.0,125.0,True,PESOS POTROS 2025.xlsx
Feris,H,2025-04-02,2025-08-15,4,216.0,129.0,True,PESOS POTROS 2025.xlsx
Feris,H,2025-04-02,2025-09-15,5,237.0,134.0,True,PESOS POTROS 2025.xlsx
Feris,H,2025-04-02,2025-10-15,6,262.0,135.0,True,PESOS POTROS 2025.xlsx
Feris,H,2025-04-02,2025-11-15,7,281.0,137.0,True,PESOS POTROS 2025.xlsx
Feris,H,2025-04-02,2025-12-15,8,296.0,138.0,True,PESOS POTROS 2025.xlsx
Feris,H,2025-04-02,2026-01-15,9,304.0,139.0,True,PESOS POTROS 2025.xlsx
Feris,H,2025-04-02,2026-02-15,10,312.0,142.0,True,PESOS POTROS 2025.xlsx
Fofi,H,2025-04-26,2025-04-26,0,61.0,,True,PESOS POTROS 2025.xlsx
Fofi,H,2025-04-26,2025-05-15,1,93.0,110.0,True,PESOS POTROS 2025.xlsx
Fofi,H,2025-04-26,2025-06-15,2,128.0,116.0,True,PESOS POTROS 2025.xlsx
Fofi,H,2025-04-26,2025-07-15,3,156.0,119.0,True,PESOS POTROS 2025.xlsx
Fofi,H,2025-04-26,2025-08-15,4,190.0,125.0,True,PESOS POTROS 2025.xlsx
Fofi,H,2025-04-26,2025-09-15,5,232.0,128.0,True,PESOS POTROS 2025.xlsx
Fofi,H,2025-04-26,2025-10-15,6,242.0,131.0,True,PESOS POTROS 2025.xlsx
Fofi,H,2025-04-26,2025-11-15,7,258.0,132.0,True,PESOS POTROS 2025.xlsx
Fofi,H,2025-04-26,2025-12-15,8,269.0,133.0,True,PESOS POTROS 2025.xlsx
Fofi,H,2025-04-26,2026-01-15,9,273.0,134.0,True,PESOS POTROS 2025.xlsx
Fofi,H,2025-04-26,2026-02-15,10,288.0,137.0,True,PESOS POTROS 2025.xlsx
Ginette,H,2025-01-26,2025-01-26,0,58.0,,True,PESOS POTROS 2025.xlsx
Ginette,H,2025-01-26,2025-02-15,1,86.0,105.0,True,PESOS POTROS 2025.xlsx
Ginette,H,2025-01-26,2025-03-15,2,121.0,114.0,True,PESOS POTROS 2025.xlsx
Ginette,H,2025-01-26,2025-04-15,3,163.0,120.0,True,PESOS POTROS 2025.xlsx
Ginette,H,2025-01-26,2025-05-15,4,205.0,124.0,True,PESOS POTROS 2025.xlsx
Ginette,H,2025-01-26,2025-06-15,5,236.0,128.0,True,PESOS POTROS 2025.xlsx
Ginette,H,2025-01-26,2025-07-15,6,256.0,130.0,True,PESOS POTROS 2025.xlsx
Ginette,H,2025-01-26,2025-08-15,7,266.0,132.0,True,PESOS POTROS 2025.xlsx
Ginette,H,2025-01-26,2025-09-15,8,292.0,135.0,True,PESOS POTROS 2025.xlsx
Ginette,H,2025-01-26,2025-10-15,9,315.0,135.0,True,PESOS POTROS 2025.xlsx
Ginette,H,2025-01-26,2025-11-15,10,327.0,137.0,True,PESOS POTROS 2025.xlsx
Ginette,H,2025-01-26,2025-12-15,11,338.0,139.0,True,PESOS POTROS 2025.xlsx
Ginette,H,2025-01-26,2026-01-15,12,344.0,141.0,True,PESOS POTROS 2025.xlsx
Ginette,H,2025-01-26,2026-02-15,13,337.0,142.0,True,PESOS POTROS 2025.xlsx
Giovannina,H,2025-01-23,2025-01-23,0,63.0,,True,PESOS POTROS 2025.xlsx
Giovannina,H,2025-01-23,2025-02-15,1,105.0,113.0,True,PESOS POTROS 2025.xlsx
Giovannina,H,2025-01-23,2025-03-15,2,141.0,119.0,True,PESOS POTROS 2025.xlsx
Giovannina,H,2025-01-23,2025-04-15,3,187.0,127.0,True,PESOS POTROS 2025.xlsx
Giovannina,H,2025-01-23,2025-05-15,4,219.0,131.0,True,PESOS POTROS 2025.xlsx
Giovannina,H,2025-01-23,2025-06-15,5,235.0,134.0,True,PESOS POTROS 2025.xlsx
Giovannina,H,2025-01-23,2025-07-15,6,257.0,136.0,True,PESOS POTROS 2025.xlsx
Giovannina,H,2025-01-23,2025-08-15,7,267.0,136.0,True,PESOS POTROS 2025.xlsx
Giovannina,H,2025-01-23,2025-09-15,8,300.0,140.0,True,PESOS POTROS 2025.xlsx
Giovannina,H,2025-01-23,2025-10-15,9,323.0,140.0,True,PESOS POTROS 2025.xlsx
Giovannina,H,2025-01-23,2025-11-15,10,328.0,143.0,True,PESOS POTROS 2025.xlsx
Giovannina,H,2025-01-23,2025-12-15,11,354.0,143.0,True,PESOS POTROS 2025.xlsx
Giovannina,H,2025-01-23,2026-01-15,12,358.0,146.0,True,PESOS POTROS 2025.xlsx
Giovannina,H,2025-01-23,2026-02-15,13,353.0,147.0,True,PESOS POTROS 2025.xlsx
Hanka,H,2025-04-07,2025-04-07,0,58.0,,True,PESOS POTROS 2025.xlsx
Hanka,H,2025-04-07,2025-05-15,1,111.0,116.0,True,PESOS POTROS 2025.xlsx
Hanka,H,2025-04-07,2025-06-15,2,150.0,122.0,True,PESOS POTROS 2025.xlsx
Hanka,H,2025-04-07,2025-07-15,3,180.0,126.0,True,PESOS POTROS 2025.xlsx
Hanka,H,2025-04-07,2025-08-15,4,212.0,131.0,True,PESOS POTROS 2025.xlsx
Hanka,H,2025-04-07,2025-09-15,5,236.0,135.0,True,PESOS POTROS 2025.xlsx
Hanka,H,2025-04-07,2025-10-15,6,261.0,136.0,True,PESOS POTROS 2025.xlsx
Hanka,H,2025-04-07,2025-11-15,7,283.0,138.0,True,PESOS POTROS 2025.xlsx
Hanka,H,2025-04-07,2025-12-15,8,297.0,140.0,True,PESOS POTROS 2025.xlsx
Hanka,H,2025-04-07,2026-01-15,9,299.0,140.0,True,PESOS POTROS 2025.xlsx
Hanka,H,2025-04-07,2026-02-15,10,313.0,144.0,True,PESOS POTROS 2025.xlsx
Harriet,H,2025-01-02,2025-01-02,0,53.0,,True,PESOS POTROS 2025.xlsx
Harriet,H,2025-01-02,2025-02-15,1,120.0,112.0,True,PESOS POTROS 2025.xlsx
Harriet,H,2025-01-02,2025-03-15,2,149.0,117.0,True,PESOS POTROS 2025.xlsx
Harriet,H,2025-01-02,2025-04-15,3,194.0,125.0,True,PESOS POTROS 2025.xlsx
Harriet,H,2025-01-02,2025-05-15,4,223.0,128.0,True,PESOS POTROS 2025.xlsx
Harriet,H,2025-01-02,2025-06-15,5,261.0,129.0,True,PESOS POTROS 2025.xlsx
Harriet,H,2025-01-02,2025-07-15,6,278.0,133.0,True,PESOS POTROS 2025.xlsx
Harriet,H,2025-01-02,2025-08-15,7,292.0,134.0,True,PESOS POTROS 2025.xlsx
Harriet,H,2025-01-02,2025-09-15,8,323.0,137.0,True,PESOS POTROS 2025.xlsx
Harriet,H,2025-01-02,2025-10-15,9,350.0,138.0,True,PESOS POTROS 2025.xlsx
Harriet,H,2025-01-02,2025-11-15,10,369.0,141.0,True,PESOS POTROS 2025.xlsx
Harriet,H,2025-01-02,2025-12-15,11,381.0,141.0,True,PESOS POTROS 2025.xlsx
Harriet,H,2025-01-02,2026-01-15,12,373.0,143.0,True,PESOS POTROS 2025.xlsx
Harriet,H,2025-01-02,2026-02-15,13,377.0,144.0,True,PESOS POTROS 2025.xlsx
Harrods,H,2025-04-16,2025-04-16,0,59.0,,True,PESOS POTROS 2025.xlsx
Harrods,H,2025-04-16,2025-05-15,1,108.0,112.0,True,PESOS POTROS 2025.xlsx
Harrods,H,2025-04-16,2025-06-15,2,148.0,121.0,True,PESOS POTROS 2025.xlsx
Harrods,H,2025-04-16,2025-07-15,3,184.0,126.0,True,PESOS POTROS 2025.xlsx
Harrods,H,2025-04-16,2025-08-15,4,217.0,130.0,True,PESOS POTROS 2025.xlsx
Harrods,H,2025-04-16,2025-09-15,5,250.0,133.0,True,PESOS POTROS 2025.xlsx
Harrods,H,2025-04-16,2025-10-15,6,260.0,135.0,True,PESOS POTROS 2025.xlsx
Harrods,H,2025-04-16,2025-11-15,7,286.0,138.0,True,PESOS POTROS 2025.xlsx
Harrods,H,2025-04-16,2025-12-15,8,302.0,139.0,True,PESOS POTROS 2025.xlsx
Harrods,H,2025-04-16,2026-01-15,9,307.0,141.0,True,PESOS POTROS 2025.xlsx
Harrods,H,2025-04-16,2026-02-15,10,321.0,144.0,True,PESOS POTROS 2025.xlsx
Jalmolonga,H,2025-02-02,2025-02-02,0,56.0,,True,PESOS POTROS 2025.xlsx
Jalmolonga,H,2025-02-02,2025-03-15,1,102.0,108.0,True,PESOS POTROS 2025.xlsx
Jalmolonga,H,2025-02-02,2025-04-15,2,137.0,115.0,True,PESOS POTROS 2025.xlsx
Jalmolonga,H,2025-02-02,2025-05-15,3,172.0,119.0,True,PESOS POTROS 2025.xlsx
Jalmolonga,H,2025-02-02,2025-06-15,4,200.0,123.0,True,PESOS POTROS 2025.xlsx
Jalmolonga,H,2025-02-02,2025-07-15,5,216.0,125.0,True,PESOS POTROS 2025.xlsx
Jalmolonga,H,2025-02-02,2025-08-15,6,229.0,126.0,True,PESOS POTROS 2025.xlsx
Jalmolonga,H,2025-02-02,2025-09-15,7,252.0,128.0,True,PESOS POTROS 2025.xlsx
Jalmolonga,H,2025-02-02,2025-10-15,8,271.0,129.0,True,PESOS POTROS 2025.xlsx
Jalmolonga,H,2025-02-02,2025-11-15,9,273.0,131.0,True,PESOS POTROS 2025.xlsx
Jalmolonga,H,2025-02-02,2025-12-15,10,285.0,132.0,True,PESOS POTROS 2025.xlsx
Jalmolonga,H,2025-02-02,2026-01-15,11,290.0,134.0,True,PESOS POTROS 2025.xlsx
Jalmolonga,H,2025-02-02,2026-02-15,12,281.0,135.0,True,PESOS POTROS 2025.xlsx
Jatsa Pretty,H,2025-01-18,2025-01-18,0,60.0,,True,PESOS POTROS 2025.xlsx
Jatsa Pretty,H,2025-01-18,2025-02-15,1,104.0,111.0,True,PESOS POTROS 2025.xlsx
Jatsa Pretty,H,2025-01-18,2025-03-15,2,135.0,117.0,True,PESOS POTROS 2025.xlsx
Jatsa Pretty,H,2025-01-18,2025-04-15,3,182.0,123.0,True,PESOS POTROS 2025.xlsx
Jatsa Pretty,H,2025-01-18,2025-05-15,4,212.0,126.0,True,PESOS POTROS 2025.xlsx
Jatsa Pretty,H,2025-01-18,2025-06-15,5,244.0,130.0,True,PESOS POTROS 2025.xlsx
Jatsa Pretty,H,2025-01-18,2025-07-15,6,260.0,132.0,True,PESOS POTROS 2025.xlsx
Jatsa Pretty,H,2025-01-18,2025-08-15,7,268.0,133.0,True,PESOS POTROS 2025.xlsx
Jatsa Pretty,H,2025-01-18,2025-09-15,8,296.0,136.0,True,PESOS POTROS 2025.xlsx
Jatsa Pretty,H,2025-01-18,2025-10-15,9,318.0,137.0,True,PESOS POTROS 2025.xlsx
Jatsa Pretty,H,2025-01-18,2025-11-15,10,338.0,139.0,True,PESOS POTROS 2025.xlsx
Jatsa Pretty,H,2025-01-18,2025-12-15,11,355.0,140.0,True,PESOS POTROS 2025.xlsx
Jatsa Pretty,H,2025-01-18,2026-01-15,12,358.0,142.0,True,PESOS POTROS 2025.xlsx
Jatsa Pretty,H,2025-01-18,2026-02-15,13,344.0,143.0,True,PESOS POTROS 2025.xlsx
Lushia,H,2025-02-17,2025-02-17,0,61.0,,True,PESOS POTROS 2025.xlsx
Lushia,H,2025-02-17,2025-03-15,1,95.0,108.0,True,PESOS POTROS 2025.xlsx
Lushia,H,2025-02-17,2025-04-15,2,132.0,118.0,True,PESOS POTROS 2025.xlsx
Lushia,H,2025-02-17,2025-05-15,3,159.0,123.0,True,PESOS POTROS 2025.xlsx
Lushia,H,2025-02-17,2025-06-15,4,190.0,126.0,True,PESOS POTROS 2025.xlsx
Lushia,H,2025-02-17,2025-07-15,5,214.0,129.0,True,PESOS POTROS 2025.xlsx
Lushia,H,2025-02-17,2025-08-15,6,217.0,131.0,True,PESOS POTROS 2025.xlsx
Lushia,H,2025-02-17,2025-09-15,7,251.0,133.0,True,PESOS POTROS 2025.xlsx
Lushia,H,2025-02-17,2025-10-15,8,266.0,135.0,True,PESOS POTROS 2025.xlsx
Lushia,H,2025-02-17,2025-11-15,9,288.0,137.0,True,PESOS POTROS 2025.xlsx
Lushia,H,2025-02-17,2025-12-15,10,295.0,137.0,True,PESOS POTROS 2025.xlsx
Lushia,H,2025-02-17,2026-01-15,11,296.0,139.0,True,PESOS POTROS 2025.xlsx
Lushia,H,2025-02-17,2026-02-15,12,311.0,142.0,True,PESOS POTROS 2025.xlsx
Sevillana Again,H,2025-04-10,2025-04-10,0,53.0,,True,PESOS POTROS 2025.xlsx
Sevillana Again,H,2025-04-10,2025-05-15,1,105.0,112.0,True,PESOS POTROS 2025.xlsx
Sevillana Again,H,2025-04-10,2025-06-15,2,140.0,120.0,True,PESOS POTROS 2025.xlsx
Sevillana Again,H,2025-04-10,2025-07-15,3,162.0,122.0,True,PESOS POTROS 2025.xlsx
Sevillana Again,H,2025-04-10,2025-08-15,4,193.0,126.0,True,PESOS POTROS 2025.xlsx
Sevillana Again,H,2025-04-10,2025-09-15,5,215.0,130.0,True,PESOS POTROS 2025.xlsx
Sevillana Again,H,2025-04-10,2025-10-15,6,242.0,132.0,True,PESOS POTROS 2025.xlsx
Sevillana Again,H,2025-04-10,2025-11-15,7,260.0,134.0,True,PESOS POTROS 2025.xlsx
Sevillana Again,H,2025-04-10,2025-12-15,8,272.0,135.0,True,PESOS POTROS 2025.xlsx
Sevillana Again,H,2025-04-10,2026-01-15,9,275.0,137.0,True,PESOS POTROS 2025.xlsx
Sevillana Again,H,2025-04-10,2026-02-15,10,281.0,139.0,True,PESOS POTROS 2025.xlsx
Spyin Feelin,H,2025-02-04,2025-02-04,0,62.0,,True,PESOS POTROS 2025.xlsx
Spyin Feelin,H,2025-02-04,2025-03-15,1,117.0,114.0,True,PESOS POTROS 2025.xlsx
Spyin Feelin,H,2025-02-04,2025-04-15,2,158.0,123.0,True,PESOS POTROS 2025.xlsx
Spyin Feelin,H,2025-02-04,2025-05-15,3,198.0,126.0,True,PESOS POTROS 2025.xlsx
Spyin Feelin,H,2025-02-04,2025-06-15,4,236.0,130.0,True,PESOS POTROS 2025.xlsx
Spyin Feelin,H,2025-02-04,2025-07-15,5,252.0,133.0,True,PESOS POTROS 2025.xlsx
Spyin Feelin,H,2025-02-04,2025-08-15,6,273.0,134.0,True,PESOS POTROS 2025.xlsx
Spyin Feelin,H,2025-02-04,2025-09-15,7,305.0,137.0,True,PESOS POTROS 2025.xlsx
Spyin Feelin,H,2025-02-04,2025-10-15,8,330.0,138.0,True,PESOS POTROS 2025.xlsx
Spyin Feelin,H,2025-02-04,2025-11-15,9,346.0,141.0,True,PESOS POTROS 2025.xlsx
Spyin Feelin,H,2025-02-04,2025-12-15,10,364.0,142.0,True,PESOS POTROS 2025.xlsx
Spyin Feelin,H,2025-02-04,2026-01-15,11,371.0,144.0,True,PESOS POTROS 2025.xlsx
Spyin Feelin,H,2025-02-04,2026-02-15,12,375.0,146.0,True,PESOS POTROS 2025.xlsx
Dragonberry,M,2025-02-27,2025-02-27,0,65.0,,True,PESOS POTROS 2025.xlsx
Dragonberry,M,2025-02-27,2025-03-15,1,96.0,108.0,True,PESOS POTROS 2025.xlsx
Dragonberry,M,2025-02-27,2025-04-15,2,134.0,117.0,True,PESOS POTROS 2025.xlsx
Dragonberry,M,2025-02-27,2025-05-15,3,166.0,122.0,True,PESOS POTROS 2025.xlsx
Dragonberry,M,2025-02-27,2025-06-15,4,206.0,128.0,True,PESOS POTROS 2025.xlsx
Dragonberry,M,2025-02-27,2025-07-15,5,229.0,131.0,True,PESOS POTROS 2025.xlsx
Dragonberry,M,2025-02-27,2025-08-15,6,237.0,134.0,True,PESOS POTROS 2025.xlsx
Dragonberry,M,2025-02-27,2025-09-15,7,277.0,136.0,True,PESOS POTROS 2025.xlsx
Dragonberry,M,2025-02-27,2025-10-15,8,303.0,138.0,True,PESOS POTROS 2025.xlsx
Dragonberry,M,2025-02-27,2025-11-15,9,324.0,140.0,True,PESOS POTROS 2025.xlsx
Dragonberry,M,2025-02-27,2025-12-15,10,335.0,140.0,True,PESOS POTROS 2025.xlsx
Dragonberry,M,2025-02-27,2026-01-15,11,352.0,143.0,True,PESOS POTROS 2025.xlsx
Dragonberry,M,2025-02-27,2026-02-15,12,378.0,145.0,True,PESOS POTROS 2025.xlsx
Hoshi,M,2025-01-19,2025-01-19,0,45.0,,True,PESOS POTROS 2025.xlsx
Hoshi,M,2025-01-19,2025-02-15,1,76.0,101.0,True,PESOS POTROS 2025.xlsx
Hoshi,M,2025-01-19,2025-03-15,2,102.0,112.0,True,PESOS POTROS 2025.xlsx
Hoshi,M,2025-01-19,2025-04-15,3,142.0,118.0,True,PESOS POTROS 2025.xlsx
Hoshi,M,2025-01-19,2025-05-15,4,168.0,122.0,True,PESOS POTROS 2025.xlsx
Hoshi,M,2025-01-19,2025-06-15,5,195.0,127.0,True,PESOS POTROS 2025.xlsx
Hoshi,M,2025-01-19,2025-07-15,6,218.0,129.0,True,PESOS POTROS 2025.xlsx
Hoshi,M,2025-01-19,2025-08-15,7,237.0,130.0,True,PESOS POTROS 2025.xlsx
Hoshi,M,2025-01-19,2025-09-15,8,266.0,133.0,True,PESOS POTROS 2025.xlsx
Hoshi,M,2025-01-19,2025-10-15,9,291.0,135.0,True,PESOS POTROS 2025.xlsx
Hoshi,M,2025-01-19,2025-11-15,10,310.0,138.0,True,PESOS POTROS 2025.xlsx
Hoshi,M,2025-01-19,2025-12-15,11,327.0,139.0,True,PESOS POTROS 2025.xlsx
Hoshi,M,2025-01-19,2026-01-15,12,329.0,140.0,True,PESOS POTROS 2025.xlsx
Hoshi,M,2025-01-19,2026-02-15,13,334.0,142.0,True,PESOS POTROS 2025.xlsx
Ice Ice Baby,M,2025-01-28,2025-01-28,0,41.0,,True,PESOS POTROS 2025.xlsx
Ice Ice Baby,M,2025-01-28,2025-02-15,1,64.0,100.0,True,PESOS POTROS 2025.xlsx
Ice Ice Baby,M,2025-01-28,2025-04-15,3,121.0,114.0,True,PESOS POTROS 2025.xlsx
Ice Ice Baby,M,2025-01-28,2025-05-15,4,154.0,119.0,True,PESOS POTROS 2025.xlsx
Ice Ice Baby,M,2025-01-28,2025-06-15,5,179.0,123.0,True,PESOS POTROS 2025.xlsx
Ice Ice Baby,M,2025-01-28,2025-07-15,6,193.0,125.0,True,PESOS POTROS 2025.xlsx
Ice Ice Baby,M,2025-01-28,2025-08-15,7,213.0,126.0,True,PESOS POTROS 2025.xlsx
Ice Ice Baby,M,2025-01-28,2025-09-15,8,244.0,129.0,True,PESOS POTROS 2025.xlsx
Ice Ice Baby,M,2025-01-28,2025-10-15,9,270.0,131.0,True,PESOS POTROS 2025.xlsx
Ice Ice Baby,M,2025-01-28,2025-11-15,10,282.0,135.0,True,PESOS POTROS 2025.xlsx
Ice Ice Baby,M,2025-01-28,2025-12-15,11,300.0,135.0,True,PESOS POTROS 2025.xlsx
Ice Ice Baby,M,2025-01-28,2026-01-15,12,305.0,138.0,True,PESOS POTROS 2025.xlsx
Ice Ice Baby,M,2025-01-28,2026-02-15,13,315.0,140.0,True,PESOS POTROS 2025.xlsx
Jannina,M,2025-01-27,2025-01-27,0,51.0,,True,PESOS POTROS 2025.xlsx
Jannina,M,2025-01-27,2025-02-15,1,82.0,107.0,True,PESOS POTROS 2025.xlsx
Jannina,M,2025-01-27,2025-03-15,2,118.0,116.0,True,PESOS POTROS 2025.xlsx
Jannina,M,2025-01-27,2025-04-15,3,153.0,124.0,True,PESOS POTROS 2025.xlsx
Jannina,M,2025-01-27,2025-05-15,4,185.0,128.0,True,PESOS POTROS 2025.xlsx
Jannina,M,2025-01-27,2025-06-15,5,221.0,132.0,True,PESOS POTROS 2025.xlsx
Jannina,M,2025-01-27,2025-07-15,6,240.0,135.0,True,PESOS POTROS 2025.xlsx
Jannina,M,2025-01-27,2025-08-15,7,262.0,137.0,True,PESOS POTROS 2025.xlsx
Jannina,M,2025-01-27,2025-09-15,8,294.0,139.0,True,PESOS POTROS 2025.xlsx
Jannina,M,2025-01-27,2025-10-15,9,311.0,140.0,True,PESOS POTROS 2025.xlsx
Jannina,M,2025-01-27,2025-11-15,10,328.0,142.0,True,PESOS POTROS 2025.xlsx
Jannina,M,2025-01-27,2025-12-15,11,345.0,144.0,True,PESOS POTROS 2025.xlsx
Jannina,M,2025-01-27,2026-01-15,12,347.0,146.0,True,PESOS POTROS 2025.xlsx
Jannina,M,2025-01-27,2026-02-15,13,358.0,147.0,True,PESOS POTROS 2025.xlsx
Katrina,M,2025-02-02,2025-02-02,0,51.0,,True,PESOS POTROS 2025.xlsx
Katrina,M,2025-02-02,2025-03-15,1,98.0,110.0,True,PESOS POTROS 2025.xlsx
Katrina,M,2025-02-02,2025-04-15,2,130.0,119.0,True,PESOS POTROS 2025.xlsx
Katrina,M,2025-02-02,2025-05-15,3,158.0,122.0,True,PESOS POTROS 2025.xlsx
Katrina,M,2025-02-02,2025-06-15,4,188.0,126.0,True,PESOS POTROS 2025.xlsx
Katrina,M,2025-02-02,2025-07-15,5,208.0,130.0,True,PESOS POTROS 2025.xlsx
Katrina,M,2025-02-02,2025-08-15,6,231.0,131.0,True,PESOS POTROS 2025.xlsx
Katrina,M,2025-02-02,2025-09-15,7,250.0,134.0,True,PESOS POTROS 2025.xlsx
Katrina,M,2025-02-02,2025-10-15,8,280.0,135.0,True,PESOS POTROS 2025.xlsx
Katrina,M,2025-02-02,2025-11-15,9,291.0,138.0,True,PESOS POTROS 2025.xlsx
Katrina,M,2025-02-02,2025-12-15,10,311.0,140.0,True,PESOS POTROS 2025.xlsx
Katrina,M,2025-02-02,2026-01-15,11,313.0,141.0,True,PESOS POTROS 2025.xlsx
Katrina,M,2025-02-02,2026-02-15,12,320.0,143.0,True,PESOS POTROS 2025.xlsx
Mila Race,M,2025-04-24,2025-04-24,0,61.0,,True,PESOS POTROS 2025.xlsx
Mila Race,M,2025-04-24,2025-05-15,1,98.0,108.0,True,PESOS POTROS 2025.xlsx
Mila Race,M,2025-04-24,2025-06-15,2,135.0,115.0,True,PESOS POTROS 2025.xlsx
Mila Race,M,2025-04-24,2025-07-15,3,170.0,121.0,True,PESOS POTROS 2025.xlsx
Mila Race,M,2025-04-24,2025-08-15,4,190.0,126.0,True,PESOS POTROS 2025.xlsx
Mila Race,M,2025-04-24,2025-09-15,5,206.0,128.0,True,PESOS POTROS 2025.xlsx
Mila Race,M,2025-04-24,2025-10-15,6,220.0,129.0,True,PESOS POTROS 2025.xlsx
Mila Race,M,2025-04-24,2025-11-15,7,242.0,131.0,True,PESOS POTROS 2025.xlsx
Mila Race,M,2025-04-24,2025-12-15,8,266.0,133.0,True,PESOS POTROS 2025.xlsx
Mila Race,M,2025-04-24,2026-01-15,9,290.0,135.0,True,PESOS POTROS 2025.xlsx
Mila Race,M,2025-04-24,2026-02-15,10,314.0,137.0,True,PESOS POTROS 2025.xlsx
Strawberry Day,M,2025-01-20,2025-01-20,0,56.0,,True,PESOS POTROS 2025.xlsx
Strawberry Day,M,2025-01-20,2025-02-15,1,99.0,110.0,True,PESOS POTROS 2025.xlsx
Strawberry Day,M,2025-01-20,2025-03-15,2,131.0,115.0,True,PESOS POTROS 2025.xlsx
Strawberry Day,M,2025-01-20,2025-04-15,3,173.0,123.0,True,PESOS POTROS 2025.xlsx
Strawberry Day,M,2025-01-20,2025-05-15,4,200.0,127.0,True,PESOS POTROS 2025.xlsx
Strawberry Day,M,2025-01-20,2025-06-15,5,223.0,132.0,True,PESOS POTROS 2025.xlsx
Strawberry Day,M,2025-01-20,2025-07-15,6,244.0,133.0,True,PESOS POTROS 2025.xlsx
Strawberry Day,M,2025-01-20,2025-08-15,7,258.0,134.0,True,PESOS POTROS 2025.xlsx
Strawberry Day,M,2025-01-20,2025-09-15,8,285.0,136.0,True,PESOS POTROS 2025.xlsx
Strawberry Day,M,2025-01-20,2025-10-15,9,306.0,137.0,True,PESOS POTROS 2025.xlsx
Strawberry Day,M,2025-01-20,2025-11-15,10,325.0,140.0,True,PESOS POTROS 2025.xlsx
Strawberry Day,M,2025-01-20,2025-12-15,11,335.0,142.0,True,PESOS POTROS 2025.xlsx
Strawberry Day,M,2025-01-20,2026-01-15,12,339.0,144.0,True,PESOS POTROS 2025.xlsx
Strawberry Day,M,2025-01-20,2026-02-15,13,346.0,145.0,True,PESOS POTROS 2025.xlsx
Zambuka,M,2025-05-15,2025-05-15,0,56.0,,True,PESOS POTROS 2025.xlsx
Zambuka,M,2025-05-15,2025-06-15,1,83.0,107.0,True,PESOS POTROS 2025.xlsx
Zambuka,M,2025-05-15,2025-07-15,2,111.0,114.0,True,PESOS POTROS 2025.xlsx
Zambuka,M,2025-05-15,2025-08-15,3,143.0,120.0,True,PESOS POTROS 2025.xlsx
Zambuka,M,2025-05-15,2025-09-15,4,169.0,123.0,True,PESOS POTROS 2025.xlsx
Zambuka,M,2025-05-15,2025-10-15,5,190.0,125.0,True,PESOS POTROS 2025.xlsx
Zambuka,M,2025-05-15,2025-11-15,6,203.0,129.0,True,PESOS POTROS 2025.xlsx
Zambuka,M,2025-05-15,2025-12-15,7,221.0,131.0,True,PESOS POTROS 2025.xlsx
Zambuka,M,2025-05-15,2026-01-15,8,241.0,133.0,True,PESOS POTROS 2025.xlsx
Zambuka,M,2025-05-15,2026-02-15,9,266.0,135.0,True,PESOS POTROS 2025.xlsx
